day,fuel,mean_price,n_stations
2025-01-01,E10,1.7449,27
2025-01-02,E10,1.7517,47
2025-01-03,E10,1.7612,52
2025-01-04,E10,1.7665,53
2025-01-05,E10,1.7665,53
2025-01-06,E10,1.7692,58
2025-01-07,E10,1.7714,61
2025-01-08,E10,1.7733,62
2025-01-09,E10,1.773,63
2025-01-10,E10,1.772,64
2025-01-11,E10,1.7741,65
2025-01-12,E10,1.774,65
2025-01-13,E10,1.776,65
2025-01-14,E10,1.781,66
2025-01-15,E10,1.7866,67
2025-01-16,E10,1.7912,67
2025-01-17,E10,1.7961,67
2025-01-18,E10,1.7996,67
2025-01-19,E10,1.7996,67
2025-01-20,E10,1.8005,67
2025-01-21,E10,1.8032,67
2025-01-22,E10,1.8026,67
2025-01-23,E10,1.8019,67
2025-01-24,E10,1.7978,67
2025-01-25,E10,1.7969,67
2025-01-26,E10,1.7969,67
2025-01-27,E10,1.7959,67
2025-01-28,E10,1.7918,67
2025-01-29,E10,1.7886,67
2025-01-30,E10,1.7835,67
2025-01-31,E10,1.7813,67
2025-02-01,E10,1.7813,67
2025-02-02,E10,1.7813,67
2025-02-03,E10,1.7819,67
2025-02-04,E10,1.7829,67
2025-02-05,E10,1.7836,67
2025-02-06,E10,1.7846,67
2025-02-07,E10,1.7812,67
2025-02-08,E10,1.7817,67
2025-02-09,E10,1.7817,67
2025-02-10,E10,1.7821,67
2025-02-11,E10,1.7845,67
2025-02-12,E10,1.7893,67
2025-02-13,E10,1.7919,67
2025-02-14,E10,1.787,67
2025-02-15,E10,1.7858,67
2025-02-16,E10,1.7858,67
2025-02-17,E10,1.7852,67
2025-02-18,E10,1.7829,67
2025-02-19,E10,1.7821,67
2025-02-20,E10,1.7815,67
2025-02-21,E10,1.7671,67
2025-02-22,E10,1.7722,67
2025-02-23,E10,1.7751,67
2025-02-24,E10,1.7765,67
2025-02-25,E10,1.7737,67
2025-02-26,E10,1.7719,67
2025-02-27,E10,1.7684,67
2025-02-28,E10,1.7608,67
2025-03-01,E10,1.7584,67
2025-03-02,E10,1.7584,67
2025-03-03,E10,1.7568,67
2025-03-04,E10,1.7548,67
2025-03-05,E10,1.7514,67
2025-03-06,E10,1.7451,67
2025-03-07,E10,1.7324,67
2025-03-08,E10,1.7275,67
2025-03-09,E10,1.7267,67
2025-03-10,E10,1.7203,67
2025-03-11,E10,1.7126,67
2025-03-12,E10,1.7099,67
2025-03-13,E10,1.7091,67
2025-03-14,E10,1.7109,67
2025-03-15,E10,1.7121,67
2025-03-16,E10,1.7121,67
2025-03-17,E10,1.7124,67
2025-03-18,E10,1.7141,67
2025-03-19,E10,1.7152,67
2025-03-20,E10,1.7155,67
2025-03-21,E10,1.7169,67
2025-03-22,E10,1.7193,67
2025-03-23,E10,1.7193,67
2025-03-24,E10,1.7202,67
2025-03-25,E10,1.7238,67
2025-03-26,E10,1.7282,67
2025-03-27,E10,1.7316,67
2025-03-28,E10,1.7339,67
2025-03-29,E10,1.7371,67
2025-03-30,E10,1.7374,67
2025-03-31,E10,1.7383,67
2025-04-01,E10,1.7395,67
2025-04-02,E10,1.7417,67
2025-04-03,E10,1.7449,67
2025-04-04,E10,1.74,67
2025-04-05,E10,1.7337,67
2025-04-06,E10,1.7337,67
2025-04-07,E10,1.7313,67
2025-04-08,E10,1.7228,67
2025-04-09,E10,1.7123,67
2025-04-10,E10,1.6986,67
2025-04-11,E10,1.6838,67
2025-04-12,E10,1.6781,67
2025-04-13,E10,1.6781,67
2025-04-14,E10,1.6769,67
2025-04-15,E10,1.6728,67
2025-04-16,E10,1.6703,67
2025-04-17,E10,1.6689,67
2025-04-18,E10,1.6489,67
2025-04-19,E10,1.6647,67
2025-04-20,E10,1.6652,67
2025-04-21,E10,1.6676,67
2025-04-22,E10,1.6678,67
2025-04-23,E10,1.6654,67
2025-04-24,E10,1.6677,67
2025-04-25,E10,1.6668,67
2025-04-26,E10,1.6677,67
2025-04-27,E10,1.6678,67
2025-04-28,E10,1.6675,67
2025-04-29,E10,1.6691,67
2025-04-30,E10,1.6683,67
2025-05-01,E10,1.6674,67
2025-05-02,E10,1.6673,67
2025-05-03,E10,1.6663,67
2025-05-04,E10,1.6663,67
2025-05-05,E10,1.6654,67
2025-05-06,E10,1.6631,67
2025-05-07,E10,1.6615,67
2025-05-08,E10,1.6613,67
2025-05-09,E10,1.6618,67
2025-05-10,E10,1.6646,67
2025-05-11,E10,1.6646,67
2025-05-12,E10,1.6651,67
2025-05-13,E10,1.67,67
2025-05-14,E10,1.6762,67
2025-05-15,E10,1.6794,67
2025-05-16,E10,1.683,67
2025-05-17,E10,1.6847,67
2025-05-18,E10,1.6847,67
2025-05-19,E10,1.6848,67
2025-05-20,E10,1.6865,67
2025-05-21,E10,1.6861,67
2025-05-22,E10,1.6862,67
2025-05-23,E10,1.6847,67
2025-05-24,E10,1.6846,67
2025-05-25,E10,1.6846,67
2025-05-26,E10,1.6841,67
2025-05-27,E10,1.684,67
2025-05-28,E10,1.6843,67
2025-05-29,E10,1.6839,67
2025-05-30,E10,1.6819,67
2025-05-31,E10,1.6824,67
2025-06-01,E10,1.6824,67
2025-06-02,E10,1.6817,67
2025-06-03,E10,1.6793,67
2025-06-04,E10,1.6779,67
2025-06-05,E10,1.6789,67
2025-06-06,E10,1.6777,67
2025-06-07,E10,1.6771,67
2025-06-08,E10,1.6772,67
2025-06-09,E10,1.6771,67
2025-06-10,E10,1.6769,67
2025-06-11,E10,1.6789,67
2025-06-12,E10,1.6816,67
2025-06-13,E10,1.6837,67
2025-06-14,E10,1.6902,67
2025-06-15,E10,1.6906,67
2025-06-16,E10,1.6921,67
2025-06-17,E10,1.6974,67
2025-06-18,E10,1.6993,67
2025-06-19,E10,1.7036,67
2025-06-20,E10,1.7127,67
2025-06-21,E10,1.716,67
2025-06-22,E10,1.7167,67
2025-06-23,E10,1.7219,67
2025-06-24,E10,1.7277,67
2025-06-25,E10,1.723,67
2025-06-26,E10,1.7201,67
2025-06-27,E10,1.7114,67
2025-06-28,E10,1.7083,67
2025-06-29,E10,1.7076,67
2025-06-30,E10,1.7045,67
2025-07-01,E10,1.6986,67
2025-07-02,E10,1.6923,67
2025-07-03,E10,1.6886,67
2025-07-04,E10,1.6654,67
2025-07-05,E10,1.6784,67
2025-07-06,E10,1.6808,67
2025-07-07,E10,1.6804,67
2025-07-08,E10,1.6777,67
2025-07-09,E10,1.6805,67
2025-07-10,E10,1.6852,67
2025-07-11,E10,1.6897,67
2025-07-12,E10,1.692,67
2025-07-13,E10,1.692,67
2025-07-14,E10,1.692,67
2025-07-15,E10,1.6915,67
2025-07-16,E10,1.6936,67
2025-07-17,E10,1.6942,67
2025-07-18,E10,1.6932,67
2025-07-19,E10,1.6937,67
2025-07-20,E10,1.6938,67
2025-07-21,E10,1.6954,67
2025-07-22,E10,1.6961,67
2025-07-23,E10,1.6935,67
2025-07-24,E10,1.691,67
2025-07-25,E10,1.6868,67
2025-07-26,E10,1.6869,67
2025-07-27,E10,1.6869,67
2025-07-28,E10,1.6854,67
2025-07-29,E10,1.6847,67
2025-07-30,E10,1.6852,67
2025-07-31,E10,1.6872,67
2025-08-01,E10,1.6863,67
2025-08-02,E10,1.6886,67
2025-08-03,E10,1.6908,67
2025-08-04,E10,1.6925,67
2025-08-05,E10,1.6927,67
2025-08-06,E10,1.6927,67
2025-08-07,E10,1.6926,67
2025-08-08,E10,1.6912,67
2025-08-09,E10,1.6908,67
2025-08-10,E10,1.6908,67
2025-08-11,E10,1.6896,67
2025-08-12,E10,1.6896,67
2025-08-13,E10,1.6874,67
2025-08-14,E10,1.6836,67
2025-08-15,E10,1.682,67
2025-08-16,E10,1.6817,67
2025-08-17,E10,1.6817,67
2025-08-18,E10,1.6802,67
2025-08-19,E10,1.6794,67
2025-08-20,E10,1.6793,67
2025-08-21,E10,1.6791,67
2025-08-22,E10,1.6813,67
2025-08-23,E10,1.6866,67
2025-08-24,E10,1.6868,67
2025-08-25,E10,1.688,67
2025-08-26,E10,1.692,67
2025-08-27,E10,1.6932,67
2025-08-28,E10,1.6922,67
2025-08-29,E10,1.6881,67
2025-08-30,E10,1.6885,67
2025-08-31,E10,1.6908,67
2025-09-01,E10,1.6906,67
2025-09-02,E10,1.6912,67
2025-09-03,E10,1.6963,67
2025-09-04,E10,1.7002,67
2025-09-05,E10,1.683,67
2025-09-06,E10,1.695,67
2025-09-07,E10,1.7019,67
2025-09-08,E10,1.7044,67
2025-09-09,E10,1.7054,67
2025-09-10,E10,1.7065,67
2025-09-11,E10,1.7079,67
2025-09-12,E10,1.7078,67
2025-09-13,E10,1.7077,67
2025-09-14,E10,1.7077,67
2025-09-15,E10,1.7087,67
2025-09-16,E10,1.7092,67
2025-09-17,E10,1.7113,67
2025-09-18,E10,1.7117,67
2025-09-19,E10,1.7097,67
2025-09-20,E10,1.7098,67
2025-09-21,E10,1.7096,67
2025-09-22,E10,1.7076,67
2025-09-23,E10,1.7056,67
2025-09-24,E10,1.7039,67
2025-09-25,E10,1.705,67
2025-09-26,E10,1.7066,67
2025-09-27,E10,1.7096,67
2025-09-28,E10,1.7096,67
2025-09-29,E10,1.7096,67
2025-09-30,E10,1.7117,67
2025-10-01,E10,1.7113,67
2025-10-02,E10,1.7086,67
2025-10-03,E10,1.701,67
2025-10-04,E10,1.6976,67
2025-10-05,E10,1.6971,67
2025-10-06,E10,1.6938,67
2025-10-07,E10,1.6889,67
2025-10-08,E10,1.6866,67
2025-10-09,E10,1.6876,68
2025-10-10,E10,1.6871,68
2025-10-11,E10,1.6864,68
2025-10-12,E10,1.6864,68
2025-10-13,E10,1.685,68
2025-10-14,E10,1.6837,68
2025-10-15,E10,1.6829,68
2025-10-16,E10,1.6787,68
2025-10-17,E10,1.6541,68
2025-10-18,E10,1.6668,68
2025-10-19,E10,1.6706,68
2025-10-20,E10,1.6722,68
2025-10-21,E10,1.669,68
2025-10-22,E10,1.6691,68
2025-10-23,E10,1.6699,68
2025-10-24,E10,1.6804,68
2025-10-25,E10,1.6844,68
2025-10-26,E10,1.6849,68
2025-10-27,E10,1.6874,68
2025-10-28,E10,1.694,68
2025-10-29,E10,1.6961,68
2025-10-30,E10,1.6958,68
2025-10-31,E10,1.6977,68
2025-11-01,E10,1.7001,68
2025-11-02,E10,1.7001,68
2025-11-03,E10,1.6997,68
2025-11-04,E10,1.7011,68
2025-11-05,E10,1.7034,68
2025-11-06,E10,1.7048,68
2025-11-07,E10,1.7089,68
2025-11-08,E10,1.7107,68
2025-11-09,E10,1.7109,68
2025-11-10,E10,1.7115,68
2025-11-11,E10,1.7112,68
2025-11-12,E10,1.7125,68
2025-11-13,E10,1.7176,68
2025-11-14,E10,1.7204,68
2025-11-15,E10,1.7278,68
2025-11-16,E10,1.7278,68
2025-11-17,E10,1.728,68
2025-11-18,E10,1.728,68
2025-11-19,E10,1.7278,68
2025-11-20,E10,1.7259,68
2025-11-21,E10,1.7258,68
2025-11-22,E10,1.7235,68
2025-11-23,E10,1.7235,68
2025-11-24,E10,1.7234,68
2025-11-25,E10,1.7221,68
2025-11-26,E10,1.7217,68
2025-11-27,E10,1.7196,68
2025-11-28,E10,1.7188,68
2025-11-29,E10,1.7192,68
2025-11-30,E10,1.7194,68
2025-12-01,E10,1.7208,68
2025-12-02,E10,1.7256,68
2025-12-03,E10,1.7271,68
2025-12-04,E10,1.7288,68
2025-12-05,E10,1.7259,68
2025-12-06,E10,1.7228,68
2025-12-07,E10,1.7233,68
2025-12-08,E10,1.7217,68
2025-12-09,E10,1.719,68
2025-12-10,E10,1.7164,68
2025-12-11,E10,1.7137,68
2025-12-12,E10,1.7075,68
2025-12-13,E10,1.7036,68
2025-12-14,E10,1.7033,68
2025-12-15,E10,1.7012,68
2025-12-16,E10,1.6935,68
2025-12-17,E10,1.6891,68
2025-12-18,E10,1.6835,68
2025-12-19,E10,1.6437,68
2025-12-20,E10,1.6588,68
2025-12-21,E10,1.6654,68
2025-12-22,E10,1.6639,68
2025-12-23,E10,1.6601,68
2025-12-24,E10,1.6588,68
2025-12-25,E10,1.6601,68
2025-12-26,E10,1.6614,68
2025-12-27,E10,1.6618,68
2025-12-28,E10,1.6621,68
2025-12-29,E10,1.6615,68
2025-12-30,E10,1.663,68
2025-12-31,E10,1.6661,68
2026-01-01,E10,1.666,67
2026-01-02,E10,1.6794,67
2026-01-03,E10,1.6846,67
2026-01-04,E10,1.6846,67
2026-01-05,E10,1.6867,67
2026-01-06,E10,1.6914,67
2026-01-07,E10,1.6928,67
2026-01-08,E10,1.6941,67
2026-01-09,E10,1.6946,67
2026-01-10,E10,1.6954,67
2026-01-11,E10,1.6954,67
2026-01-12,E10,1.6965,67
2026-01-13,E10,1.6992,67
2026-01-14,E10,1.7029,67
2026-01-15,E10,1.7075,67
2026-01-16,E10,1.7109,67
2026-01-17,E10,1.7113,67
2026-01-18,E10,1.7113,67
2026-01-19,E10,1.712,67
2026-01-20,E10,1.71,67
2026-01-21,E10,1.7098,67
2026-01-22,E10,1.7119,67
2026-01-23,E10,1.7119,67
2026-01-24,E10,1.7127,66
2026-01-25,E10,1.7127,66
2026-01-26,E10,1.7089,66
2026-01-27,E10,1.7112,66
2026-01-28,E10,1.7098,66
2026-01-29,E10,1.7103,66
2026-01-30,E10,1.7113,66
2026-01-31,E10,1.7143,64
2026-02-01,E10,1.7143,64
2026-02-02,E10,1.7151,64
2026-02-03,E10,1.7169,64
2026-02-04,E10,1.7154,64
2026-02-05,E10,1.7156,64
2026-02-06,E10,1.7152,64
2026-02-07,E10,1.7161,64
2026-02-08,E10,1.7161,64
2026-02-09,E10,1.717,64
2026-02-10,E10,1.718,64
2026-02-11,E10,1.7203,64
2026-02-12,E10,1.722,64
2026-02-13,E10,1.7222,64
2026-02-14,E10,1.7194,64
2026-02-15,E10,1.7199,64
2026-02-16,E10,1.7176,64
2026-02-17,E10,1.7142,64
2026-02-18,E10,1.7143,64
2026-02-19,E10,1.7136,64
2026-02-20,E10,1.6937,64
2026-02-21,E10,1.7093,64
2026-02-22,E10,1.7135,64
2026-02-23,E10,1.7187,64
2026-02-24,E10,1.7216,64
2026-02-25,E10,1.7259,64
2026-02-26,E10,1.7293,64
2026-02-27,E10,1.728,64
2026-02-28,E10,1.7327,64
2026-03-01,E10,1.7328,64
2026-03-02,E10,1.7388,64
2026-03-03,E10,1.7721,64
2026-03-04,E10,1.7904,64
2026-03-05,E10,1.808,64
2026-03-06,E10,1.8275,64
2026-03-07,E10,1.84,64
2026-03-08,E10,1.8407,64
2026-03-09,E10,1.847,64
2026-03-10,E10,1.8695,64
2026-03-11,E10,1.8776,64
2026-03-12,E10,1.8878,64
2026-03-13,E10,1.902,64
2026-03-14,E10,1.8984,64
2026-03-15,E10,1.8987,64
2026-03-16,E10,1.9059,64
2026-03-17,E10,1.9409,64
2026-03-18,E10,1.9493,64
2026-03-19,E10,1.9523,64
2026-03-20,E10,1.9735,64
2026-03-21,E10,1.9805,64
2026-03-22,E10,1.9816,64
2026-03-23,E10,1.9939,64
2026-03-24,E10,1.9937,64
2026-03-25,E10,2.0012,64
2026-03-26,E10,1.9824,64
2026-03-27,E10,1.9902,64
2026-03-28,E10,1.9935,64
2026-03-29,E10,1.9929,64
2026-03-30,E10,1.9995,64
2026-03-31,E10,2.0101,64
2026-04-01,E10,2.0173,64
2026-04-02,E10,2.0178,64
2026-04-03,E10,2.015,64
2026-04-04,E10,2.018,64
2026-04-05,E10,2.0188,64
2026-04-06,E10,2.0184,64
2026-04-07,E10,2.0213,64
2026-04-08,E10,2.0269,64
2026-04-09,E10,2.0177,64
2026-04-10,E10,2.0024,64
2026-04-11,E10,2.0025,64
2026-04-12,E10,2.0027,64
2026-04-13,E10,2.0025,64
2026-04-14,E10,2.0008,64
2026-04-15,E10,2.0006,64
2026-04-16,E10,1.9976,64
2026-04-17,E10,1.989,64
2026-04-18,E10,1.979,64
2026-04-19,E10,1.9778,64
2026-04-20,E10,1.9757,64
2026-04-21,E10,1.9772,64
2026-04-22,E10,1.9816,65
2026-04-23,E10,1.9871,65
2026-04-24,E10,1.995,65
2026-04-25,E10,1.9988,65
2026-04-26,E10,1.9988,65
2026-04-27,E10,2.0023,65
2026-04-28,E10,2.0077,65
2026-04-29,E10,2.0097,65
2026-04-30,E10,2.0104,65
2026-05-01,E10,2.0113,65
2026-05-02,E10,2.0116,65
2026-05-03,E10,2.0118,65
2026-05-04,E10,2.017,65
2026-05-05,E10,2.024,65
2026-05-06,E10,2.0268,65
2026-05-07,E10,2.0294,65
2026-05-08,E10,2.0267,65
2026-05-09,E10,2.0279,65
2026-05-10,E10,2.0281,65
2026-05-11,E10,2.024,65
2026-05-12,E10,2.0252,65
2026-05-13,E10,2.0308,65
2026-05-14,E10,2.033,65
2026-05-15,E10,2.0399,65
2026-05-16,E10,2.0429,65
2026-05-17,E10,2.0429,65
2026-05-18,E10,2.045,66
2026-05-19,E10,2.0493,66
2026-05-20,E10,2.0549,66
2026-05-21,E10,2.0571,66
2026-05-22,E10,2.0548,66
2026-05-23,E10,2.0548,66
2026-05-24,E10,2.0548,66
2026-05-25,E10,2.053,66
2026-05-26,E10,2.0507,66
2026-05-27,E10,2.045,66
2026-05-28,E10,2.0365,66
2026-05-29,E10,2.0196,66
2026-05-30,E10,2.0125,66
2026-05-31,E10,2.0133,66
2026-06-01,E10,2.0014,66
2026-06-02,E10,1.9883,66
2026-06-03,E10,1.9803,66
2026-06-04,E10,1.9731,66
2026-06-05,E10,1.9637,66
2026-06-06,E10,1.9655,66
2026-06-07,E10,1.9652,66
2026-06-08,E10,1.96,66
2026-06-09,E10,1.9607,66
2026-06-10,E10,1.957,66
2026-06-11,E10,1.9575,66
2026-06-12,E10,1.9552,66
2026-06-13,E10,1.9543,66
2026-06-14,E10,1.9537,66
2026-06-15,E10,1.9531,66
2026-06-16,E10,1.9415,66
2026-06-17,E10,1.9246,66
2026-06-18,E10,1.9151,66
2026-06-19,E10,1.9018,66
2026-06-20,E10,1.8938,66
2026-06-21,E10,1.8934,66
2026-06-22,E10,1.889,66
2026-06-23,E10,1.8833,66
2026-06-24,E10,1.8806,66
2026-06-25,E10,1.873,66
2026-06-26,E10,1.8815,66
2026-06-27,E10,1.8772,66
2026-06-28,E10,1.8772,66
2026-06-29,E10,1.8806,66
2026-06-30,E10,1.8954,66
2026-07-01,E10,1.8933,66
2026-07-02,E10,1.9006,66
2026-07-03,E10,1.8812,66
2026-07-04,E10,1.8898,66
2026-07-05,E10,1.893,66
2026-07-06,E10,1.8946,66
2026-07-07,E10,1.8998,66
2026-07-08,E10,1.9007,66
2026-07-09,E10,1.9167,66
2026-07-10,E10,1.9212,66
2026-07-11,E10,1.92,66
2026-07-12,E10,1.9197,66
2026-07-13,E10,1.9213,66
2026-07-14,E10,1.9271,66
2026-07-15,E10,1.9342,66
2026-07-16,E10,1.9472,66
2026-07-17,E10,1.9675,66
2026-07-18,E10,1.9842,66
2026-07-19,E10,1.9843,66
2026-07-20,E10,1.9874,66
2026-07-21,E10,1.9947,66
2026-07-22,E10,1.9964,66
2026-07-23,E10,1.99,66
2026-07-24,E10,2.0047,66
2026-07-25,E10,2.0103,66
2026-07-26,E10,2.0108,66
2026-07-27,E10,2.0145,66
2026-07-28,E10,2.0174,66
2026-07-29,E10,2.0167,66
2026-07-30,E10,2.0143,66
2026-07-31,E10,2.0155,66
2026-08-01,E10,2.0164,66
2026-08-02,E10,2.0164,66
2026-08-03,E10,2.0124,66
2026-08-04,E10,2.0089,66
2026-08-05,E10,2.0038,66
2026-08-06,E10,1.995,66
2026-08-07,E10,1.9851,66
2026-08-08,E10,1.9818,66
2026-08-09,E10,1.9811,66
2026-08-10,E10,1.9786,66
2026-08-11,E10,1.9848,66
2026-08-12,E10,1.9956,66
2026-08-13,E10,1.999,66
2026-08-14,E10,2.0042,66
2026-08-15,E10,2.0061,66
2026-08-16,E10,2.0058,66
2026-08-17,E10,2.0084,66
2026-08-18,E10,2.0098,66
2026-08-19,E10,2.0083,66
2026-08-20,E10,2.0086,66
2026-08-21,E10,2.0128,66
2026-08-22,E10,2.0152,66
2026-08-23,E10,2.0151,66
2026-08-24,E10,2.0154,66
2026-08-25,E10,2.0195,66
2026-08-26,E10,2.02,66
2026-08-27,E10,2.0201,66
2026-08-28,E10,2.0205,66
2026-08-29,E10,2.0244,66
2026-08-30,E10,2.0244,66
2026-08-31,E10,2.0296,66
2026-09-01,E10,2.0407,66
2026-09-02,E10,2.0474,66
2026-09-03,E10,2.0531,66
2026-09-04,E10,2.0563,66
2026-09-05,E10,2.0579,66
2026-09-06,E10,2.0577,66
2026-09-07,E10,2.0645,66
2026-09-08,E10,2.0729,66
2026-09-09,E10,2.075,66
2026-09-10,E10,2.0812,66
2026-09-11,E10,2.086,66
2026-09-12,E10,2.0897,66
2026-09-13,E10,2.0897,66
2026-09-14,E10,2.099,66
2026-09-15,E10,2.1107,66
2026-09-16,E10,2.1235,66
2026-09-17,E10,2.1271,66
2026-09-18,E10,2.1271,66
2025-01-01,E85,0.7974,14
2025-01-02,E85,0.791,19
2025-01-03,E85,0.8053,23
2025-01-04,E85,0.8057,23
2025-01-05,E85,0.8057,23
2025-01-06,E85,0.8054,25
2025-01-07,E85,0.8078,26
2025-01-08,E85,0.8073,26
2025-01-09,E85,0.8067,26
2025-01-10,E85,0.805,26
2025-01-11,E85,0.8045,26
2025-01-12,E85,0.8045,26
2025-01-13,E85,0.8037,26
2025-01-14,E85,0.8057,27
2025-01-15,E85,0.8046,28
2025-01-16,E85,0.8055,28
2025-01-17,E85,0.8011,29
2025-01-18,E85,0.8003,29
2025-01-19,E85,0.803,30
2025-01-20,E85,0.802,30
2025-01-21,E85,0.8025,30
2025-01-22,E85,0.803,30
2025-01-23,E85,0.8029,30
2025-01-24,E85,0.8033,30
2025-01-25,E85,0.8036,30
2025-01-26,E85,0.8036,30
2025-01-27,E85,0.8033,30
2025-01-28,E85,0.8033,30
2025-01-29,E85,0.8034,30
2025-01-30,E85,0.8017,30
2025-01-31,E85,0.8039,30
2025-02-01,E85,0.8034,30
2025-02-02,E85,0.8034,30
2025-02-03,E85,0.802,31
2025-02-04,E85,0.802,31
2025-02-05,E85,0.8015,31
2025-02-06,E85,0.8025,31
2025-02-07,E85,0.7988,32
2025-02-08,E85,0.799,32
2025-02-09,E85,0.799,32
2025-02-10,E85,0.798,32
2025-02-11,E85,0.7978,32
2025-02-12,E85,0.7978,32
2025-02-13,E85,0.7991,32
2025-02-14,E85,0.7981,32
2025-02-15,E85,0.798,32
2025-02-16,E85,0.798,32
2025-02-17,E85,0.7929,34
2025-02-18,E85,0.7858,37
2025-02-19,E85,0.7844,37
2025-02-20,E85,0.7828,38
2025-02-21,E85,0.7755,41
2025-02-22,E85,0.7779,42
2025-02-23,E85,0.7811,42
2025-02-24,E85,0.7804,42
2025-02-25,E85,0.775,42
2025-02-26,E85,0.7718,42
2025-02-27,E85,0.7705,42
2025-02-28,E85,0.768,42
2025-03-01,E85,0.7666,43
2025-03-02,E85,0.7666,43
2025-03-03,E85,0.7665,43
2025-03-04,E85,0.7667,43
2025-03-05,E85,0.7647,43
2025-03-06,E85,0.7647,43
2025-03-07,E85,0.7634,43
2025-03-08,E85,0.7604,43
2025-03-09,E85,0.7604,43
2025-03-10,E85,0.76,43
2025-03-11,E85,0.7581,43
2025-03-12,E85,0.7569,43
2025-03-13,E85,0.7551,43
2025-03-14,E85,0.7516,43
2025-03-15,E85,0.7511,43
2025-03-16,E85,0.7511,43
2025-03-17,E85,0.75,43
2025-03-18,E85,0.7484,43
2025-03-19,E85,0.7484,43
2025-03-20,E85,0.7463,43
2025-03-21,E85,0.7467,43
2025-03-22,E85,0.7465,43
2025-03-23,E85,0.7465,43
2025-03-24,E85,0.7463,43
2025-03-25,E85,0.746,43
2025-03-26,E85,0.7473,43
2025-03-27,E85,0.7475,43
2025-03-28,E85,0.748,43
2025-03-29,E85,0.7467,43
2025-03-30,E85,0.7467,43
2025-03-31,E85,0.7466,43
2025-04-01,E85,0.7466,43
2025-04-02,E85,0.7472,43
2025-04-03,E85,0.7482,43
2025-04-04,E85,0.7484,43
2025-04-05,E85,0.747,43
2025-04-06,E85,0.747,43
2025-04-07,E85,0.7464,43
2025-04-08,E85,0.745,43
2025-04-09,E85,0.7432,43
2025-04-10,E85,0.7422,43
2025-04-11,E85,0.74,43
2025-04-12,E85,0.7385,43
2025-04-13,E85,0.7385,43
2025-04-14,E85,0.7379,43
2025-04-15,E85,0.7371,43
2025-04-16,E85,0.7365,43
2025-04-17,E85,0.7368,43
2025-04-18,E85,0.7358,43
2025-04-19,E85,0.7354,43
2025-04-20,E85,0.7354,43
2025-04-21,E85,0.7362,43
2025-04-22,E85,0.7357,43
2025-04-23,E85,0.7337,43
2025-04-24,E85,0.7334,43
2025-04-25,E85,0.7333,43
2025-04-26,E85,0.7344,43
2025-04-27,E85,0.7344,43
2025-04-28,E85,0.7344,43
2025-04-29,E85,0.7348,43
2025-04-30,E85,0.7345,43
2025-05-01,E85,0.7345,43
2025-05-02,E85,0.7343,43
2025-05-03,E85,0.734,43
2025-05-04,E85,0.734,43
2025-05-05,E85,0.7335,43
2025-05-06,E85,0.7327,43
2025-05-07,E85,0.7325,43
2025-05-08,E85,0.7324,43
2025-05-09,E85,0.7322,43
2025-05-10,E85,0.7322,43
2025-05-11,E85,0.7322,43
2025-05-12,E85,0.733,43
2025-05-13,E85,0.7334,43
2025-05-14,E85,0.7352,43
2025-05-15,E85,0.7353,43
2025-05-16,E85,0.7354,43
2025-05-17,E85,0.7354,43
2025-05-18,E85,0.7368,43
2025-05-19,E85,0.7373,43
2025-05-20,E85,0.7382,43
2025-05-21,E85,0.7377,43
2025-05-22,E85,0.7381,43
2025-05-23,E85,0.7375,43
2025-05-24,E85,0.7366,43
2025-05-25,E85,0.7366,43
2025-05-26,E85,0.7372,43
2025-05-27,E85,0.7371,43
2025-05-28,E85,0.737,43
2025-05-29,E85,0.7371,43
2025-05-30,E85,0.7371,43
2025-05-31,E85,0.7361,43
2025-06-01,E85,0.7361,43
2025-06-02,E85,0.7361,43
2025-06-03,E85,0.7356,43
2025-06-04,E85,0.7356,43
2025-06-05,E85,0.7349,43
2025-06-06,E85,0.7345,43
2025-06-07,E85,0.7349,43
2025-06-08,E85,0.7349,43
2025-06-09,E85,0.7344,43
2025-06-10,E85,0.7342,43
2025-06-11,E85,0.7347,43
2025-06-12,E85,0.7343,43
2025-06-13,E85,0.7345,43
2025-06-14,E85,0.7346,43
2025-06-15,E85,0.7346,43
2025-06-16,E85,0.7357,43
2025-06-17,E85,0.7381,43
2025-06-18,E85,0.7385,43
2025-06-19,E85,0.7389,43
2025-06-20,E85,0.74,43
2025-06-21,E85,0.741,43
2025-06-22,E85,0.7415,43
2025-06-23,E85,0.7418,43
2025-06-24,E85,0.7432,43
2025-06-25,E85,0.743,43
2025-06-26,E85,0.7414,43
2025-06-27,E85,0.7404,43
2025-06-28,E85,0.7409,43
2025-06-29,E85,0.7409,43
2025-06-30,E85,0.7401,43
2025-07-01,E85,0.7391,43
2025-07-02,E85,0.7377,43
2025-07-03,E85,0.7376,43
2025-07-04,E85,0.7389,43
2025-07-05,E85,0.7388,43
2025-07-06,E85,0.7401,43
2025-07-07,E85,0.7384,43
2025-07-08,E85,0.738,43
2025-07-09,E85,0.7384,43
2025-07-10,E85,0.7404,43
2025-07-11,E85,0.7402,43
2025-07-12,E85,0.7404,43
2025-07-13,E85,0.7404,43
2025-07-14,E85,0.7404,43
2025-07-15,E85,0.7402,43
2025-07-16,E85,0.7412,43
2025-07-17,E85,0.7413,43
2025-07-18,E85,0.7406,43
2025-07-19,E85,0.7408,43
2025-07-20,E85,0.7408,43
2025-07-21,E85,0.7408,43
2025-07-22,E85,0.7402,43
2025-07-23,E85,0.7402,43
2025-07-24,E85,0.7397,43
2025-07-25,E85,0.7396,43
2025-07-26,E85,0.7401,43
2025-07-27,E85,0.7401,43
2025-07-28,E85,0.7396,43
2025-07-29,E85,0.7396,43
2025-07-30,E85,0.7394,43
2025-07-31,E85,0.7397,43
2025-08-01,E85,0.7384,43
2025-08-02,E85,0.7387,43
2025-08-03,E85,0.74,43
2025-08-04,E85,0.7385,43
2025-08-05,E85,0.7367,43
2025-08-06,E85,0.7345,43
2025-08-07,E85,0.7344,43
2025-08-08,E85,0.7343,43
2025-08-09,E85,0.7339,43
2025-08-10,E85,0.7339,43
2025-08-11,E85,0.7323,43
2025-08-12,E85,0.7333,43
2025-08-13,E85,0.7334,43
2025-08-14,E85,0.733,43
2025-08-15,E85,0.7327,43
2025-08-16,E85,0.7327,43
2025-08-17,E85,0.7327,43
2025-08-18,E85,0.7327,43
2025-08-19,E85,0.7325,43
2025-08-20,E85,0.7321,43
2025-08-21,E85,0.7319,43
2025-08-22,E85,0.7329,43
2025-08-23,E85,0.734,43
2025-08-24,E85,0.734,43
2025-08-25,E85,0.734,43
2025-08-26,E85,0.7331,43
2025-08-27,E85,0.7336,43
2025-08-28,E85,0.7336,43
2025-08-29,E85,0.7311,43
2025-08-30,E85,0.7316,43
2025-08-31,E85,0.733,43
2025-09-01,E85,0.733,43
2025-09-02,E85,0.7326,43
2025-09-03,E85,0.733,43
2025-09-04,E85,0.7335,43
2025-09-05,E85,0.7344,43
2025-09-06,E85,0.7331,43
2025-09-07,E85,0.7344,43
2025-09-08,E85,0.7344,43
2025-09-09,E85,0.734,43
2025-09-10,E85,0.734,43
2025-09-11,E85,0.7345,43
2025-09-12,E85,0.7354,43
2025-09-13,E85,0.7359,43
2025-09-14,E85,0.7359,43
2025-09-15,E85,0.7354,43
2025-09-16,E85,0.7358,43
2025-09-17,E85,0.7363,43
2025-09-18,E85,0.7381,43
2025-09-19,E85,0.7385,43
2025-09-20,E85,0.7389,43
2025-09-21,E85,0.7389,43
2025-09-22,E85,0.7376,43
2025-09-23,E85,0.7376,43
2025-09-24,E85,0.7377,43
2025-09-25,E85,0.7377,43
2025-09-26,E85,0.7378,43
2025-09-27,E85,0.7387,43
2025-09-28,E85,0.7387,43
2025-09-29,E85,0.7382,43
2025-09-30,E85,0.7392,43
2025-10-01,E85,0.7387,43
2025-10-02,E85,0.7385,43
2025-10-03,E85,0.7358,43
2025-10-04,E85,0.7345,43
2025-10-05,E85,0.7345,43
2025-10-06,E85,0.734,43
2025-10-07,E85,0.7333,43
2025-10-08,E85,0.7323,43
2025-10-09,E85,0.7341,44
2025-10-10,E85,0.7341,44
2025-10-11,E85,0.7343,44
2025-10-12,E85,0.7343,44
2025-10-13,E85,0.7324,44
2025-10-14,E85,0.7311,44
2025-10-15,E85,0.7344,45
2025-10-16,E85,0.7342,45
2025-10-17,E85,0.7331,45
2025-10-18,E85,0.7335,45
2025-10-19,E85,0.7346,45
2025-10-20,E85,0.734,45
2025-10-21,E85,0.7324,45
2025-10-22,E85,0.7319,45
2025-10-23,E85,0.732,45
2025-10-24,E85,0.7327,45
2025-10-25,E85,0.7331,45
2025-10-26,E85,0.7331,45
2025-10-27,E85,0.7322,45
2025-10-28,E85,0.7338,45
2025-10-29,E85,0.7339,45
2025-10-30,E85,0.7338,45
2025-10-31,E85,0.7342,45
2025-11-01,E85,0.7346,45
2025-11-02,E85,0.7346,45
2025-11-03,E85,0.7343,45
2025-11-04,E85,0.734,45
2025-11-05,E85,0.7345,45
2025-11-06,E85,0.7351,45
2025-11-07,E85,0.7398,45
2025-11-08,E85,0.7435,45
2025-11-09,E85,0.7435,45
2025-11-10,E85,0.7434,45
2025-11-11,E85,0.7434,45
2025-11-12,E85,0.7453,45
2025-11-13,E85,0.7461,45
2025-11-14,E85,0.7472,45
2025-11-15,E85,0.7474,45
2025-11-16,E85,0.7474,45
2025-11-17,E85,0.7475,45
2025-11-18,E85,0.7482,45
2025-11-19,E85,0.7488,45
2025-11-20,E85,0.7488,45
2025-11-21,E85,0.7482,45
2025-11-22,E85,0.7482,45
2025-11-23,E85,0.7482,45
2025-11-24,E85,0.7476,45
2025-11-25,E85,0.7479,45
2025-11-26,E85,0.7479,45
2025-11-27,E85,0.7478,45
2025-11-28,E85,0.7478,45
2025-11-29,E85,0.7472,45
2025-11-30,E85,0.7472,45
2025-12-01,E85,0.7472,45
2025-12-02,E85,0.7475,45
2025-12-03,E85,0.7469,45
2025-12-04,E85,0.7467,45
2025-12-05,E85,0.7464,45
2025-12-06,E85,0.7464,45
2025-12-07,E85,0.7464,45
2025-12-08,E85,0.7464,45
2025-12-09,E85,0.7464,45
2025-12-10,E85,0.747,45
2025-12-11,E85,0.7468,45
2025-12-12,E85,0.7466,45
2025-12-13,E85,0.7465,45
2025-12-14,E85,0.7465,45
2025-12-15,E85,0.7464,45
2025-12-16,E85,0.7463,45
2025-12-17,E85,0.7458,45
2025-12-18,E85,0.7441,45
2025-12-19,E85,0.7421,45
2025-12-20,E85,0.7421,45
2025-12-21,E85,0.7435,45
2025-12-22,E85,0.7434,45
2025-12-23,E85,0.7422,45
2025-12-24,E85,0.7418,45
2025-12-25,E85,0.7418,45
2025-12-26,E85,0.7412,45
2025-12-27,E85,0.7401,45
2025-12-28,E85,0.7401,45
2025-12-29,E85,0.7393,45
2025-12-30,E85,0.739,45
2025-12-31,E85,0.7417,45
2026-01-01,E85,0.7417,45
2026-01-02,E85,0.7554,45
2026-01-03,E85,0.7604,45
2026-01-04,E85,0.7604,45
2026-01-05,E85,0.764,45
2026-01-06,E85,0.7653,45
2026-01-07,E85,0.7665,45
2026-01-08,E85,0.7682,45
2026-01-09,E85,0.7708,45
2026-01-10,E85,0.7714,45
2026-01-11,E85,0.7714,45
2026-01-12,E85,0.7715,45
2026-01-13,E85,0.7742,45
2026-01-14,E85,0.775,45
2026-01-15,E85,0.7762,45
2026-01-16,E85,0.7757,45
2026-01-17,E85,0.7748,45
2026-01-18,E85,0.7748,45
2026-01-19,E85,0.773,45
2026-01-20,E85,0.7732,45
2026-01-21,E85,0.7758,45
2026-01-22,E85,0.7762,45
2026-01-23,E85,0.7766,45
2026-01-24,E85,0.7757,44
2026-01-25,E85,0.7757,44
2026-01-26,E85,0.7757,44
2026-01-27,E85,0.7756,44
2026-01-28,E85,0.7756,44
2026-01-29,E85,0.776,44
2026-01-30,E85,0.7761,44
2026-01-31,E85,0.7761,43
2026-02-01,E85,0.7761,43
2026-02-02,E85,0.7762,43
2026-02-03,E85,0.7732,43
2026-02-04,E85,0.773,43
2026-02-05,E85,0.7729,43
2026-02-06,E85,0.7723,43
2026-02-07,E85,0.7723,43
2026-02-08,E85,0.7723,43
2026-02-09,E85,0.7723,43
2026-02-10,E85,0.7722,43
2026-02-11,E85,0.7721,43
2026-02-12,E85,0.7721,43
2026-02-13,E85,0.7729,43
2026-02-14,E85,0.7721,43
2026-02-15,E85,0.7721,43
2026-02-16,E85,0.772,43
2026-02-17,E85,0.772,43
2026-02-18,E85,0.7711,43
2026-02-19,E85,0.7707,43
2026-02-20,E85,0.7689,43
2026-02-21,E85,0.7692,43
2026-02-22,E85,0.7709,43
2026-02-23,E85,0.7709,43
2026-02-24,E85,0.7707,43
2026-02-25,E85,0.7722,43
2026-02-26,E85,0.7721,43
2026-02-27,E85,0.7721,43
2026-02-28,E85,0.7721,43
2026-03-01,E85,0.7721,43
2026-03-02,E85,0.7749,43
2026-03-03,E85,0.7766,43
2026-03-04,E85,0.7799,43
2026-03-05,E85,0.7817,43
2026-03-06,E85,0.7822,43
2026-03-07,E85,0.7907,43
2026-03-08,E85,0.7907,43
2026-03-09,E85,0.7931,43
2026-03-10,E85,0.7944,43
2026-03-11,E85,0.7988,43
2026-03-12,E85,0.797,43
2026-03-13,E85,0.7986,43
2026-03-14,E85,0.7986,43
2026-03-15,E85,0.7986,43
2026-03-16,E85,0.7988,43
2026-03-17,E85,0.8046,43
2026-03-18,E85,0.8055,43
2026-03-19,E85,0.8067,43
2026-03-20,E85,0.8184,43
2026-03-21,E85,0.8184,43
2026-03-22,E85,0.8184,43
2026-03-23,E85,0.8182,43
2026-03-24,E85,0.8213,43
2026-03-25,E85,0.8211,43
2026-03-26,E85,0.8218,43
2026-03-27,E85,0.8239,43
2026-03-28,E85,0.8234,43
2026-03-29,E85,0.8234,43
2026-03-30,E85,0.8234,43
2026-03-31,E85,0.8235,43
2026-04-01,E85,0.827,43
2026-04-02,E85,0.8292,43
2026-04-03,E85,0.8307,43
2026-04-04,E85,0.8309,43
2026-04-05,E85,0.8315,43
2026-04-06,E85,0.8315,43
2026-04-07,E85,0.8315,43
2026-04-08,E85,0.8323,43
2026-04-09,E85,0.8375,43
2026-04-10,E85,0.8427,43
2026-04-11,E85,0.8424,43
2026-04-12,E85,0.8424,43
2026-04-13,E85,0.845,43
2026-04-14,E85,0.8487,43
2026-04-15,E85,0.8505,43
2026-04-16,E85,0.8532,43
2026-04-17,E85,0.8622,43
2026-04-18,E85,0.8669,43
2026-04-19,E85,0.8669,43
2026-04-20,E85,0.868,43
2026-04-21,E85,0.8693,43
2026-04-22,E85,0.8708,44
2026-04-23,E85,0.8717,44
2026-04-24,E85,0.8725,44
2026-04-25,E85,0.8725,44
2026-04-26,E85,0.8725,44
2026-04-27,E85,0.8725,44
2026-04-28,E85,0.8705,44
2026-04-29,E85,0.8697,44
2026-04-30,E85,0.865,44
2026-05-01,E85,0.8653,44
2026-05-02,E85,0.8653,44
2026-05-03,E85,0.8652,44
2026-05-04,E85,0.8661,44
2026-05-05,E85,0.8678,44
2026-05-06,E85,0.8687,44
2026-05-07,E85,0.8702,44
2026-05-08,E85,0.8697,44
2026-05-09,E85,0.8694,44
2026-05-10,E85,0.8694,44
2026-05-11,E85,0.8689,44
2026-05-12,E85,0.8692,44
2026-05-13,E85,0.8698,44
2026-05-14,E85,0.8707,44
2026-05-15,E85,0.8704,44
2026-05-16,E85,0.8704,44
2026-05-17,E85,0.8706,44
2026-05-18,E85,0.8708,45
2026-05-19,E85,0.8711,45
2026-05-20,E85,0.8711,45
2026-05-21,E85,0.8689,45
2026-05-22,E85,0.8678,45
2026-05-23,E85,0.8672,45
2026-05-24,E85,0.8672,45
2026-05-25,E85,0.8672,45
2026-05-26,E85,0.8669,45
2026-05-27,E85,0.8658,45
2026-05-28,E85,0.8656,45
2026-05-29,E85,0.8642,45
2026-05-30,E85,0.8628,45
2026-05-31,E85,0.8628,45
2026-06-01,E85,0.8626,45
2026-06-02,E85,0.8619,45
2026-06-03,E85,0.8609,45
2026-06-04,E85,0.8594,45
2026-06-05,E85,0.8587,45
2026-06-06,E85,0.8584,45
2026-06-07,E85,0.8584,45
2026-06-08,E85,0.8581,45
2026-06-09,E85,0.8571,45
2026-06-10,E85,0.855,45
2026-06-11,E85,0.8558,45
2026-06-12,E85,0.8559,45
2026-06-13,E85,0.8558,45
2026-06-14,E85,0.8558,45
2026-06-15,E85,0.8572,45
2026-06-16,E85,0.857,45
2026-06-17,E85,0.8566,45
2026-06-18,E85,0.8567,45
2026-06-19,E85,0.8559,45
2026-06-20,E85,0.8545,45
2026-06-21,E85,0.8545,45
2026-06-22,E85,0.854,45
2026-06-23,E85,0.8542,45
2026-06-24,E85,0.8502,45
2026-06-25,E85,0.8505,45
2026-06-26,E85,0.8505,45
2026-06-27,E85,0.8505,45
2026-06-28,E85,0.8505,45
2026-06-29,E85,0.8496,45
2026-06-30,E85,0.8494,45
2026-07-01,E85,0.8485,45
2026-07-02,E85,0.8486,45
2026-07-03,E85,0.8472,45
2026-07-04,E85,0.847,45
2026-07-05,E85,0.8481,45
2026-07-06,E85,0.8487,45
2026-07-07,E85,0.8483,45
2026-07-08,E85,0.8487,45
2026-07-09,E85,0.8503,45
2026-07-10,E85,0.8489,45
2026-07-11,E85,0.8489,45
2026-07-12,E85,0.8489,45
2026-07-13,E85,0.8497,45
2026-07-14,E85,0.8497,45
2026-07-15,E85,0.8538,45
2026-07-16,E85,0.854,45
2026-07-17,E85,0.8555,45
2026-07-18,E85,0.8556,45
2026-07-19,E85,0.8558,45
2026-07-20,E85,0.8567,45
2026-07-21,E85,0.857,45
2026-07-22,E85,0.8584,45
2026-07-23,E85,0.86,45
2026-07-24,E85,0.8656,45
2026-07-25,E85,0.8657,45
2026-07-26,E85,0.8657,45
2026-07-27,E85,0.8664,45
2026-07-28,E85,0.8676,45
2026-07-29,E85,0.8679,45
2026-07-30,E85,0.8685,45
2026-07-31,E85,0.872,45
2026-08-01,E85,0.872,45
2026-08-02,E85,0.8724,45
2026-08-03,E85,0.8704,45
2026-08-04,E85,0.8705,45
2026-08-05,E85,0.8705,45
2026-08-06,E85,0.8701,45
2026-08-07,E85,0.8696,45
2026-08-08,E85,0.8696,45
2026-08-09,E85,0.8696,45
2026-08-10,E85,0.8702,45
2026-08-11,E85,0.8706,45
2026-08-12,E85,0.872,45
2026-08-13,E85,0.8731,45
2026-08-14,E85,0.8742,45
2026-08-15,E85,0.8745,45
2026-08-16,E85,0.8745,45
2026-08-17,E85,0.8753,45
2026-08-18,E85,0.8763,45
2026-08-19,E85,0.8766,45
2026-08-20,E85,0.8768,45
2026-08-21,E85,0.8769,45
2026-08-22,E85,0.8764,45
2026-08-23,E85,0.8764,45
2026-08-24,E85,0.8769,45
2026-08-25,E85,0.8772,45
2026-08-26,E85,0.8825,45
2026-08-27,E85,0.8822,45
2026-08-28,E85,0.8827,45
2026-08-29,E85,0.8827,45
2026-08-30,E85,0.8827,45
2026-08-31,E85,0.8836,45
2026-09-01,E85,0.8851,45
2026-09-02,E85,0.8865,45
2026-09-03,E85,0.8867,45
2026-09-04,E85,0.8873,45
2026-09-05,E85,0.8871,45
2026-09-06,E85,0.8871,45
2026-09-07,E85,0.8878,45
2026-09-08,E85,0.889,45
2026-09-09,E85,0.8884,45
2026-09-10,E85,0.8905,45
2026-09-11,E85,0.891,45
2026-09-12,E85,0.892,45
2026-09-13,E85,0.892,45
2026-09-14,E85,0.8927,45
2026-09-15,E85,0.8948,45
2026-09-16,E85,0.8999,45
2026-09-17,E85,0.9035,44
2026-09-18,E85,0.9035,44
2025-01-01,GPLc,0.9802,4
2025-01-02,GPLc,0.9633,6
2025-01-03,GPLc,0.9992,8
2025-01-04,GPLc,0.9992,8
2025-01-05,GPLc,0.9992,8
2025-01-06,GPLc,0.999,9
2025-01-07,GPLc,0.9992,9
2025-01-08,GPLc,1.0032,10
2025-01-09,GPLc,1.0032,10
2025-01-10,GPLc,1.0032,10
2025-01-11,GPLc,1.0032,10
2025-01-12,GPLc,1.0032,10
2025-01-13,GPLc,1.0032,10
2025-01-14,GPLc,1.003,10
2025-01-15,GPLc,0.999,11
2025-01-16,GPLc,0.9992,11
2025-01-17,GPLc,0.9992,11
2025-01-18,GPLc,0.9992,11
2025-01-19,GPLc,0.9992,11
2025-01-20,GPLc,0.9992,11
2025-01-21,GPLc,0.9991,11
2025-01-22,GPLc,0.9991,11
2025-01-23,GPLc,1.0,11
2025-01-24,GPLc,0.9995,11
2025-01-25,GPLc,0.9995,11
2025-01-26,GPLc,0.9995,11
2025-01-27,GPLc,0.9995,11
2025-01-28,GPLc,0.9993,11
2025-01-29,GPLc,0.9993,11
2025-01-30,GPLc,0.9943,12
2025-01-31,GPLc,0.9943,12
2025-02-01,GPLc,0.9943,12
2025-02-02,GPLc,0.9943,12
2025-02-03,GPLc,0.9943,12
2025-02-04,GPLc,0.9945,12
2025-02-05,GPLc,0.9945,12
2025-02-06,GPLc,0.9945,12
2025-02-07,GPLc,0.9945,12
2025-02-08,GPLc,0.9945,12
2025-02-09,GPLc,0.9945,12
2025-02-10,GPLc,0.9945,12
2025-02-11,GPLc,0.9945,12
2025-02-12,GPLc,0.9945,12
2025-02-13,GPLc,0.9945,12
2025-02-14,GPLc,0.9945,12
2025-02-15,GPLc,0.9945,12
2025-02-16,GPLc,0.9945,12
2025-02-17,GPLc,0.9945,12
2025-02-18,GPLc,0.9945,12
2025-02-19,GPLc,0.9945,12
2025-02-20,GPLc,0.9928,12
2025-02-21,GPLc,0.9928,12
2025-02-22,GPLc,0.9928,12
2025-02-23,GPLc,0.9928,12
2025-02-24,GPLc,0.9928,12
2025-02-25,GPLc,0.9927,12
2025-02-26,GPLc,0.9927,12
2025-02-27,GPLc,0.9927,12
2025-02-28,GPLc,0.9927,12
2025-03-01,GPLc,0.9927,12
2025-03-02,GPLc,0.9927,12
2025-03-03,GPLc,0.9927,12
2025-03-04,GPLc,0.9929,12
2025-03-05,GPLc,0.9929,12
2025-03-06,GPLc,0.9929,12
2025-03-07,GPLc,0.9929,12
2025-03-08,GPLc,0.9929,12
2025-03-09,GPLc,0.9929,12
2025-03-10,GPLc,0.9929,12
2025-03-11,GPLc,0.9931,12
2025-03-12,GPLc,0.9872,12
2025-03-13,GPLc,0.9872,12
2025-03-14,GPLc,0.9839,12
2025-03-15,GPLc,0.9839,12
2025-03-16,GPLc,0.9839,12
2025-03-17,GPLc,0.9839,12
2025-03-18,GPLc,0.9834,12
2025-03-19,GPLc,0.9834,12
2025-03-20,GPLc,0.9834,12
2025-03-21,GPLc,0.9834,12
2025-03-22,GPLc,0.9834,12
2025-03-23,GPLc,0.9834,12
2025-03-24,GPLc,0.9834,12
2025-03-25,GPLc,0.9832,12
2025-03-26,GPLc,0.9832,12
2025-03-27,GPLc,0.9832,12
2025-03-28,GPLc,0.9816,12
2025-03-29,GPLc,0.9803,12
2025-03-30,GPLc,0.9803,12
2025-03-31,GPLc,0.9803,12
2025-04-01,GPLc,0.9802,12
2025-04-02,GPLc,0.9802,12
2025-04-03,GPLc,0.9802,12
2025-04-04,GPLc,0.9802,12
2025-04-05,GPLc,0.9802,12
2025-04-06,GPLc,0.9802,12
2025-04-07,GPLc,0.9802,12
2025-04-08,GPLc,0.9801,12
2025-04-09,GPLc,0.9801,12
2025-04-10,GPLc,0.9801,12
2025-04-11,GPLc,0.9801,12
2025-04-12,GPLc,0.9801,12
2025-04-13,GPLc,0.9801,12
2025-04-14,GPLc,0.9801,12
2025-04-15,GPLc,0.9799,12
2025-04-16,GPLc,0.9799,12
2025-04-17,GPLc,0.9799,12
2025-04-18,GPLc,0.9799,12
2025-04-19,GPLc,0.9799,12
2025-04-20,GPLc,0.9799,12
2025-04-21,GPLc,0.9799,12
2025-04-22,GPLc,0.9799,12
2025-04-23,GPLc,0.9801,12
2025-04-24,GPLc,0.9801,12
2025-04-25,GPLc,0.9801,12
2025-04-26,GPLc,0.9801,12
2025-04-27,GPLc,0.9801,12
2025-04-28,GPLc,0.9801,12
2025-04-29,GPLc,0.9802,12
2025-04-30,GPLc,0.9802,12
2025-05-01,GPLc,0.9802,12
2025-05-02,GPLc,0.9802,12
2025-05-03,GPLc,0.9802,12
2025-05-04,GPLc,0.9802,12
2025-05-05,GPLc,0.9802,12
2025-05-06,GPLc,0.9802,12
2025-05-07,GPLc,0.9802,12
2025-05-08,GPLc,0.9797,12
2025-05-09,GPLc,0.9797,12
2025-05-10,GPLc,0.979,12
2025-05-11,GPLc,0.979,12
2025-05-12,GPLc,0.979,12
2025-05-13,GPLc,0.9786,12
2025-05-14,GPLc,0.9786,12
2025-05-15,GPLc,0.9777,12
2025-05-16,GPLc,0.9777,12
2025-05-17,GPLc,0.9777,12
2025-05-18,GPLc,0.9777,12
2025-05-19,GPLc,0.9777,12
2025-05-20,GPLc,0.9772,12
2025-05-21,GPLc,0.9772,12
2025-05-22,GPLc,0.9772,12
2025-05-23,GPLc,0.9772,12
2025-05-24,GPLc,0.9756,12
2025-05-25,GPLc,0.9756,12
2025-05-26,GPLc,0.9756,12
2025-05-27,GPLc,0.9755,12
2025-05-28,GPLc,0.9755,12
2025-05-29,GPLc,0.9755,12
2025-05-30,GPLc,0.9755,12
2025-05-31,GPLc,0.9767,12
2025-06-01,GPLc,0.9767,12
2025-06-02,GPLc,0.9767,12
2025-06-03,GPLc,0.9767,12
2025-06-04,GPLc,0.9767,12
2025-06-05,GPLc,0.9767,12
2025-06-06,GPLc,0.9767,12
2025-06-07,GPLc,0.9767,12
2025-06-08,GPLc,0.9767,12
2025-06-09,GPLc,0.9767,12
2025-06-10,GPLc,0.9767,12
2025-06-11,GPLc,0.9766,12
2025-06-12,GPLc,0.9766,12
2025-06-13,GPLc,0.9766,12
2025-06-14,GPLc,0.9766,12
2025-06-15,GPLc,0.9766,12
2025-06-16,GPLc,0.9766,12
2025-06-17,GPLc,0.9765,12
2025-06-18,GPLc,0.9765,12
2025-06-19,GPLc,0.9765,12
2025-06-20,GPLc,0.9765,12
2025-06-21,GPLc,0.9765,12
2025-06-22,GPLc,0.9765,12
2025-06-23,GPLc,0.9765,12
2025-06-24,GPLc,0.9765,12
2025-06-25,GPLc,0.9765,12
2025-06-26,GPLc,0.9765,12
2025-06-27,GPLc,0.9765,12
2025-06-28,GPLc,0.9765,12
2025-06-29,GPLc,0.9765,12
2025-06-30,GPLc,0.9765,12
2025-07-01,GPLc,0.9765,12
2025-07-02,GPLc,0.9765,12
2025-07-03,GPLc,0.9765,12
2025-07-04,GPLc,0.9765,12
2025-07-05,GPLc,0.9765,12
2025-07-06,GPLc,0.9765,12
2025-07-07,GPLc,0.9765,12
2025-07-08,GPLc,0.9762,12
2025-07-09,GPLc,0.9762,12
2025-07-10,GPLc,0.9762,12
2025-07-11,GPLc,0.9762,12
2025-07-12,GPLc,0.9762,12
2025-07-13,GPLc,0.9762,12
2025-07-14,GPLc,0.9762,12
2025-07-15,GPLc,0.9762,12
2025-07-16,GPLc,0.9762,12
2025-07-17,GPLc,0.9762,12
2025-07-18,GPLc,0.9762,12
2025-07-19,GPLc,0.9762,12
2025-07-20,GPLc,0.9762,12
2025-07-21,GPLc,0.9762,12
2025-07-22,GPLc,0.9762,12
2025-07-23,GPLc,0.9762,12
2025-07-24,GPLc,0.9762,12
2025-07-25,GPLc,0.9762,12
2025-07-26,GPLc,0.9762,12
2025-07-27,GPLc,0.9762,12
2025-07-28,GPLc,0.9762,12
2025-07-29,GPLc,0.9764,12
2025-07-30,GPLc,0.9764,12
2025-07-31,GPLc,0.9764,12
2025-08-01,GPLc,0.9764,12
2025-08-02,GPLc,0.9764,12
2025-08-03,GPLc,0.9764,12
2025-08-04,GPLc,0.9764,12
2025-08-05,GPLc,0.9762,12
2025-08-06,GPLc,0.9762,12
2025-08-07,GPLc,0.9762,12
2025-08-08,GPLc,0.9762,12
2025-08-09,GPLc,0.9762,12
2025-08-10,GPLc,0.9762,12
2025-08-11,GPLc,0.9762,12
2025-08-12,GPLc,0.9762,12
2025-08-13,GPLc,0.9762,12
2025-08-14,GPLc,0.9762,12
2025-08-15,GPLc,0.9762,12
2025-08-16,GPLc,0.9762,12
2025-08-17,GPLc,0.9762,12
2025-08-18,GPLc,0.9762,12
2025-08-19,GPLc,0.9762,12
2025-08-20,GPLc,0.9762,12
2025-08-21,GPLc,0.9762,12
2025-08-22,GPLc,0.9762,12
2025-08-23,GPLc,0.9762,12
2025-08-24,GPLc,0.9762,12
2025-08-25,GPLc,0.9762,12
2025-08-26,GPLc,0.9762,12
2025-08-27,GPLc,0.9762,12
2025-08-28,GPLc,0.9762,12
2025-08-29,GPLc,0.9762,12
2025-08-30,GPLc,0.9762,12
2025-08-31,GPLc,0.9762,12
2025-09-01,GPLc,0.9762,12
2025-09-02,GPLc,0.9759,12
2025-09-03,GPLc,0.9759,12
2025-09-04,GPLc,0.9759,12
2025-09-05,GPLc,0.9759,12
2025-09-06,GPLc,0.9759,12
2025-09-07,GPLc,0.9759,12
2025-09-08,GPLc,0.9759,12
2025-09-09,GPLc,0.9755,12
2025-09-10,GPLc,0.9755,12
2025-09-11,GPLc,0.9755,12
2025-09-12,GPLc,0.9755,12
2025-09-13,GPLc,0.9755,12
2025-09-14,GPLc,0.9755,12
2025-09-15,GPLc,0.9755,12
2025-09-16,GPLc,0.9752,12
2025-09-17,GPLc,0.9752,12
2025-09-18,GPLc,0.9752,12
2025-09-19,GPLc,0.9752,12
2025-09-20,GPLc,0.9752,12
2025-09-21,GPLc,0.9752,12
2025-09-22,GPLc,0.9752,12
2025-09-23,GPLc,0.9753,12
2025-09-24,GPLc,0.9753,12
2025-09-25,GPLc,0.9753,12
2025-09-26,GPLc,0.9753,12
2025-09-27,GPLc,0.9753,12
2025-09-28,GPLc,0.9753,12
2025-09-29,GPLc,0.9753,12
2025-09-30,GPLc,0.9753,12
2025-10-01,GPLc,0.9753,12
2025-10-02,GPLc,0.9753,12
2025-10-03,GPLc,0.9753,12
2025-10-04,GPLc,0.9753,12
2025-10-05,GPLc,0.9753,12
2025-10-06,GPLc,0.9753,12
2025-10-07,GPLc,0.9751,12
2025-10-08,GPLc,0.9751,12
2025-10-09,GPLc,0.9751,12
2025-10-10,GPLc,0.9751,12
2025-10-11,GPLc,0.9755,12
2025-10-12,GPLc,0.9755,12
2025-10-13,GPLc,0.9755,12
2025-10-14,GPLc,0.9757,12
2025-10-15,GPLc,0.9757,12
2025-10-16,GPLc,0.9757,12
2025-10-17,GPLc,0.9757,12
2025-10-18,GPLc,0.9757,12
2025-10-19,GPLc,0.9757,12
2025-10-20,GPLc,0.9757,12
2025-10-21,GPLc,0.9756,12
2025-10-22,GPLc,0.9756,12
2025-10-23,GPLc,0.9756,12
2025-10-24,GPLc,0.9756,12
2025-10-25,GPLc,0.9756,12
2025-10-26,GPLc,0.9756,12
2025-10-27,GPLc,0.9756,12
2025-10-28,GPLc,0.9756,12
2025-10-29,GPLc,0.9756,12
2025-10-30,GPLc,0.9756,12
2025-10-31,GPLc,0.9756,12
2025-11-01,GPLc,0.9756,12
2025-11-02,GPLc,0.9756,12
2025-11-03,GPLc,0.9756,12
2025-11-04,GPLc,0.9733,12
2025-11-05,GPLc,0.9733,12
2025-11-06,GPLc,0.9733,12
2025-11-07,GPLc,0.9733,12
2025-11-08,GPLc,0.9733,12
2025-11-09,GPLc,0.9733,12
2025-11-10,GPLc,0.9733,12
2025-11-11,GPLc,0.9733,12
2025-11-12,GPLc,0.9725,12
2025-11-13,GPLc,0.9725,12
2025-11-14,GPLc,0.9725,12
2025-11-15,GPLc,0.9725,12
2025-11-16,GPLc,0.9725,12
2025-11-17,GPLc,0.9725,12
2025-11-18,GPLc,0.9731,12
2025-11-19,GPLc,0.9731,12
2025-11-20,GPLc,0.9731,12
2025-11-21,GPLc,0.9731,12
2025-11-22,GPLc,0.9731,12
2025-11-23,GPLc,0.9731,12
2025-11-24,GPLc,0.9731,12
2025-11-25,GPLc,0.9731,12
2025-11-26,GPLc,0.9731,12
2025-11-27,GPLc,0.9731,12
2025-11-28,GPLc,0.9731,12
2025-11-29,GPLc,0.9731,12
2025-11-30,GPLc,0.9731,12
2025-12-01,GPLc,0.9731,12
2025-12-02,GPLc,0.9728,12
2025-12-03,GPLc,0.9728,12
2025-12-04,GPLc,0.9728,12
2025-12-05,GPLc,0.9728,12
2025-12-06,GPLc,0.9728,12
2025-12-07,GPLc,0.9728,12
2025-12-08,GPLc,0.9728,12
2025-12-09,GPLc,0.9728,12
2025-12-10,GPLc,0.9727,12
2025-12-11,GPLc,0.9727,12
2025-12-12,GPLc,0.9727,12
2025-12-13,GPLc,0.9727,12
2025-12-14,GPLc,0.9727,12
2025-12-15,GPLc,0.9727,12
2025-12-16,GPLc,0.9727,12
2025-12-17,GPLc,0.9727,12
2025-12-18,GPLc,0.9727,12
2025-12-19,GPLc,0.9735,12
2025-12-20,GPLc,0.9735,12
2025-12-21,GPLc,0.9735,12
2025-12-22,GPLc,0.9735,12
2025-12-23,GPLc,0.9735,12
2025-12-24,GPLc,0.9682,12
2025-12-25,GPLc,0.9682,12
2025-12-26,GPLc,0.9682,12
2025-12-27,GPLc,0.9682,12
2025-12-28,GPLc,0.9682,12
2025-12-29,GPLc,0.9682,12
2025-12-30,GPLc,0.9702,12
2025-12-31,GPLc,0.9702,12
2026-01-01,GPLc,0.9702,12
2026-01-02,GPLc,0.9702,12
2026-01-03,GPLc,0.9702,12
2026-01-04,GPLc,0.9702,12
2026-01-05,GPLc,0.9702,12
2026-01-06,GPLc,0.9704,12
2026-01-07,GPLc,0.9702,12
2026-01-08,GPLc,0.9704,12
2026-01-09,GPLc,0.9704,12
2026-01-10,GPLc,0.9704,12
2026-01-11,GPLc,0.9704,12
2026-01-12,GPLc,0.9704,12
2026-01-13,GPLc,0.9703,12
2026-01-14,GPLc,0.9703,12
2026-01-15,GPLc,0.9703,12
2026-01-16,GPLc,0.9703,12
2026-01-17,GPLc,0.9703,12
2026-01-18,GPLc,0.9703,12
2026-01-19,GPLc,0.9703,12
2026-01-20,GPLc,0.9709,12
2026-01-21,GPLc,0.9703,12
2026-01-22,GPLc,0.9703,12
2026-01-23,GPLc,0.9703,12
2026-01-24,GPLc,0.9703,12
2026-01-25,GPLc,0.9703,12
2026-01-26,GPLc,0.9703,12
2026-01-27,GPLc,0.9703,12
2026-01-28,GPLc,0.9703,12
2026-01-29,GPLc,0.9703,12
2026-01-30,GPLc,0.9703,12
2026-01-31,GPLc,0.9704,11
2026-02-01,GPLc,0.9704,11
2026-02-02,GPLc,0.9704,11
2026-02-03,GPLc,0.9738,11
2026-02-04,GPLc,0.9738,11
2026-02-05,GPLc,0.9738,11
2026-02-06,GPLc,0.9724,11
2026-02-07,GPLc,0.9724,11
2026-02-08,GPLc,0.9724,11
2026-02-09,GPLc,0.9724,11
2026-02-10,GPLc,0.9724,11
2026-02-11,GPLc,0.9733,11
2026-02-12,GPLc,0.9733,11
2026-02-13,GPLc,0.9733,11
2026-02-14,GPLc,0.9733,11
2026-02-15,GPLc,0.9733,11
2026-02-16,GPLc,0.9733,11
2026-02-17,GPLc,0.9733,11
2026-02-18,GPLc,0.9733,11
2026-02-19,GPLc,0.9733,11
2026-02-20,GPLc,0.9733,11
2026-02-21,GPLc,0.9733,11
2026-02-22,GPLc,0.9733,11
2026-02-23,GPLc,0.9733,11
2026-02-24,GPLc,0.9733,11
2026-02-25,GPLc,0.9733,11
2026-02-26,GPLc,0.9733,11
2026-02-27,GPLc,0.9733,11
2026-02-28,GPLc,0.9733,11
2026-03-01,GPLc,0.9733,11
2026-03-02,GPLc,0.9733,11
2026-03-03,GPLc,0.9736,11
2026-03-04,GPLc,0.9761,11
2026-03-05,GPLc,0.9761,11
2026-03-06,GPLc,0.9761,11
2026-03-07,GPLc,0.9797,11
2026-03-08,GPLc,0.9797,11
2026-03-09,GPLc,0.9797,11
2026-03-10,GPLc,0.9801,11
2026-03-11,GPLc,0.9801,11
2026-03-12,GPLc,0.9801,11
2026-03-13,GPLc,0.9802,11
2026-03-14,GPLc,0.9801,11
2026-03-15,GPLc,0.9801,11
2026-03-16,GPLc,0.9801,11
2026-03-17,GPLc,0.9804,11
2026-03-18,GPLc,0.9804,11
2026-03-19,GPLc,0.9813,11
2026-03-20,GPLc,0.9813,11
2026-03-21,GPLc,0.9813,11
2026-03-22,GPLc,0.9813,11
2026-03-23,GPLc,0.9813,11
2026-03-24,GPLc,0.9819,11
2026-03-25,GPLc,0.9827,11
2026-03-26,GPLc,0.9827,11
2026-03-27,GPLc,1.0005,11
2026-03-28,GPLc,1.0005,11
2026-03-29,GPLc,1.0005,11
2026-03-30,GPLc,1.0005,11
2026-03-31,GPLc,1.0067,11
2026-04-01,GPLc,1.0121,11
2026-04-02,GPLc,1.0231,11
2026-04-03,GPLc,1.0231,11
2026-04-04,GPLc,1.0231,11
2026-04-05,GPLc,1.0231,11
2026-04-06,GPLc,1.0231,11
2026-04-07,GPLc,1.0275,11
2026-04-08,GPLc,1.0354,12
2026-04-09,GPLc,1.0363,12
2026-04-10,GPLc,1.0363,12
2026-04-11,GPLc,1.0448,12
2026-04-12,GPLc,1.0448,12
2026-04-13,GPLc,1.0448,12
2026-04-14,GPLc,1.0484,12
2026-04-15,GPLc,1.0534,12
2026-04-16,GPLc,1.0609,12
2026-04-17,GPLc,1.0659,12
2026-04-18,GPLc,1.0659,12
2026-04-19,GPLc,1.0659,12
2026-04-20,GPLc,1.0692,12
2026-04-21,GPLc,1.0702,12
2026-04-22,GPLc,1.0709,12
2026-04-23,GPLc,1.0709,12
2026-04-24,GPLc,1.0709,12
2026-04-25,GPLc,1.0734,12
2026-04-26,GPLc,1.0734,12
2026-04-27,GPLc,1.0734,12
2026-04-28,GPLc,1.0739,12
2026-04-29,GPLc,1.0739,12
2026-04-30,GPLc,1.0739,12
2026-05-01,GPLc,1.0739,12
2026-05-02,GPLc,1.0739,12
2026-05-03,GPLc,1.0731,12
2026-05-04,GPLc,1.0731,12
2026-05-05,GPLc,1.0734,12
2026-05-06,GPLc,1.0709,12
2026-05-07,GPLc,1.0708,12
2026-05-08,GPLc,1.0733,12
2026-05-09,GPLc,1.0733,12
2026-05-10,GPLc,1.0733,12
2026-05-11,GPLc,1.0734,12
2026-05-12,GPLc,1.0726,12
2026-05-13,GPLc,1.0726,12
2026-05-14,GPLc,1.0726,12
2026-05-15,GPLc,1.0726,12
2026-05-16,GPLc,1.0726,12
2026-05-17,GPLc,1.0675,11
2026-05-18,GPLc,1.0693,11
2026-05-19,GPLc,1.0699,11
2026-05-20,GPLc,1.0698,11
2026-05-21,GPLc,1.0698,11
2026-05-22,GPLc,1.0698,11
2026-05-23,GPLc,1.0698,11
2026-05-24,GPLc,1.0698,11
2026-05-25,GPLc,1.0698,11
2026-05-26,GPLc,1.0698,11
2026-05-27,GPLc,1.0691,11
2026-05-28,GPLc,1.0691,11
2026-05-29,GPLc,1.0691,11
2026-05-30,GPLc,1.0691,11
2026-05-31,GPLc,1.0691,11
2026-06-01,GPLc,1.0691,11
2026-06-02,GPLc,1.0655,11
2026-06-03,GPLc,1.0655,11
2026-06-04,GPLc,1.0628,11
2026-06-05,GPLc,1.061,11
2026-06-06,GPLc,1.061,11
2026-06-07,GPLc,1.061,11
2026-06-08,GPLc,1.061,11
2026-06-09,GPLc,1.0598,11
2026-06-10,GPLc,1.0598,11
2026-06-11,GPLc,1.0589,11
2026-06-12,GPLc,1.0589,11
2026-06-13,GPLc,1.0589,11
2026-06-14,GPLc,1.0589,11
2026-06-15,GPLc,1.0589,11
2026-06-16,GPLc,1.0586,11
2026-06-17,GPLc,1.0586,11
2026-06-18,GPLc,1.0586,11
2026-06-19,GPLc,1.0586,11
2026-06-20,GPLc,1.0537,12
2026-06-21,GPLc,1.0537,12
2026-06-22,GPLc,1.0537,12
2026-06-23,GPLc,1.0533,12
2026-06-24,GPLc,1.0533,12
2026-06-25,GPLc,1.0566,12
2026-06-26,GPLc,1.0566,12
2026-06-27,GPLc,1.0566,12
2026-06-28,GPLc,1.0566,12
2026-06-29,GPLc,1.0566,12
2026-06-30,GPLc,1.056,12
2026-07-01,GPLc,1.056,12
2026-07-02,GPLc,1.056,12
2026-07-03,GPLc,1.056,12
2026-07-04,GPLc,1.0542,12
2026-07-05,GPLc,1.0542,12
2026-07-06,GPLc,1.0542,12
2026-07-07,GPLc,1.0533,12
2026-07-08,GPLc,1.0508,12
2026-07-09,GPLc,1.0508,12
2026-07-10,GPLc,1.0501,12
2026-07-11,GPLc,1.0476,12
2026-07-12,GPLc,1.0476,12
2026-07-13,GPLc,1.0476,12
2026-07-14,GPLc,1.0476,12
2026-07-15,GPLc,1.0411,12
2026-07-16,GPLc,1.0411,12
2026-07-17,GPLc,1.0411,12
2026-07-18,GPLc,1.0411,12
2026-07-19,GPLc,1.0411,12
2026-07-20,GPLc,1.0411,12
2026-07-21,GPLc,1.0413,12
2026-07-22,GPLc,1.0413,12
2026-07-23,GPLc,1.0413,12
2026-07-24,GPLc,1.043,12
2026-07-25,GPLc,1.043,12
2026-07-26,GPLc,1.043,12
2026-07-27,GPLc,1.043,12
2026-07-28,GPLc,1.0413,12
2026-07-29,GPLc,1.0413,12
2026-07-30,GPLc,1.0413,12
2026-07-31,GPLc,1.0413,12
2026-08-01,GPLc,1.0413,12
2026-08-02,GPLc,1.0413,12
2026-08-03,GPLc,1.0413,12
2026-08-04,GPLc,1.0421,12
2026-08-05,GPLc,1.0421,12
2026-08-06,GPLc,1.0421,12
2026-08-07,GPLc,1.0421,12
2026-08-08,GPLc,1.0421,12
2026-08-09,GPLc,1.0421,12
2026-08-10,GPLc,1.0433,11
2026-08-11,GPLc,1.0434,11
2026-08-12,GPLc,1.0434,11
2026-08-13,GPLc,1.0434,11
2026-08-14,GPLc,1.0434,11
2026-08-15,GPLc,1.0425,11
2026-08-16,GPLc,1.0425,11
2026-08-17,GPLc,1.0425,11
2026-08-18,GPLc,1.0426,11
2026-08-19,GPLc,1.0426,11
2026-08-20,GPLc,1.0426,11
2026-08-21,GPLc,1.0426,11
2026-08-22,GPLc,1.0406,12
2026-08-23,GPLc,1.0406,12
2026-08-24,GPLc,1.0406,12
2026-08-25,GPLc,1.0408,12
2026-08-26,GPLc,1.0382,12
2026-08-27,GPLc,1.0382,12
2026-08-28,GPLc,1.0382,12
2026-08-29,GPLc,1.0382,12
2026-08-30,GPLc,1.0382,12
2026-08-31,GPLc,1.0382,12
2026-09-01,GPLc,1.0377,12
2026-09-02,GPLc,1.0377,12
2026-09-03,GPLc,1.0377,12
2026-09-04,GPLc,1.0377,12
2026-09-05,GPLc,1.0377,12
2026-09-06,GPLc,1.0377,12
2026-09-07,GPLc,1.0411,12
2026-09-08,GPLc,1.0409,12
2026-09-09,GPLc,1.0409,12
2026-09-10,GPLc,1.0401,12
2026-09-11,GPLc,1.0402,12
2026-09-12,GPLc,1.0409,12
2026-09-13,GPLc,1.0409,12
2026-09-14,GPLc,1.0409,12
2026-09-15,GPLc,1.0408,12
2026-09-16,GPLc,1.0408,12
2026-09-17,GPLc,1.0442,12
2026-09-18,GPLc,1.0442,12
2025-01-01,Gazole,1.6762,27
2025-01-02,Gazole,1.6844,49
2025-01-03,Gazole,1.6917,57
2025-01-04,Gazole,1.6956,59
2025-01-05,Gazole,1.6955,59
2025-01-06,Gazole,1.6999,65
2025-01-07,Gazole,1.7018,68
2025-01-08,Gazole,1.702,69
2025-01-09,Gazole,1.7008,70
2025-01-10,Gazole,1.6996,71
2025-01-11,Gazole,1.7033,72
2025-01-12,Gazole,1.7031,72
2025-01-13,Gazole,1.7064,72
2025-01-14,Gazole,1.7218,72
2025-01-15,Gazole,1.7294,72
2025-01-16,Gazole,1.7382,72
2025-01-17,Gazole,1.7469,72
2025-01-18,Gazole,1.7515,72
2025-01-19,Gazole,1.7519,72
2025-01-20,Gazole,1.7542,72
2025-01-21,Gazole,1.758,72
2025-01-22,Gazole,1.7553,72
2025-01-23,Gazole,1.7533,72
2025-01-24,Gazole,1.7449,72
2025-01-25,Gazole,1.7412,72
2025-01-26,Gazole,1.7412,72
2025-01-27,Gazole,1.7386,72
2025-01-28,Gazole,1.7315,72
2025-01-29,Gazole,1.7259,72
2025-01-30,Gazole,1.7207,72
2025-01-31,Gazole,1.7182,72
2025-02-01,Gazole,1.7173,72
2025-02-02,Gazole,1.7173,72
2025-02-03,Gazole,1.7175,72
2025-02-04,Gazole,1.7197,72
2025-02-05,Gazole,1.7209,72
2025-02-06,Gazole,1.7207,72
2025-02-07,Gazole,1.7159,72
2025-02-08,Gazole,1.7152,72
2025-02-09,Gazole,1.7152,72
2025-02-10,Gazole,1.715,72
2025-02-11,Gazole,1.7181,72
2025-02-12,Gazole,1.7228,72
2025-02-13,Gazole,1.7262,72
2025-02-14,Gazole,1.7234,72
2025-02-15,Gazole,1.7227,72
2025-02-16,Gazole,1.7227,72
2025-02-17,Gazole,1.7215,72
2025-02-18,Gazole,1.7189,72
2025-02-19,Gazole,1.719,72
2025-02-20,Gazole,1.7196,72
2025-02-21,Gazole,1.7068,72
2025-02-22,Gazole,1.7129,72
2025-02-23,Gazole,1.716,72
2025-02-24,Gazole,1.7181,72
2025-02-25,Gazole,1.7156,72
2025-02-26,Gazole,1.714,72
2025-02-27,Gazole,1.7081,72
2025-02-28,Gazole,1.7006,72
2025-03-01,Gazole,1.6983,72
2025-03-02,Gazole,1.6983,72
2025-03-03,Gazole,1.6973,72
2025-03-04,Gazole,1.6953,72
2025-03-05,Gazole,1.6892,72
2025-03-06,Gazole,1.683,72
2025-03-07,Gazole,1.6703,72
2025-03-08,Gazole,1.6648,72
2025-03-09,Gazole,1.6638,72
2025-03-10,Gazole,1.6589,72
2025-03-11,Gazole,1.6545,72
2025-03-12,Gazole,1.6515,72
2025-03-13,Gazole,1.6483,72
2025-03-14,Gazole,1.6458,72
2025-03-15,Gazole,1.6441,72
2025-03-16,Gazole,1.6441,72
2025-03-17,Gazole,1.643,72
2025-03-18,Gazole,1.6404,72
2025-03-19,Gazole,1.6387,72
2025-03-20,Gazole,1.6375,72
2025-03-21,Gazole,1.6357,72
2025-03-22,Gazole,1.6357,72
2025-03-23,Gazole,1.6357,72
2025-03-24,Gazole,1.6365,72
2025-03-25,Gazole,1.6385,72
2025-03-26,Gazole,1.6416,72
2025-03-27,Gazole,1.6434,72
2025-03-28,Gazole,1.6462,72
2025-03-29,Gazole,1.6484,72
2025-03-30,Gazole,1.6488,72
2025-03-31,Gazole,1.6525,72
2025-04-01,Gazole,1.6534,72
2025-04-02,Gazole,1.655,72
2025-04-03,Gazole,1.6554,72
2025-04-04,Gazole,1.6485,72
2025-04-05,Gazole,1.6402,72
2025-04-06,Gazole,1.64,72
2025-04-07,Gazole,1.6359,72
2025-04-08,Gazole,1.6281,72
2025-04-09,Gazole,1.617,72
2025-04-10,Gazole,1.6027,72
2025-04-11,Gazole,1.5914,72
2025-04-12,Gazole,1.5858,72
2025-04-13,Gazole,1.5858,72
2025-04-14,Gazole,1.5842,72
2025-04-15,Gazole,1.575,72
2025-04-16,Gazole,1.5718,72
2025-04-17,Gazole,1.5705,72
2025-04-18,Gazole,1.5507,72
2025-04-19,Gazole,1.5658,72
2025-04-20,Gazole,1.5662,72
2025-04-21,Gazole,1.5685,72
2025-04-22,Gazole,1.5686,72
2025-04-23,Gazole,1.5677,72
2025-04-24,Gazole,1.5705,72
2025-04-25,Gazole,1.5701,72
2025-04-26,Gazole,1.5701,72
2025-04-27,Gazole,1.5702,72
2025-04-28,Gazole,1.5699,72
2025-04-29,Gazole,1.5712,72
2025-04-30,Gazole,1.5693,72
2025-05-01,Gazole,1.5684,72
2025-05-02,Gazole,1.5675,72
2025-05-03,Gazole,1.5667,72
2025-05-04,Gazole,1.5669,72
2025-05-05,Gazole,1.5644,72
2025-05-06,Gazole,1.5593,72
2025-05-07,Gazole,1.5555,72
2025-05-08,Gazole,1.5544,72
2025-05-09,Gazole,1.5545,72
2025-05-10,Gazole,1.5572,72
2025-05-11,Gazole,1.5572,72
2025-05-12,Gazole,1.5574,72
2025-05-13,Gazole,1.5605,72
2025-05-14,Gazole,1.5655,72
2025-05-15,Gazole,1.5707,72
2025-05-16,Gazole,1.5747,72
2025-05-17,Gazole,1.5773,72
2025-05-18,Gazole,1.5774,72
2025-05-19,Gazole,1.5773,72
2025-05-20,Gazole,1.5783,72
2025-05-21,Gazole,1.5775,72
2025-05-22,Gazole,1.5761,72
2025-05-23,Gazole,1.5712,72
2025-05-24,Gazole,1.5696,72
2025-05-25,Gazole,1.5696,72
2025-05-26,Gazole,1.5672,72
2025-05-27,Gazole,1.5645,72
2025-05-28,Gazole,1.5641,72
2025-05-29,Gazole,1.5638,72
2025-05-30,Gazole,1.5626,72
2025-05-31,Gazole,1.5626,72
2025-06-01,Gazole,1.5626,72
2025-06-02,Gazole,1.5619,72
2025-06-03,Gazole,1.5598,72
2025-06-04,Gazole,1.5593,72
2025-06-05,Gazole,1.5614,72
2025-06-06,Gazole,1.5619,72
2025-06-07,Gazole,1.5627,72
2025-06-08,Gazole,1.5629,72
2025-06-09,Gazole,1.5628,72
2025-06-10,Gazole,1.5636,72
2025-06-11,Gazole,1.568,72
2025-06-12,Gazole,1.5724,72
2025-06-13,Gazole,1.5781,72
2025-06-14,Gazole,1.5861,72
2025-06-15,Gazole,1.5874,72
2025-06-16,Gazole,1.5907,72
2025-06-17,Gazole,1.6031,72
2025-06-18,Gazole,1.6133,72
2025-06-19,Gazole,1.6297,72
2025-06-20,Gazole,1.6682,72
2025-06-21,Gazole,1.6758,72
2025-06-22,Gazole,1.6768,72
2025-06-23,Gazole,1.688,72
2025-06-24,Gazole,1.6933,72
2025-06-25,Gazole,1.6788,72
2025-06-26,Gazole,1.6683,72
2025-06-27,Gazole,1.659,72
2025-06-28,Gazole,1.6522,72
2025-06-29,Gazole,1.6517,72
2025-06-30,Gazole,1.6474,72
2025-07-01,Gazole,1.6407,72
2025-07-02,Gazole,1.6341,72
2025-07-03,Gazole,1.6326,72
2025-07-04,Gazole,1.6148,72
2025-07-05,Gazole,1.6296,72
2025-07-06,Gazole,1.6317,72
2025-07-07,Gazole,1.6359,72
2025-07-08,Gazole,1.6379,72
2025-07-09,Gazole,1.6456,72
2025-07-10,Gazole,1.6519,72
2025-07-11,Gazole,1.6564,72
2025-07-12,Gazole,1.6621,72
2025-07-13,Gazole,1.6621,72
2025-07-14,Gazole,1.6621,72
2025-07-15,Gazole,1.6622,72
2025-07-16,Gazole,1.6638,72
2025-07-17,Gazole,1.6633,72
2025-07-18,Gazole,1.6626,72
2025-07-19,Gazole,1.6656,72
2025-07-20,Gazole,1.6656,72
2025-07-21,Gazole,1.6672,72
2025-07-22,Gazole,1.6703,72
2025-07-23,Gazole,1.6692,72
2025-07-24,Gazole,1.6663,72
2025-07-25,Gazole,1.6604,72
2025-07-26,Gazole,1.6584,72
2025-07-27,Gazole,1.6584,72
2025-07-28,Gazole,1.6561,72
2025-07-29,Gazole,1.6547,72
2025-07-30,Gazole,1.6539,72
2025-07-31,Gazole,1.6534,72
2025-08-01,Gazole,1.6464,72
2025-08-02,Gazole,1.6493,72
2025-08-03,Gazole,1.652,72
2025-08-04,Gazole,1.6522,72
2025-08-05,Gazole,1.6492,72
2025-08-06,Gazole,1.644,72
2025-08-07,Gazole,1.6414,72
2025-08-08,Gazole,1.6342,72
2025-08-09,Gazole,1.6324,72
2025-08-10,Gazole,1.6324,72
2025-08-11,Gazole,1.6297,72
2025-08-12,Gazole,1.6268,72
2025-08-13,Gazole,1.6248,72
2025-08-14,Gazole,1.6208,72
2025-08-15,Gazole,1.6178,72
2025-08-16,Gazole,1.6172,72
2025-08-17,Gazole,1.6172,72
2025-08-18,Gazole,1.6147,72
2025-08-19,Gazole,1.611,72
2025-08-20,Gazole,1.6084,72
2025-08-21,Gazole,1.6077,72
2025-08-22,Gazole,1.6095,72
2025-08-23,Gazole,1.6141,72
2025-08-24,Gazole,1.6141,72
2025-08-25,Gazole,1.6164,72
2025-08-26,Gazole,1.62,72
2025-08-27,Gazole,1.6205,72
2025-08-28,Gazole,1.6194,72
2025-08-29,Gazole,1.6162,72
2025-08-30,Gazole,1.6171,72
2025-08-31,Gazole,1.6191,72
2025-09-01,Gazole,1.6187,72
2025-09-02,Gazole,1.6197,72
2025-09-03,Gazole,1.6248,72
2025-09-04,Gazole,1.6294,72
2025-09-05,Gazole,1.6115,72
2025-09-06,Gazole,1.6226,72
2025-09-07,Gazole,1.6297,72
2025-09-08,Gazole,1.6312,72
2025-09-09,Gazole,1.6302,72
2025-09-10,Gazole,1.6315,72
2025-09-11,Gazole,1.6321,72
2025-09-12,Gazole,1.6316,72
2025-09-13,Gazole,1.6323,72
2025-09-14,Gazole,1.6323,72
2025-09-15,Gazole,1.6318,72
2025-09-16,Gazole,1.6327,72
2025-09-17,Gazole,1.6368,72
2025-09-18,Gazole,1.6397,72
2025-09-19,Gazole,1.6398,72
2025-09-20,Gazole,1.6402,72
2025-09-21,Gazole,1.6402,72
2025-09-22,Gazole,1.6395,72
2025-09-23,Gazole,1.6383,72
2025-09-24,Gazole,1.6381,72
2025-09-25,Gazole,1.6399,72
2025-09-26,Gazole,1.6423,72
2025-09-27,Gazole,1.6465,72
2025-09-28,Gazole,1.6466,72
2025-09-29,Gazole,1.6493,72
2025-09-30,Gazole,1.6518,72
2025-10-01,Gazole,1.6495,72
2025-10-02,Gazole,1.6466,72
2025-10-03,Gazole,1.6394,72
2025-10-04,Gazole,1.636,72
2025-10-05,Gazole,1.6357,72
2025-10-06,Gazole,1.6318,72
2025-10-07,Gazole,1.6284,72
2025-10-08,Gazole,1.6267,72
2025-10-09,Gazole,1.6278,73
2025-10-10,Gazole,1.6291,73
2025-10-11,Gazole,1.6266,73
2025-10-12,Gazole,1.6266,73
2025-10-13,Gazole,1.6256,73
2025-10-14,Gazole,1.6248,73
2025-10-15,Gazole,1.623,73
2025-10-16,Gazole,1.6192,73
2025-10-17,Gazole,1.5908,73
2025-10-18,Gazole,1.6042,73
2025-10-19,Gazole,1.6082,73
2025-10-20,Gazole,1.6052,73
2025-10-21,Gazole,1.601,73
2025-10-22,Gazole,1.5993,73
2025-10-23,Gazole,1.6023,73
2025-10-24,Gazole,1.6218,73
2025-10-25,Gazole,1.6283,73
2025-10-26,Gazole,1.6292,73
2025-10-27,Gazole,1.6351,73
2025-10-28,Gazole,1.6478,73
2025-10-29,Gazole,1.6581,73
2025-10-30,Gazole,1.6591,73
2025-10-31,Gazole,1.6605,73
2025-11-01,Gazole,1.6608,73
2025-11-02,Gazole,1.6608,73
2025-11-03,Gazole,1.6623,73
2025-11-04,Gazole,1.6661,73
2025-11-05,Gazole,1.6722,73
2025-11-06,Gazole,1.6791,73
2025-11-07,Gazole,1.6892,73
2025-11-08,Gazole,1.6982,73
2025-11-09,Gazole,1.6986,73
2025-11-10,Gazole,1.6998,73
2025-11-11,Gazole,1.7005,73
2025-11-12,Gazole,1.7033,73
2025-11-13,Gazole,1.7062,73
2025-11-14,Gazole,1.7035,73
2025-11-15,Gazole,1.7074,73
2025-11-16,Gazole,1.7074,73
2025-11-17,Gazole,1.7069,73
2025-11-18,Gazole,1.7114,73
2025-11-19,Gazole,1.7209,73
2025-11-20,Gazole,1.7262,73
2025-11-21,Gazole,1.7286,73
2025-11-22,Gazole,1.7216,73
2025-11-23,Gazole,1.7216,73
2025-11-24,Gazole,1.7222,73
2025-11-25,Gazole,1.7144,73
2025-11-26,Gazole,1.7082,73
2025-11-27,Gazole,1.6974,73
2025-11-28,Gazole,1.6852,73
2025-11-29,Gazole,1.6816,73
2025-11-30,Gazole,1.6818,73
2025-12-01,Gazole,1.6781,73
2025-12-02,Gazole,1.674,73
2025-12-03,Gazole,1.6686,73
2025-12-04,Gazole,1.6652,73
2025-12-05,Gazole,1.6555,73
2025-12-06,Gazole,1.6547,73
2025-12-07,Gazole,1.6546,73
2025-12-08,Gazole,1.6517,73
2025-12-09,Gazole,1.6498,73
2025-12-10,Gazole,1.6452,73
2025-12-11,Gazole,1.6411,73
2025-12-12,Gazole,1.63,73
2025-12-13,Gazole,1.6272,73
2025-12-14,Gazole,1.6268,73
2025-12-15,Gazole,1.6245,73
2025-12-16,Gazole,1.6174,73
2025-12-17,Gazole,1.6132,73
2025-12-18,Gazole,1.6092,73
2025-12-19,Gazole,1.5769,73
2025-12-20,Gazole,1.5921,73
2025-12-21,Gazole,1.5993,73
2025-12-22,Gazole,1.5979,73
2025-12-23,Gazole,1.5936,73
2025-12-24,Gazole,1.5907,73
2025-12-25,Gazole,1.5928,73
2025-12-26,Gazole,1.5934,73
2025-12-27,Gazole,1.5946,73
2025-12-28,Gazole,1.5947,73
2025-12-29,Gazole,1.5946,73
2025-12-30,Gazole,1.5954,73
2025-12-31,Gazole,1.5978,73
2026-01-01,Gazole,1.6043,72
2026-01-02,Gazole,1.6306,72
2026-01-03,Gazole,1.6378,72
2026-01-04,Gazole,1.6379,72
2026-01-05,Gazole,1.6377,72
2026-01-06,Gazole,1.6452,72
2026-01-07,Gazole,1.6608,72
2026-01-08,Gazole,1.6474,72
2026-01-09,Gazole,1.6454,72
2026-01-10,Gazole,1.6465,72
2026-01-11,Gazole,1.6465,72
2026-01-12,Gazole,1.6472,72
2026-01-13,Gazole,1.65,72
2026-01-14,Gazole,1.6552,72
2026-01-15,Gazole,1.662,72
2026-01-16,Gazole,1.6668,72
2026-01-17,Gazole,1.669,72
2026-01-18,Gazole,1.669,72
2026-01-19,Gazole,1.6703,72
2026-01-20,Gazole,1.6738,72
2026-01-21,Gazole,1.6761,72
2026-01-22,Gazole,1.6833,72
2026-01-23,Gazole,1.6817,72
2026-01-24,Gazole,1.6836,71
2026-01-25,Gazole,1.6836,71
2026-01-26,Gazole,1.6839,71
2026-01-27,Gazole,1.685,71
2026-01-28,Gazole,1.6841,71
2026-01-29,Gazole,1.686,71
2026-01-30,Gazole,1.6884,71
2026-01-31,Gazole,1.6943,69
2026-02-01,Gazole,1.6943,69
2026-02-02,Gazole,1.6972,69
2026-02-03,Gazole,1.6998,69
2026-02-04,Gazole,1.6977,69
2026-02-05,Gazole,1.6979,69
2026-02-06,Gazole,1.6978,69
2026-02-07,Gazole,1.6969,69
2026-02-08,Gazole,1.6969,69
2026-02-09,Gazole,1.6972,69
2026-02-10,Gazole,1.6973,69
2026-02-11,Gazole,1.6963,69
2026-02-12,Gazole,1.6966,69
2026-02-13,Gazole,1.696,69
2026-02-14,Gazole,1.6928,69
2026-02-15,Gazole,1.6931,69
2026-02-16,Gazole,1.6922,69
2026-02-17,Gazole,1.6892,69
2026-02-18,Gazole,1.6907,69
2026-02-19,Gazole,1.6929,69
2026-02-20,Gazole,1.6838,69
2026-02-21,Gazole,1.6981,69
2026-02-22,Gazole,1.7015,69
2026-02-23,Gazole,1.7072,69
2026-02-24,Gazole,1.7102,69
2026-02-25,Gazole,1.7146,69
2026-02-26,Gazole,1.7179,69
2026-02-27,Gazole,1.7194,69
2026-02-28,Gazole,1.7231,69
2026-03-01,Gazole,1.7236,69
2026-03-02,Gazole,1.7358,69
2026-03-03,Gazole,1.8119,69
2026-03-04,Gazole,1.9002,69
2026-03-05,Gazole,1.9412,69
2026-03-06,Gazole,1.9747,69
2026-03-07,Gazole,1.981,69
2026-03-08,Gazole,1.9823,69
2026-03-09,Gazole,2.0021,69
2026-03-10,Gazole,2.0184,69
2026-03-11,Gazole,2.0235,69
2026-03-12,Gazole,2.0144,69
2026-03-13,Gazole,2.035,69
2026-03-14,Gazole,2.0378,69
2026-03-15,Gazole,2.0388,69
2026-03-16,Gazole,2.0453,69
2026-03-17,Gazole,2.0919,69
2026-03-18,Gazole,2.0953,69
2026-03-19,Gazole,2.0915,69
2026-03-20,Gazole,2.1169,69
2026-03-21,Gazole,2.1263,69
2026-03-22,Gazole,2.1285,69
2026-03-23,Gazole,2.1516,69
2026-03-24,Gazole,2.1756,69
2026-03-25,Gazole,2.1812,69
2026-03-26,Gazole,2.1869,69
2026-03-27,Gazole,2.1797,69
2026-03-28,Gazole,2.1843,69
2026-03-29,Gazole,2.1838,69
2026-03-30,Gazole,2.1988,69
2026-03-31,Gazole,2.2197,69
2026-04-01,Gazole,2.2329,69
2026-04-02,Gazole,2.2391,69
2026-04-03,Gazole,2.2444,69
2026-04-04,Gazole,2.2554,69
2026-04-05,Gazole,2.2596,69
2026-04-06,Gazole,2.2611,69
2026-04-07,Gazole,2.2929,69
2026-04-08,Gazole,2.3495,69
2026-04-09,Gazole,2.3493,69
2026-04-10,Gazole,2.3162,69
2026-04-11,Gazole,2.3049,69
2026-04-12,Gazole,2.3035,69
2026-04-13,Gazole,2.3036,69
2026-04-14,Gazole,2.2952,69
2026-04-15,Gazole,2.2909,69
2026-04-16,Gazole,2.2771,69
2026-04-17,Gazole,2.2604,69
2026-04-18,Gazole,2.2419,69
2026-04-19,Gazole,2.2378,69
2026-04-20,Gazole,2.233,70
2026-04-21,Gazole,2.216,70
2026-04-22,Gazole,2.2037,70
2026-04-23,Gazole,2.2096,70
2026-04-24,Gazole,2.2146,70
2026-04-25,Gazole,2.2153,70
2026-04-26,Gazole,2.2155,70
2026-04-27,Gazole,2.2148,70
2026-04-28,Gazole,2.215,70
2026-04-29,Gazole,2.2116,70
2026-04-30,Gazole,2.2121,70
2026-05-01,Gazole,2.1658,70
2026-05-02,Gazole,2.1659,70
2026-05-03,Gazole,2.1659,70
2026-05-04,Gazole,2.2159,70
2026-05-05,Gazole,2.2116,70
2026-05-06,Gazole,2.2056,70
2026-05-07,Gazole,2.1696,70
2026-05-08,Gazole,2.1466,70
2026-05-09,Gazole,2.1436,70
2026-05-10,Gazole,2.1442,70
2026-05-11,Gazole,2.1451,70
2026-05-12,Gazole,2.1492,70
2026-05-13,Gazole,2.1512,70
2026-05-14,Gazole,2.1264,70
2026-05-15,Gazole,2.1245,70
2026-05-16,Gazole,2.1213,70
2026-05-17,Gazole,2.1295,70
2026-05-18,Gazole,2.1355,71
2026-05-19,Gazole,2.1623,71
2026-05-20,Gazole,2.1598,71
2026-05-21,Gazole,2.1435,71
2026-05-22,Gazole,2.1336,71
2026-05-23,Gazole,2.1165,71
2026-05-24,Gazole,2.1148,71
2026-05-25,Gazole,2.114,71
2026-05-26,Gazole,2.1171,71
2026-05-27,Gazole,2.0973,71
2026-05-28,Gazole,2.0782,71
2026-05-29,Gazole,2.0576,71
2026-05-30,Gazole,2.0736,71
2026-05-31,Gazole,2.074,71
2026-06-01,Gazole,2.0482,71
2026-06-02,Gazole,2.0359,71
2026-06-03,Gazole,2.0273,71
2026-06-04,Gazole,2.039,71
2026-06-05,Gazole,2.0355,71
2026-06-06,Gazole,2.0327,71
2026-06-07,Gazole,2.0321,71
2026-06-08,Gazole,2.028,71
2026-06-09,Gazole,2.0291,71
2026-06-10,Gazole,2.0171,71
2026-06-11,Gazole,2.0178,71
2026-06-12,Gazole,2.0136,71
2026-06-13,Gazole,1.9995,71
2026-06-14,Gazole,1.9995,71
2026-06-15,Gazole,1.9939,71
2026-06-16,Gazole,1.9728,71
2026-06-17,Gazole,1.9468,71
2026-06-18,Gazole,1.9338,71
2026-06-19,Gazole,1.9066,71
2026-06-20,Gazole,1.9135,71
2026-06-21,Gazole,1.9138,71
2026-06-22,Gazole,1.9067,71
2026-06-23,Gazole,1.8945,71
2026-06-24,Gazole,1.8881,71
2026-06-25,Gazole,1.8852,71
2026-06-26,Gazole,1.8897,71
2026-06-27,Gazole,1.8818,71
2026-06-28,Gazole,1.8818,71
2026-06-29,Gazole,1.8853,71
2026-06-30,Gazole,1.8931,71
2026-07-01,Gazole,1.9004,71
2026-07-02,Gazole,1.9046,71
2026-07-03,Gazole,1.8914,71
2026-07-04,Gazole,1.9006,71
2026-07-05,Gazole,1.9033,71
2026-07-06,Gazole,1.9083,71
2026-07-07,Gazole,1.9178,71
2026-07-08,Gazole,1.9235,71
2026-07-09,Gazole,1.9436,71
2026-07-10,Gazole,1.9688,71
2026-07-11,Gazole,1.9822,71
2026-07-12,Gazole,1.9834,71
2026-07-13,Gazole,1.9932,71
2026-07-14,Gazole,2.0026,71
2026-07-15,Gazole,2.023,71
2026-07-16,Gazole,2.0646,71
2026-07-17,Gazole,2.1072,71
2026-07-18,Gazole,2.1253,71
2026-07-19,Gazole,2.1258,71
2026-07-20,Gazole,2.1348,71
2026-07-21,Gazole,2.1543,71
2026-07-22,Gazole,2.159,71
2026-07-23,Gazole,2.1675,71
2026-07-24,Gazole,2.184,71
2026-07-25,Gazole,2.1931,71
2026-07-26,Gazole,2.1934,71
2026-07-27,Gazole,2.2058,71
2026-07-28,Gazole,2.2092,71
2026-07-29,Gazole,2.2103,71
2026-07-30,Gazole,2.2176,71
2026-07-31,Gazole,2.2367,71
2026-08-01,Gazole,2.2456,71
2026-08-02,Gazole,2.246,71
2026-08-03,Gazole,2.2512,71
2026-08-04,Gazole,2.2527,71
2026-08-05,Gazole,2.2317,71
2026-08-06,Gazole,2.2131,71
2026-08-07,Gazole,2.1886,71
2026-08-08,Gazole,2.1839,71
2026-08-09,Gazole,2.1835,71
2026-08-10,Gazole,2.1787,71
2026-08-11,Gazole,2.1896,71
2026-08-12,Gazole,2.209,71
2026-08-13,Gazole,2.2184,71
2026-08-14,Gazole,2.2285,71
2026-08-15,Gazole,2.2275,71
2026-08-16,Gazole,2.2275,71
2026-08-17,Gazole,2.2365,71
2026-08-18,Gazole,2.2418,71
2026-08-19,Gazole,2.2453,71
2026-08-20,Gazole,2.2486,71
2026-08-21,Gazole,2.2534,71
2026-08-22,Gazole,2.2553,71
2026-08-23,Gazole,2.2553,71
2026-08-24,Gazole,2.255,71
2026-08-25,Gazole,2.2569,71
2026-08-26,Gazole,2.2534,71
2026-08-27,Gazole,2.2449,71
2026-08-28,Gazole,2.228,71
2026-08-29,Gazole,2.2233,71
2026-08-30,Gazole,2.2232,71
2026-08-31,Gazole,2.2226,71
2026-09-01,Gazole,2.2265,71
2026-09-02,Gazole,2.2373,71
2026-09-03,Gazole,2.2526,71
2026-09-04,Gazole,2.2627,71
2026-09-05,Gazole,2.2668,71
2026-09-06,Gazole,2.2671,71
2026-09-07,Gazole,2.2704,71
2026-09-08,Gazole,2.276,71
2026-09-09,Gazole,2.2795,71
2026-09-10,Gazole,2.2837,71
2026-09-11,Gazole,2.2927,71
2026-09-12,Gazole,2.296,71
2026-09-13,Gazole,2.2962,71
2026-09-14,Gazole,2.3142,71
2026-09-15,Gazole,2.3302,71
2026-09-16,Gazole,2.3561,71
2026-09-17,Gazole,2.3711,71
2026-09-18,Gazole,2.3711,71
2025-01-02,SP95,1.8314,11
2025-01-03,SP95,1.8291,13
2025-01-04,SP95,1.8336,14
2025-01-05,SP95,1.8336,14
2025-01-06,SP95,1.8327,15
2025-01-07,SP95,1.8327,16
2025-01-08,SP95,1.8376,17
2025-01-09,SP95,1.8375,17
2025-01-10,SP95,1.8334,17
2025-01-11,SP95,1.8356,17
2025-01-12,SP95,1.8356,17
2025-01-13,SP95,1.8402,17
2025-01-14,SP95,1.8476,17
2025-01-15,SP95,1.8492,17
2025-01-16,SP95,1.8604,17
2025-01-17,SP95,1.8686,17
2025-01-18,SP95,1.8711,17
2025-01-19,SP95,1.8711,17
2025-01-20,SP95,1.8734,17
2025-01-21,SP95,1.8754,17
2025-01-22,SP95,1.8746,17
2025-01-23,SP95,1.8746,17
2025-01-24,SP95,1.8691,17
2025-01-25,SP95,1.871,17
2025-01-26,SP95,1.871,17
2025-01-27,SP95,1.8675,17
2025-01-28,SP95,1.8646,17
2025-01-29,SP95,1.8606,17
2025-01-30,SP95,1.8488,17
2025-01-31,SP95,1.8435,17
2025-02-01,SP95,1.8476,17
2025-02-02,SP95,1.8476,17
2025-02-03,SP95,1.8482,17
2025-02-04,SP95,1.8504,17
2025-02-05,SP95,1.8509,17
2025-02-06,SP95,1.8498,17
2025-02-07,SP95,1.8416,17
2025-02-08,SP95,1.8468,17
2025-02-09,SP95,1.8468,17
2025-02-10,SP95,1.8475,17
2025-02-11,SP95,1.8558,17
2025-02-12,SP95,1.8594,17
2025-02-13,SP95,1.8596,17
2025-02-14,SP95,1.8501,17
2025-02-15,SP95,1.8564,17
2025-02-16,SP95,1.8564,17
2025-02-17,SP95,1.8551,17
2025-02-18,SP95,1.8539,17
2025-02-19,SP95,1.8535,17
2025-02-20,SP95,1.8533,17
2025-02-21,SP95,1.8397,17
2025-02-22,SP95,1.8488,17
2025-02-23,SP95,1.8488,17
2025-02-24,SP95,1.8512,17
2025-02-25,SP95,1.8455,17
2025-02-26,SP95,1.8432,17
2025-02-27,SP95,1.8392,17
2025-02-28,SP95,1.8302,17
2025-03-01,SP95,1.8319,17
2025-03-02,SP95,1.8319,17
2025-03-03,SP95,1.8335,17
2025-03-04,SP95,1.8328,17
2025-03-05,SP95,1.8311,17
2025-03-06,SP95,1.8238,17
2025-03-07,SP95,1.7974,17
2025-03-08,SP95,1.7999,17
2025-03-09,SP95,1.7999,17
2025-03-10,SP95,1.7924,17
2025-03-11,SP95,1.7876,17
2025-03-12,SP95,1.7869,17
2025-03-13,SP95,1.7849,17
2025-03-14,SP95,1.7847,17
2025-03-15,SP95,1.7856,17
2025-03-16,SP95,1.7856,17
2025-03-17,SP95,1.7858,17
2025-03-18,SP95,1.7855,17
2025-03-19,SP95,1.7845,17
2025-03-20,SP95,1.7862,17
2025-03-21,SP95,1.7855,17
2025-03-22,SP95,1.7898,17
2025-03-23,SP95,1.7898,17
2025-03-24,SP95,1.7905,17
2025-03-25,SP95,1.7924,17
2025-03-26,SP95,1.7957,17
2025-03-27,SP95,1.8012,17
2025-03-28,SP95,1.8029,17
2025-03-29,SP95,1.8048,17
2025-03-30,SP95,1.8069,17
2025-03-31,SP95,1.8075,17
2025-04-01,SP95,1.8082,17
2025-04-02,SP95,1.8105,17
2025-04-03,SP95,1.8121,17
2025-04-04,SP95,1.8032,17
2025-04-05,SP95,1.8056,17
2025-04-06,SP95,1.8039,17
2025-04-07,SP95,1.8031,17
2025-04-08,SP95,1.7956,17
2025-04-09,SP95,1.7875,17
2025-04-10,SP95,1.7805,17
2025-04-11,SP95,1.7534,17
2025-04-12,SP95,1.7599,17
2025-04-13,SP95,1.7599,17
2025-04-14,SP95,1.7594,17
2025-04-15,SP95,1.7565,17
2025-04-16,SP95,1.7575,17
2025-04-17,SP95,1.7486,17
2025-04-18,SP95,1.7238,17
2025-04-19,SP95,1.7349,17
2025-04-20,SP95,1.7388,17
2025-04-21,SP95,1.7478,17
2025-04-22,SP95,1.7416,17
2025-04-23,SP95,1.7415,17
2025-04-24,SP95,1.7428,17
2025-04-25,SP95,1.7315,17
2025-04-26,SP95,1.7393,17
2025-04-27,SP95,1.7393,17
2025-04-28,SP95,1.7372,17
2025-04-29,SP95,1.7351,17
2025-04-30,SP95,1.7348,17
2025-05-01,SP95,1.7348,17
2025-05-02,SP95,1.728,17
2025-05-03,SP95,1.7363,17
2025-05-04,SP95,1.7363,17
2025-05-05,SP95,1.7298,17
2025-05-06,SP95,1.7276,17
2025-05-07,SP95,1.7272,17
2025-05-08,SP95,1.7272,17
2025-05-09,SP95,1.7275,17
2025-05-10,SP95,1.7324,17
2025-05-11,SP95,1.7324,17
2025-05-12,SP95,1.7343,17
2025-05-13,SP95,1.7351,17
2025-05-14,SP95,1.7436,17
2025-05-15,SP95,1.7482,17
2025-05-16,SP95,1.7453,17
2025-05-17,SP95,1.7512,17
2025-05-18,SP95,1.7512,17
2025-05-19,SP95,1.7521,17
2025-05-20,SP95,1.7535,17
2025-05-21,SP95,1.7524,17
2025-05-22,SP95,1.7535,17
2025-05-23,SP95,1.7496,17
2025-05-24,SP95,1.7545,17
2025-05-25,SP95,1.7545,17
2025-05-26,SP95,1.7525,17
2025-05-27,SP95,1.7526,17
2025-05-28,SP95,1.7511,17
2025-05-29,SP95,1.7505,17
2025-05-30,SP95,1.7461,17
2025-05-31,SP95,1.7494,17
2025-06-01,SP95,1.7494,17
2025-06-02,SP95,1.7499,17
2025-06-03,SP95,1.7472,17
2025-06-04,SP95,1.7463,17
2025-06-05,SP95,1.7458,17
2025-06-06,SP95,1.7407,17
2025-06-07,SP95,1.7452,17
2025-06-08,SP95,1.7452,17
2025-06-09,SP95,1.744,17
2025-06-10,SP95,1.7449,17
2025-06-11,SP95,1.7422,17
2025-06-12,SP95,1.747,17
2025-06-13,SP95,1.7484,17
2025-06-14,SP95,1.7541,17
2025-06-15,SP95,1.7553,17
2025-06-16,SP95,1.7586,17
2025-06-17,SP95,1.7645,17
2025-06-18,SP95,1.7652,17
2025-06-19,SP95,1.7686,17
2025-06-20,SP95,1.7684,17
2025-06-21,SP95,1.7766,17
2025-06-22,SP95,1.7766,17
2025-06-23,SP95,1.7777,17
2025-06-24,SP95,1.7836,17
2025-06-25,SP95,1.7807,17
2025-06-26,SP95,1.7818,17
2025-06-27,SP95,1.7664,17
2025-06-28,SP95,1.7762,17
2025-06-29,SP95,1.7762,17
2025-06-30,SP95,1.7717,17
2025-07-01,SP95,1.766,17
2025-07-02,SP95,1.7605,17
2025-07-03,SP95,1.7584,17
2025-07-04,SP95,1.7293,17
2025-07-05,SP95,1.7428,17
2025-07-06,SP95,1.7474,17
2025-07-07,SP95,1.7468,17
2025-07-08,SP95,1.7471,17
2025-07-09,SP95,1.7489,17
2025-07-10,SP95,1.7552,17
2025-07-11,SP95,1.7465,17
2025-07-12,SP95,1.7536,17
2025-07-13,SP95,1.7536,17
2025-07-14,SP95,1.7536,17
2025-07-15,SP95,1.7529,17
2025-07-16,SP95,1.7528,17
2025-07-17,SP95,1.7526,17
2025-07-18,SP95,1.7415,18
2025-07-19,SP95,1.7453,18
2025-07-20,SP95,1.7453,18
2025-07-21,SP95,1.7495,18
2025-07-22,SP95,1.7494,18
2025-07-23,SP95,1.7486,18
2025-07-24,SP95,1.7451,18
2025-07-25,SP95,1.7373,18
2025-07-26,SP95,1.7438,18
2025-07-27,SP95,1.7438,18
2025-07-28,SP95,1.7422,18
2025-07-29,SP95,1.7415,18
2025-07-30,SP95,1.7404,18
2025-07-31,SP95,1.7441,18
2025-08-01,SP95,1.7265,18
2025-08-02,SP95,1.7329,18
2025-08-03,SP95,1.7441,18
2025-08-04,SP95,1.7466,18
2025-08-05,SP95,1.7449,18
2025-08-06,SP95,1.7426,18
2025-08-07,SP95,1.7413,18
2025-08-08,SP95,1.7367,18
2025-08-09,SP95,1.7422,18
2025-08-10,SP95,1.7422,18
2025-08-11,SP95,1.7408,18
2025-08-12,SP95,1.74,18
2025-08-13,SP95,1.7394,18
2025-08-14,SP95,1.7326,18
2025-08-15,SP95,1.7378,18
2025-08-16,SP95,1.734,18
2025-08-17,SP95,1.734,18
2025-08-18,SP95,1.7339,18
2025-08-19,SP95,1.7325,18
2025-08-20,SP95,1.7321,18
2025-08-21,SP95,1.733,18
2025-08-22,SP95,1.7317,18
2025-08-23,SP95,1.7366,18
2025-08-24,SP95,1.7366,18
2025-08-25,SP95,1.738,18
2025-08-26,SP95,1.7426,18
2025-08-27,SP95,1.7422,18
2025-08-28,SP95,1.7417,18
2025-08-29,SP95,1.731,18
2025-08-30,SP95,1.7356,18
2025-08-31,SP95,1.7412,18
2025-09-01,SP95,1.7407,18
2025-09-02,SP95,1.7449,18
2025-09-03,SP95,1.7466,18
2025-09-04,SP95,1.7509,18
2025-09-05,SP95,1.7363,18
2025-09-06,SP95,1.7434,18
2025-09-07,SP95,1.7523,18
2025-09-08,SP95,1.7526,18
2025-09-09,SP95,1.7533,18
2025-09-10,SP95,1.7539,18
2025-09-11,SP95,1.7549,18
2025-09-12,SP95,1.7558,18
2025-09-13,SP95,1.7587,18
2025-09-14,SP95,1.7587,18
2025-09-15,SP95,1.7591,18
2025-09-16,SP95,1.7597,18
2025-09-17,SP95,1.7601,18
2025-09-18,SP95,1.7613,18
2025-09-19,SP95,1.7642,17
2025-09-20,SP95,1.7689,17
2025-09-21,SP95,1.7689,17
2025-09-22,SP95,1.7645,17
2025-09-23,SP95,1.7642,17
2025-09-24,SP95,1.7612,17
2025-09-25,SP95,1.7625,17
2025-09-26,SP95,1.7625,17
2025-09-27,SP95,1.7656,17
2025-09-28,SP95,1.7656,17
2025-09-29,SP95,1.7647,17
2025-09-30,SP95,1.7672,17
2025-10-01,SP95,1.7669,17
2025-10-02,SP95,1.7668,17
2025-10-03,SP95,1.7558,17
2025-10-04,SP95,1.7614,17
2025-10-05,SP95,1.7614,17
2025-10-06,SP95,1.7542,17
2025-10-07,SP95,1.7533,17
2025-10-08,SP95,1.7525,17
2025-10-09,SP95,1.7526,17
2025-10-10,SP95,1.7482,17
2025-10-11,SP95,1.7531,17
2025-10-12,SP95,1.7531,17
2025-10-13,SP95,1.751,17
2025-10-14,SP95,1.7472,17
2025-10-15,SP95,1.7466,17
2025-10-16,SP95,1.7441,17
2025-10-17,SP95,1.7149,17
2025-10-18,SP95,1.7084,16
2025-10-19,SP95,1.7241,16
2025-10-20,SP95,1.7199,16
2025-10-21,SP95,1.7176,16
2025-10-22,SP95,1.7176,16
2025-10-23,SP95,1.7199,16
2025-10-24,SP95,1.73,16
2025-10-25,SP95,1.7373,16
2025-10-26,SP95,1.7373,16
2025-10-27,SP95,1.7422,16
2025-10-28,SP95,1.7492,16
2025-10-29,SP95,1.7507,16
2025-10-30,SP95,1.7502,16
2025-10-31,SP95,1.7464,16
2025-11-01,SP95,1.7512,16
2025-11-02,SP95,1.7512,16
2025-11-03,SP95,1.7476,16
2025-11-04,SP95,1.7507,16
2025-11-05,SP95,1.7531,16
2025-11-06,SP95,1.7588,16
2025-11-07,SP95,1.7569,16
2025-11-08,SP95,1.7615,16
2025-11-09,SP95,1.7615,16
2025-11-10,SP95,1.7594,16
2025-11-11,SP95,1.7613,16
2025-11-12,SP95,1.7638,16
2025-11-13,SP95,1.7704,16
2025-11-14,SP95,1.7711,16
2025-11-15,SP95,1.7756,16
2025-11-16,SP95,1.7756,16
2025-11-17,SP95,1.7746,16
2025-11-18,SP95,1.7776,16
2025-11-19,SP95,1.7794,16
2025-11-20,SP95,1.7823,16
2025-11-21,SP95,1.7769,16
2025-11-22,SP95,1.78,16
2025-11-23,SP95,1.78,16
2025-11-24,SP95,1.7766,16
2025-11-25,SP95,1.7739,16
2025-11-26,SP95,1.7757,16
2025-11-27,SP95,1.7751,16
2025-11-28,SP95,1.7696,16
2025-11-29,SP95,1.7737,16
2025-11-30,SP95,1.7754,16
2025-12-01,SP95,1.7762,16
2025-12-02,SP95,1.7826,16
2025-12-03,SP95,1.7833,16
2025-12-04,SP95,1.7834,16
2025-12-05,SP95,1.7742,16
2025-12-06,SP95,1.774,16
2025-12-07,SP95,1.7784,16
2025-12-08,SP95,1.7757,16
2025-12-09,SP95,1.7785,16
2025-12-10,SP95,1.7729,16
2025-12-11,SP95,1.7715,16
2025-12-12,SP95,1.7617,16
2025-12-13,SP95,1.7641,16
2025-12-14,SP95,1.7641,16
2025-12-15,SP95,1.7616,16
2025-12-16,SP95,1.7578,16
2025-12-17,SP95,1.7514,16
2025-12-18,SP95,1.7495,16
2025-12-19,SP95,1.6852,16
2025-12-20,SP95,1.7065,16
2025-12-21,SP95,1.7285,16
2025-12-22,SP95,1.7264,16
2025-12-23,SP95,1.7234,16
2025-12-24,SP95,1.7239,16
2025-12-25,SP95,1.7239,16
2025-12-26,SP95,1.7177,16
2025-12-27,SP95,1.7251,16
2025-12-28,SP95,1.7257,16
2025-12-29,SP95,1.7208,16
2025-12-30,SP95,1.7218,16
2025-12-31,SP95,1.7234,16
2026-01-01,SP95,1.7234,16
2026-01-02,SP95,1.7303,16
2026-01-03,SP95,1.737,16
2026-01-04,SP95,1.7376,16
2026-01-05,SP95,1.7398,16
2026-01-06,SP95,1.7392,16
2026-01-07,SP95,1.7414,16
2026-01-08,SP95,1.7428,16
2026-01-09,SP95,1.7416,16
2026-01-10,SP95,1.7487,16
2026-01-11,SP95,1.7487,16
2026-01-12,SP95,1.7521,16
2026-01-13,SP95,1.7549,16
2026-01-14,SP95,1.7568,16
2026-01-15,SP95,1.7626,16
2026-01-16,SP95,1.7601,16
2026-01-17,SP95,1.765,16
2026-01-18,SP95,1.765,16
2026-01-19,SP95,1.7648,16
2026-01-20,SP95,1.7648,16
2026-01-21,SP95,1.7653,16
2026-01-22,SP95,1.7682,16
2026-01-23,SP95,1.7642,16
2026-01-24,SP95,1.7683,16
2026-01-25,SP95,1.7683,16
2026-01-26,SP95,1.7701,16
2026-01-27,SP95,1.7744,16
2026-01-28,SP95,1.7741,16
2026-01-29,SP95,1.7744,16
2026-01-30,SP95,1.7694,16
2026-01-31,SP95,1.7779,16
2026-02-01,SP95,1.7779,16
2026-02-02,SP95,1.7792,16
2026-02-03,SP95,1.7808,16
2026-02-04,SP95,1.7774,16
2026-02-05,SP95,1.7816,16
2026-02-06,SP95,1.7731,16
2026-02-07,SP95,1.7773,16
2026-02-08,SP95,1.7773,16
2026-02-09,SP95,1.7792,16
2026-02-10,SP95,1.7806,16
2026-02-11,SP95,1.7849,16
2026-02-12,SP95,1.7864,16
2026-02-13,SP95,1.7871,16
2026-02-14,SP95,1.7797,16
2026-02-15,SP95,1.7837,16
2026-02-16,SP95,1.7809,16
2026-02-17,SP95,1.7745,16
2026-02-18,SP95,1.7775,16
2026-02-19,SP95,1.783,16
2026-02-20,SP95,1.7653,16
2026-02-21,SP95,1.7722,16
2026-02-22,SP95,1.7854,16
2026-02-23,SP95,1.7903,16
2026-02-24,SP95,1.7911,16
2026-02-25,SP95,1.7962,16
2026-02-26,SP95,1.7971,16
2026-02-27,SP95,1.7961,16
2026-02-28,SP95,1.8041,16
2026-03-01,SP95,1.8041,16
2026-03-02,SP95,1.812,16
2026-03-03,SP95,1.8407,16
2026-03-04,SP95,1.8778,16
2026-03-05,SP95,1.9118,16
2026-03-06,SP95,1.913,16
2026-03-07,SP95,1.9134,16
2026-03-08,SP95,1.9134,16
2026-03-09,SP95,1.9236,16
2026-03-10,SP95,1.9408,16
2026-03-11,SP95,1.9511,16
2026-03-12,SP95,1.9487,16
2026-03-13,SP95,1.9482,17
2026-03-14,SP95,1.9521,17
2026-03-15,SP95,1.9521,17
2026-03-16,SP95,1.9549,17
2026-03-17,SP95,1.9694,17
2026-03-18,SP95,1.9705,17
2026-03-19,SP95,1.9707,17
2026-03-20,SP95,1.9939,17
2026-03-21,SP95,2.0,17
2026-03-22,SP95,2.0015,17
2026-03-23,SP95,2.0196,17
2026-03-24,SP95,2.0246,17
2026-03-25,SP95,2.0223,17
2026-03-26,SP95,2.0192,17
2026-03-27,SP95,2.0176,17
2026-03-28,SP95,2.0157,17
2026-03-29,SP95,2.0175,17
2026-03-30,SP95,2.0272,17
2026-03-31,SP95,2.0352,17
2026-04-01,SP95,2.0381,17
2026-04-02,SP95,2.0346,17
2026-04-03,SP95,2.0249,18
2026-04-04,SP95,2.0321,18
2026-04-05,SP95,2.0321,18
2026-04-06,SP95,2.0321,18
2026-04-07,SP95,2.0352,18
2026-04-08,SP95,2.0402,18
2026-04-09,SP95,2.0326,18
2026-04-10,SP95,2.0012,18
2026-04-11,SP95,2.0094,18
2026-04-12,SP95,2.0094,18
2026-04-13,SP95,2.0211,17
2026-04-14,SP95,2.0167,17
2026-04-15,SP95,2.0178,17
2026-04-16,SP95,2.0164,17
2026-04-17,SP95,2.0094,17
2026-04-18,SP95,2.0148,17
2026-04-19,SP95,2.0154,17
2026-04-20,SP95,2.017,17
2026-04-21,SP95,2.0079,17
2026-04-22,SP95,2.0061,17
2026-04-23,SP95,2.0135,17
2026-04-24,SP95,2.0122,17
2026-04-25,SP95,2.0202,17
2026-04-26,SP95,2.0202,17
2026-04-27,SP95,2.0286,17
2026-04-28,SP95,2.0345,17
2026-04-29,SP95,2.0325,17
2026-04-30,SP95,2.0362,17
2026-05-01,SP95,2.0362,17
2026-05-02,SP95,2.0393,17
2026-05-03,SP95,2.0393,17
2026-05-04,SP95,2.0517,16
2026-05-05,SP95,2.054,16
2026-05-06,SP95,2.0547,16
2026-05-07,SP95,2.0546,16
2026-05-08,SP95,2.0506,16
2026-05-09,SP95,2.0479,16
2026-05-10,SP95,2.0479,16
2026-05-11,SP95,2.0416,16
2026-05-12,SP95,2.0467,16
2026-05-13,SP95,2.0563,16
2026-05-14,SP95,2.0563,16
2026-05-15,SP95,2.0601,16
2026-05-16,SP95,2.0617,16
2026-05-17,SP95,2.0636,16
2026-05-18,SP95,2.0589,17
2026-05-19,SP95,2.0638,17
2026-05-20,SP95,2.0715,17
2026-05-21,SP95,2.0709,17
2026-05-22,SP95,2.0618,17
2026-05-23,SP95,2.0666,17
2026-05-24,SP95,2.0666,17
2026-05-25,SP95,2.0616,17
2026-05-26,SP95,2.0639,17
2026-05-27,SP95,2.0603,17
2026-05-28,SP95,2.0522,17
2026-05-29,SP95,2.0211,17
2026-05-30,SP95,2.0163,17
2026-05-31,SP95,2.0163,17
2026-06-01,SP95,2.0093,17
2026-06-02,SP95,2.0009,18
2026-06-03,SP95,2.0057,18
2026-06-04,SP95,1.9997,18
2026-06-05,SP95,1.9863,18
2026-06-06,SP95,1.9887,18
2026-06-07,SP95,1.9887,18
2026-06-08,SP95,1.9829,18
2026-06-09,SP95,1.9846,18
2026-06-10,SP95,1.9846,18
2026-06-11,SP95,1.9822,18
2026-06-12,SP95,1.9803,18
2026-06-13,SP95,1.9852,18
2026-06-14,SP95,1.9852,18
2026-06-15,SP95,1.9859,18
2026-06-16,SP95,1.9767,18
2026-06-17,SP95,1.9726,18
2026-06-18,SP95,1.9537,18
2026-06-19,SP95,1.9339,18
2026-06-20,SP95,1.9426,18
2026-06-21,SP95,1.9426,18
2026-06-22,SP95,1.9393,18
2026-06-23,SP95,1.9328,18
2026-06-24,SP95,1.9317,18
2026-06-25,SP95,1.9319,18
2026-06-26,SP95,1.9237,18
2026-06-27,SP95,1.9294,18
2026-06-28,SP95,1.9311,18
2026-06-29,SP95,1.9422,18
2026-06-30,SP95,1.9428,18
2026-07-01,SP95,1.9467,18
2026-07-02,SP95,1.9497,18
2026-07-03,SP95,1.9349,18
2026-07-04,SP95,1.9341,18
2026-07-05,SP95,1.9449,18
2026-07-06,SP95,1.9448,18
2026-07-07,SP95,1.9507,18
2026-07-08,SP95,1.9571,18
2026-07-09,SP95,1.9585,18
2026-07-10,SP95,1.9572,18
2026-07-11,SP95,1.9559,18
2026-07-12,SP95,1.9608,18
2026-07-13,SP95,1.9667,18
2026-07-14,SP95,1.9661,18
2026-07-15,SP95,1.9676,18
2026-07-16,SP95,1.9805,18
2026-07-17,SP95,2.0191,18
2026-07-18,SP95,2.0283,18
2026-07-19,SP95,2.03,18
2026-07-20,SP95,2.0403,18
2026-07-21,SP95,2.0574,18
2026-07-22,SP95,2.0476,18
2026-07-23,SP95,2.0168,18
2026-07-24,SP95,2.0152,18
2026-07-25,SP95,2.0254,18
2026-07-26,SP95,2.0259,18
2026-07-27,SP95,2.0288,18
2026-07-28,SP95,2.0309,18
2026-07-29,SP95,2.0301,18
2026-07-30,SP95,2.0289,18
2026-07-31,SP95,2.0252,18
2026-08-01,SP95,2.0308,18
2026-08-02,SP95,2.0308,18
2026-08-03,SP95,2.0229,18
2026-08-04,SP95,2.0224,18
2026-08-05,SP95,2.0177,18
2026-08-06,SP95,2.0083,18
2026-08-07,SP95,1.9983,18
2026-08-08,SP95,1.9952,18
2026-08-09,SP95,1.993,18
2026-08-10,SP95,1.9942,18
2026-08-11,SP95,1.9995,18
2026-08-12,SP95,2.0094,18
2026-08-13,SP95,2.0097,18
2026-08-14,SP95,2.0069,18
2026-08-15,SP95,2.0172,18
2026-08-16,SP95,2.0172,18
2026-08-17,SP95,2.0205,18
2026-08-18,SP95,2.0208,18
2026-08-19,SP95,2.024,18
2026-08-20,SP95,2.0285,18
2026-08-21,SP95,2.0284,18
2026-08-22,SP95,2.0339,18
2026-08-23,SP95,2.0339,18
2026-08-24,SP95,2.0333,18
2026-08-25,SP95,2.0372,18
2026-08-26,SP95,2.0369,18
2026-08-27,SP95,2.0321,18
2026-08-28,SP95,2.031,18
2026-08-29,SP95,2.0387,18
2026-08-30,SP95,2.0387,18
2026-08-31,SP95,2.0454,18
2026-09-01,SP95,2.0554,18
2026-09-02,SP95,2.0617,18
2026-09-03,SP95,2.0649,18
2026-09-04,SP95,2.0624,18
2026-09-05,SP95,2.0744,18
2026-09-06,SP95,2.0744,18
2026-09-07,SP95,2.0757,18
2026-09-08,SP95,2.0851,18
2026-09-09,SP95,2.0891,18
2026-09-10,SP95,2.0906,18
2026-09-11,SP95,2.0856,18
2026-09-12,SP95,2.0938,18
2026-09-13,SP95,2.0954,18
2026-09-14,SP95,2.1096,18
2026-09-15,SP95,2.1236,18
2026-09-16,SP95,2.1449,19
2026-09-17,SP95,2.1442,19
2026-09-18,SP95,2.1442,19
2025-01-01,SP98,1.8524,25
2025-01-02,SP98,1.8539,42
2025-01-03,SP98,1.8623,46
2025-01-04,SP98,1.8652,48
2025-01-05,SP98,1.8653,48
2025-01-06,SP98,1.8672,55
2025-01-07,SP98,1.8689,59
2025-01-08,SP98,1.8715,61
2025-01-09,SP98,1.8705,62
2025-01-10,SP98,1.87,62
2025-01-11,SP98,1.873,63
2025-01-12,SP98,1.873,63
2025-01-13,SP98,1.8751,64
2025-01-14,SP98,1.8798,64
2025-01-15,SP98,1.8847,64
2025-01-16,SP98,1.8914,64
2025-01-17,SP98,1.8972,64
2025-01-18,SP98,1.9013,65
2025-01-19,SP98,1.9013,65
2025-01-20,SP98,1.9024,65
2025-01-21,SP98,1.9058,65
2025-01-22,SP98,1.9059,65
2025-01-23,SP98,1.905,65
2025-01-24,SP98,1.8996,65
2025-01-25,SP98,1.8989,65
2025-01-26,SP98,1.8989,65
2025-01-27,SP98,1.8985,65
2025-01-28,SP98,1.8953,65
2025-01-29,SP98,1.8924,65
2025-01-30,SP98,1.8879,65
2025-01-31,SP98,1.8856,65
2025-02-01,SP98,1.8853,65
2025-02-02,SP98,1.8853,65
2025-02-03,SP98,1.8852,65
2025-02-04,SP98,1.8859,65
2025-02-05,SP98,1.8877,65
2025-02-06,SP98,1.8886,65
2025-02-07,SP98,1.8856,65
2025-02-08,SP98,1.8867,65
2025-02-09,SP98,1.8867,65
2025-02-10,SP98,1.8875,65
2025-02-11,SP98,1.8895,65
2025-02-12,SP98,1.8935,65
2025-02-13,SP98,1.8951,65
2025-02-14,SP98,1.8895,65
2025-02-15,SP98,1.8891,65
2025-02-16,SP98,1.8891,65
2025-02-17,SP98,1.8879,65
2025-02-18,SP98,1.8862,65
2025-02-19,SP98,1.886,65
2025-02-20,SP98,1.8854,65
2025-02-21,SP98,1.8705,65
2025-02-22,SP98,1.8765,65
2025-02-23,SP98,1.879,65
2025-02-24,SP98,1.88,65
2025-02-25,SP98,1.8766,65
2025-02-26,SP98,1.875,65
2025-02-27,SP98,1.8704,65
2025-02-28,SP98,1.8635,65
2025-03-01,SP98,1.8598,65
2025-03-02,SP98,1.8598,65
2025-03-03,SP98,1.8572,65
2025-03-04,SP98,1.8553,65
2025-03-05,SP98,1.8522,65
2025-03-06,SP98,1.8467,65
2025-03-07,SP98,1.8332,65
2025-03-08,SP98,1.8281,65
2025-03-09,SP98,1.8276,65
2025-03-10,SP98,1.8224,65
2025-03-11,SP98,1.8145,65
2025-03-12,SP98,1.8129,65
2025-03-13,SP98,1.8109,65
2025-03-14,SP98,1.8124,65
2025-03-15,SP98,1.8128,65
2025-03-16,SP98,1.8128,65
2025-03-17,SP98,1.8129,65
2025-03-18,SP98,1.8141,65
2025-03-19,SP98,1.8166,65
2025-03-20,SP98,1.8171,65
2025-03-21,SP98,1.8172,65
2025-03-22,SP98,1.8196,65
2025-03-23,SP98,1.8196,65
2025-03-24,SP98,1.8204,65
2025-03-25,SP98,1.8237,65
2025-03-26,SP98,1.8269,65
2025-03-27,SP98,1.8298,65
2025-03-28,SP98,1.8344,65
2025-03-29,SP98,1.8379,65
2025-03-30,SP98,1.8384,65
2025-03-31,SP98,1.8387,65
2025-04-01,SP98,1.8407,65
2025-04-02,SP98,1.8434,65
2025-04-03,SP98,1.8484,65
2025-04-04,SP98,1.842,65
2025-04-05,SP98,1.8354,65
2025-04-06,SP98,1.8356,65
2025-04-07,SP98,1.8332,65
2025-04-08,SP98,1.8266,65
2025-04-09,SP98,1.8175,65
2025-04-10,SP98,1.8048,65
2025-04-11,SP98,1.7917,65
2025-04-12,SP98,1.7881,65
2025-04-13,SP98,1.7881,65
2025-04-14,SP98,1.7858,65
2025-04-15,SP98,1.7813,65
2025-04-16,SP98,1.7797,65
2025-04-17,SP98,1.7786,65
2025-04-18,SP98,1.7523,65
2025-04-19,SP98,1.766,65
2025-04-20,SP98,1.7665,65
2025-04-21,SP98,1.7691,65
2025-04-22,SP98,1.7674,65
2025-04-23,SP98,1.7637,65
2025-04-24,SP98,1.7649,65
2025-04-25,SP98,1.7633,65
2025-04-26,SP98,1.7639,65
2025-04-27,SP98,1.764,65
2025-04-28,SP98,1.765,65
2025-04-29,SP98,1.7662,65
2025-04-30,SP98,1.7689,65
2025-05-01,SP98,1.768,65
2025-05-02,SP98,1.7669,65
2025-05-03,SP98,1.7662,65
2025-05-04,SP98,1.7662,65
2025-05-05,SP98,1.7649,65
2025-05-06,SP98,1.762,65
2025-05-07,SP98,1.7602,65
2025-05-08,SP98,1.7602,65
2025-05-09,SP98,1.7608,65
2025-05-10,SP98,1.7639,65
2025-05-11,SP98,1.7639,65
2025-05-12,SP98,1.765,65
2025-05-13,SP98,1.7715,65
2025-05-14,SP98,1.7777,65
2025-05-15,SP98,1.7817,65
2025-05-16,SP98,1.7849,65
2025-05-17,SP98,1.7868,65
2025-05-18,SP98,1.7868,65
2025-05-19,SP98,1.7868,65
2025-05-20,SP98,1.7882,65
2025-05-21,SP98,1.7877,65
2025-05-22,SP98,1.7878,65
2025-05-23,SP98,1.787,65
2025-05-24,SP98,1.7872,65
2025-05-25,SP98,1.7872,65
2025-05-26,SP98,1.7872,65
2025-05-27,SP98,1.787,65
2025-05-28,SP98,1.7863,65
2025-05-29,SP98,1.786,65
2025-05-30,SP98,1.7827,65
2025-05-31,SP98,1.7836,65
2025-06-01,SP98,1.7836,65
2025-06-02,SP98,1.7815,65
2025-06-03,SP98,1.7791,65
2025-06-04,SP98,1.7789,65
2025-06-05,SP98,1.7806,65
2025-06-06,SP98,1.7785,65
2025-06-07,SP98,1.7783,65
2025-06-08,SP98,1.7783,65
2025-06-09,SP98,1.7781,65
2025-06-10,SP98,1.778,65
2025-06-11,SP98,1.7803,65
2025-06-12,SP98,1.7815,65
2025-06-13,SP98,1.7837,65
2025-06-14,SP98,1.7901,65
2025-06-15,SP98,1.7901,65
2025-06-16,SP98,1.792,65
2025-06-17,SP98,1.7955,65
2025-06-18,SP98,1.798,65
2025-06-19,SP98,1.8041,65
2025-06-20,SP98,1.8096,65
2025-06-21,SP98,1.8162,65
2025-06-22,SP98,1.8169,65
2025-06-23,SP98,1.8226,65
2025-06-24,SP98,1.8274,65
2025-06-25,SP98,1.8238,65
2025-06-26,SP98,1.8196,65
2025-06-27,SP98,1.8134,65
2025-06-28,SP98,1.8109,65
2025-06-29,SP98,1.8103,65
2025-06-30,SP98,1.8082,65
2025-07-01,SP98,1.8013,65
2025-07-02,SP98,1.7953,65
2025-07-03,SP98,1.7905,65
2025-07-04,SP98,1.7657,65
2025-07-05,SP98,1.7798,65
2025-07-06,SP98,1.7825,65
2025-07-07,SP98,1.7822,65
2025-07-08,SP98,1.7804,65
2025-07-09,SP98,1.7813,65
2025-07-10,SP98,1.7862,65
2025-07-11,SP98,1.7888,65
2025-07-12,SP98,1.7918,65
2025-07-13,SP98,1.7918,65
2025-07-14,SP98,1.7918,65
2025-07-15,SP98,1.7921,65
2025-07-16,SP98,1.7928,65
2025-07-17,SP98,1.7928,65
2025-07-18,SP98,1.7931,65
2025-07-19,SP98,1.7941,65
2025-07-20,SP98,1.7941,65
2025-07-21,SP98,1.7948,65
2025-07-22,SP98,1.7951,65
2025-07-23,SP98,1.7914,65
2025-07-24,SP98,1.7895,65
2025-07-25,SP98,1.785,65
2025-07-26,SP98,1.7851,65
2025-07-27,SP98,1.7851,65
2025-07-28,SP98,1.7828,65
2025-07-29,SP98,1.7818,65
2025-07-30,SP98,1.7831,65
2025-07-31,SP98,1.7851,65
2025-08-01,SP98,1.7816,65
2025-08-02,SP98,1.7848,65
2025-08-03,SP98,1.7883,65
2025-08-04,SP98,1.7895,65
2025-08-05,SP98,1.7886,65
2025-08-06,SP98,1.7879,65
2025-08-07,SP98,1.7883,65
2025-08-08,SP98,1.7865,65
2025-08-09,SP98,1.7864,65
2025-08-10,SP98,1.7864,65
2025-08-11,SP98,1.7853,65
2025-08-12,SP98,1.7854,65
2025-08-13,SP98,1.7838,65
2025-08-14,SP98,1.7803,65
2025-08-15,SP98,1.779,65
2025-08-16,SP98,1.7783,65
2025-08-17,SP98,1.7783,65
2025-08-18,SP98,1.7764,65
2025-08-19,SP98,1.7756,65
2025-08-20,SP98,1.7754,65
2025-08-21,SP98,1.7757,65
2025-08-22,SP98,1.7782,65
2025-08-23,SP98,1.7808,65
2025-08-24,SP98,1.7809,65
2025-08-25,SP98,1.7844,65
2025-08-26,SP98,1.7872,65
2025-08-27,SP98,1.7883,65
2025-08-28,SP98,1.7874,65
2025-08-29,SP98,1.7834,65
2025-08-30,SP98,1.7843,65
2025-08-31,SP98,1.7871,65
2025-09-01,SP98,1.7873,65
2025-09-02,SP98,1.7879,65
2025-09-03,SP98,1.7933,65
2025-09-04,SP98,1.7968,65
2025-09-05,SP98,1.7799,65
2025-09-06,SP98,1.7926,65
2025-09-07,SP98,1.7976,65
2025-09-08,SP98,1.8,65
2025-09-09,SP98,1.7998,65
2025-09-10,SP98,1.8017,65
2025-09-11,SP98,1.8037,65
2025-09-12,SP98,1.8001,65
2025-09-13,SP98,1.8034,65
2025-09-14,SP98,1.8034,65
2025-09-15,SP98,1.803,65
2025-09-16,SP98,1.8038,65
2025-09-17,SP98,1.8054,65
2025-09-18,SP98,1.8049,65
2025-09-19,SP98,1.804,65
2025-09-20,SP98,1.8051,65
2025-09-21,SP98,1.8051,65
2025-09-22,SP98,1.8032,65
2025-09-23,SP98,1.8015,65
2025-09-24,SP98,1.8012,65
2025-09-25,SP98,1.8025,65
2025-09-26,SP98,1.8041,65
2025-09-27,SP98,1.8059,65
2025-09-28,SP98,1.8059,65
2025-09-29,SP98,1.8069,65
2025-09-30,SP98,1.8102,65
2025-10-01,SP98,1.8084,65
2025-10-02,SP98,1.8056,65
2025-10-03,SP98,1.7972,65
2025-10-04,SP98,1.7942,65
2025-10-05,SP98,1.7937,65
2025-10-06,SP98,1.7896,65
2025-10-07,SP98,1.7863,65
2025-10-08,SP98,1.7848,65
2025-10-09,SP98,1.7856,66
2025-10-10,SP98,1.7847,66
2025-10-11,SP98,1.784,66
2025-10-12,SP98,1.784,66
2025-10-13,SP98,1.7834,66
2025-10-14,SP98,1.7822,66
2025-10-15,SP98,1.7813,66
2025-10-16,SP98,1.7775,66
2025-10-17,SP98,1.7532,66
2025-10-18,SP98,1.7651,66
2025-10-19,SP98,1.7703,66
2025-10-20,SP98,1.771,66
2025-10-21,SP98,1.766,66
2025-10-22,SP98,1.7649,66
2025-10-23,SP98,1.7637,66
2025-10-24,SP98,1.7731,66
2025-10-25,SP98,1.7779,66
2025-10-26,SP98,1.7784,66
2025-10-27,SP98,1.7816,66
2025-10-28,SP98,1.7892,66
2025-10-29,SP98,1.7907,66
2025-10-30,SP98,1.7907,66
2025-10-31,SP98,1.7916,66
2025-11-01,SP98,1.7946,66
2025-11-02,SP98,1.7946,66
2025-11-03,SP98,1.7952,66
2025-11-04,SP98,1.7954,66
2025-11-05,SP98,1.7989,66
2025-11-06,SP98,1.8009,66
2025-11-07,SP98,1.8051,66
2025-11-08,SP98,1.8081,66
2025-11-09,SP98,1.8083,66
2025-11-10,SP98,1.808,66
2025-11-11,SP98,1.8085,66
2025-11-12,SP98,1.8098,66
2025-11-13,SP98,1.815,66
2025-11-14,SP98,1.8186,66
2025-11-15,SP98,1.8256,66
2025-11-16,SP98,1.8256,66
2025-11-17,SP98,1.8261,66
2025-11-18,SP98,1.8268,66
2025-11-19,SP98,1.8242,66
2025-11-20,SP98,1.8209,66
2025-11-21,SP98,1.8206,66
2025-11-22,SP98,1.818,66
2025-11-23,SP98,1.818,66
2025-11-24,SP98,1.8181,66
2025-11-25,SP98,1.8171,66
2025-11-26,SP98,1.8164,66
2025-11-27,SP98,1.8136,66
2025-11-28,SP98,1.8137,66
2025-11-29,SP98,1.8153,66
2025-11-30,SP98,1.8159,66
2025-12-01,SP98,1.8183,66
2025-12-02,SP98,1.8223,66
2025-12-03,SP98,1.8239,66
2025-12-04,SP98,1.8246,66
2025-12-05,SP98,1.8205,66
2025-12-06,SP98,1.8181,66
2025-12-07,SP98,1.8188,66
2025-12-08,SP98,1.8182,66
2025-12-09,SP98,1.816,66
2025-12-10,SP98,1.8132,66
2025-12-11,SP98,1.8105,66
2025-12-12,SP98,1.8042,66
2025-12-13,SP98,1.8004,66
2025-12-14,SP98,1.8001,66
2025-12-15,SP98,1.7976,66
2025-12-16,SP98,1.7906,66
2025-12-17,SP98,1.7862,66
2025-12-18,SP98,1.781,66
2025-12-19,SP98,1.7439,66
2025-12-20,SP98,1.76,66
2025-12-21,SP98,1.7646,66
2025-12-22,SP98,1.7599,66
2025-12-23,SP98,1.7537,66
2025-12-24,SP98,1.7503,66
2025-12-25,SP98,1.7518,66
2025-12-26,SP98,1.7526,66
2025-12-27,SP98,1.7524,66
2025-12-28,SP98,1.7525,66
2025-12-29,SP98,1.7542,66
2025-12-30,SP98,1.7555,66
2025-12-31,SP98,1.7571,66
2026-01-01,SP98,1.7581,65
2026-01-02,SP98,1.7775,65
2026-01-03,SP98,1.7812,65
2026-01-04,SP98,1.7817,65
2026-01-05,SP98,1.7799,65
2026-01-06,SP98,1.7848,65
2026-01-07,SP98,1.7864,65
2026-01-08,SP98,1.7883,65
2026-01-09,SP98,1.789,65
2026-01-10,SP98,1.7905,65
2026-01-11,SP98,1.7905,65
2026-01-12,SP98,1.7908,65
2026-01-13,SP98,1.7946,65
2026-01-14,SP98,1.7979,65
2026-01-15,SP98,1.8003,65
2026-01-16,SP98,1.8055,65
2026-01-17,SP98,1.8082,65
2026-01-18,SP98,1.8082,65
2026-01-19,SP98,1.8098,65
2026-01-20,SP98,1.8118,65
2026-01-21,SP98,1.8119,65
2026-01-22,SP98,1.8139,65
2026-01-23,SP98,1.8136,65
2026-01-24,SP98,1.8155,64
2026-01-25,SP98,1.8155,64
2026-01-26,SP98,1.816,64
2026-01-27,SP98,1.8147,64
2026-01-28,SP98,1.8148,64
2026-01-29,SP98,1.8155,64
2026-01-30,SP98,1.8164,64
2026-01-31,SP98,1.8198,62
2026-02-01,SP98,1.8198,62
2026-02-02,SP98,1.8213,62
2026-02-03,SP98,1.8232,62
2026-02-04,SP98,1.8223,62
2026-02-05,SP98,1.822,62
2026-02-06,SP98,1.8226,62
2026-02-07,SP98,1.8236,62
2026-02-08,SP98,1.8236,62
2026-02-09,SP98,1.8246,62
2026-02-10,SP98,1.8255,62
2026-02-11,SP98,1.8272,62
2026-02-12,SP98,1.8292,62
2026-02-13,SP98,1.829,62
2026-02-14,SP98,1.8267,62
2026-02-15,SP98,1.8271,62
2026-02-16,SP98,1.825,62
2026-02-17,SP98,1.8216,62
2026-02-18,SP98,1.8231,62
2026-02-19,SP98,1.8242,62
2026-02-20,SP98,1.8061,62
2026-02-21,SP98,1.8225,62
2026-02-22,SP98,1.8271,62
2026-02-23,SP98,1.8298,62
2026-02-24,SP98,1.8331,62
2026-02-25,SP98,1.8367,62
2026-02-26,SP98,1.8385,62
2026-02-27,SP98,1.839,62
2026-02-28,SP98,1.8421,62
2026-03-01,SP98,1.8424,62
2026-03-02,SP98,1.8495,62
2026-03-03,SP98,1.8844,62
2026-03-04,SP98,1.9031,62
2026-03-05,SP98,1.9145,62
2026-03-06,SP98,1.9293,62
2026-03-07,SP98,1.9368,62
2026-03-08,SP98,1.9374,62
2026-03-09,SP98,1.9475,62
2026-03-10,SP98,1.9635,62
2026-03-11,SP98,1.9691,62
2026-03-12,SP98,1.9752,62
2026-03-13,SP98,1.9851,62
2026-03-14,SP98,1.9867,62
2026-03-15,SP98,1.9868,62
2026-03-16,SP98,1.9999,62
2026-03-17,SP98,2.022,62
2026-03-18,SP98,2.028,62
2026-03-19,SP98,2.0288,62
2026-03-20,SP98,2.0435,62
2026-03-21,SP98,2.0465,62
2026-03-22,SP98,2.0476,62
2026-03-23,SP98,2.0605,62
2026-03-24,SP98,2.0746,62
2026-03-25,SP98,2.0743,62
2026-03-26,SP98,2.075,62
2026-03-27,SP98,2.0697,62
2026-03-28,SP98,2.0706,62
2026-03-29,SP98,2.0703,62
2026-03-30,SP98,2.0747,62
2026-03-31,SP98,2.087,62
2026-04-01,SP98,2.0944,62
2026-04-02,SP98,2.094,62
2026-04-03,SP98,2.093,62
2026-04-04,SP98,2.0944,62
2026-04-05,SP98,2.0949,62
2026-04-06,SP98,2.0946,62
2026-04-07,SP98,2.1025,62
2026-04-08,SP98,2.1015,62
2026-04-09,SP98,2.099,62
2026-04-10,SP98,2.0789,62
2026-04-11,SP98,2.0785,62
2026-04-12,SP98,2.0787,62
2026-04-13,SP98,2.0808,62
2026-04-14,SP98,2.0755,62
2026-04-15,SP98,2.0776,62
2026-04-16,SP98,2.0751,62
2026-04-17,SP98,2.0678,62
2026-04-18,SP98,2.0667,62
2026-04-19,SP98,2.067,62
2026-04-20,SP98,2.0651,62
2026-04-21,SP98,2.0602,62
2026-04-22,SP98,2.0613,63
2026-04-23,SP98,2.0633,63
2026-04-24,SP98,2.0699,63
2026-04-25,SP98,2.0728,63
2026-04-26,SP98,2.0728,63
2026-04-27,SP98,2.0757,63
2026-04-28,SP98,2.0792,63
2026-04-29,SP98,2.0808,63
2026-04-30,SP98,2.0821,63
2026-05-01,SP98,2.0831,63
2026-05-02,SP98,2.0838,63
2026-05-03,SP98,2.084,63
2026-05-04,SP98,2.0894,63
2026-05-05,SP98,2.096,63
2026-05-06,SP98,2.0986,63
2026-05-07,SP98,2.102,63
2026-05-08,SP98,2.1006,63
2026-05-09,SP98,2.0994,63
2026-05-10,SP98,2.0994,63
2026-05-11,SP98,2.0977,63
2026-05-12,SP98,2.1003,63
2026-05-13,SP98,2.106,63
2026-05-14,SP98,2.1099,63
2026-05-15,SP98,2.1142,63
2026-05-16,SP98,2.1165,63
2026-05-17,SP98,2.1169,63
2026-05-18,SP98,2.1183,64
2026-05-19,SP98,2.1234,64
2026-05-20,SP98,2.1282,64
2026-05-21,SP98,2.1292,64
2026-05-22,SP98,2.1291,64
2026-05-23,SP98,2.1293,64
2026-05-24,SP98,2.1293,64
2026-05-25,SP98,2.1276,64
2026-05-26,SP98,2.1265,64
2026-05-27,SP98,2.1204,64
2026-05-28,SP98,2.1149,64
2026-05-29,SP98,2.0966,64
2026-05-30,SP98,2.0917,64
2026-05-31,SP98,2.0917,64
2026-06-01,SP98,2.0797,64
2026-06-02,SP98,2.071,64
2026-06-03,SP98,2.0657,64
2026-06-04,SP98,2.0606,64
2026-06-05,SP98,2.0594,64
2026-06-06,SP98,2.0592,64
2026-06-07,SP98,2.0592,64
2026-06-08,SP98,2.0538,64
2026-06-09,SP98,2.0522,64
2026-06-10,SP98,2.0511,64
2026-06-11,SP98,2.0473,64
2026-06-12,SP98,2.043,64
2026-06-13,SP98,2.0442,64
2026-06-14,SP98,2.0442,64
2026-06-15,SP98,2.0439,64
2026-06-16,SP98,2.0397,64
2026-06-17,SP98,2.029,64
2026-06-18,SP98,2.0195,64
2026-06-19,SP98,2.005,64
2026-06-20,SP98,2.0012,64
2026-06-21,SP98,2.001,64
2026-06-22,SP98,1.9943,64
2026-06-23,SP98,1.9912,64
2026-06-24,SP98,1.9893,64
2026-06-25,SP98,1.9837,64
2026-06-26,SP98,1.985,64
2026-06-27,SP98,1.9839,64
2026-06-28,SP98,1.9842,64
2026-06-29,SP98,1.9855,64
2026-06-30,SP98,1.9914,64
2026-07-01,SP98,1.9896,64
2026-07-02,SP98,1.9936,64
2026-07-03,SP98,1.9756,64
2026-07-04,SP98,1.9849,64
2026-07-05,SP98,1.9886,64
2026-07-06,SP98,1.9906,64
2026-07-07,SP98,1.994,64
2026-07-08,SP98,1.994,64
2026-07-09,SP98,1.9998,64
2026-07-10,SP98,2.0032,64
2026-07-11,SP98,2.0028,64
2026-07-12,SP98,2.0027,64
2026-07-13,SP98,2.0042,64
2026-07-14,SP98,2.0063,64
2026-07-15,SP98,2.0121,64
2026-07-16,SP98,2.0236,64
2026-07-17,SP98,2.0628,64
2026-07-18,SP98,2.0829,64
2026-07-19,SP98,2.0834,64
2026-07-20,SP98,2.0865,64
2026-07-21,SP98,2.097,64
2026-07-22,SP98,2.0986,64
2026-07-23,SP98,2.0697,64
2026-07-24,SP98,2.073,64
2026-07-25,SP98,2.0787,64
2026-07-26,SP98,2.079,64
2026-07-27,SP98,2.0857,64
2026-07-28,SP98,2.0856,64
2026-07-29,SP98,2.0857,64
2026-07-30,SP98,2.0841,64
2026-07-31,SP98,2.0852,64
2026-08-01,SP98,2.088,64
2026-08-02,SP98,2.088,64
2026-08-03,SP98,2.0821,64
2026-08-04,SP98,2.0792,64
2026-08-05,SP98,2.0777,64
2026-08-06,SP98,2.076,64
2026-08-07,SP98,2.0649,64
2026-08-08,SP98,2.0637,64
2026-08-09,SP98,2.0634,64
2026-08-10,SP98,2.0615,64
2026-08-11,SP98,2.062,64
2026-08-12,SP98,2.0703,64
2026-08-13,SP98,2.0732,64
2026-08-14,SP98,2.077,64
2026-08-15,SP98,2.0807,64
2026-08-16,SP98,2.0803,64
2026-08-17,SP98,2.0831,64
2026-08-18,SP98,2.0837,64
2026-08-19,SP98,2.083,64
2026-08-20,SP98,2.0832,64
2026-08-21,SP98,2.0877,64
2026-08-22,SP98,2.0901,64
2026-08-23,SP98,2.09,64
2026-08-24,SP98,2.0893,64
2026-08-25,SP98,2.0944,64
2026-08-26,SP98,2.0951,64
2026-08-27,SP98,2.0947,64
2026-08-28,SP98,2.0942,64
2026-08-29,SP98,2.0979,64
2026-08-30,SP98,2.0979,64
2026-08-31,SP98,2.1021,64
2026-09-01,SP98,2.1124,64
2026-09-02,SP98,2.119,64
2026-09-03,SP98,2.1235,64
2026-09-04,SP98,2.1277,64
2026-09-05,SP98,2.1331,64
2026-09-06,SP98,2.133,64
2026-09-07,SP98,2.1385,64
2026-09-08,SP98,2.1457,64
2026-09-09,SP98,2.1508,64
2026-09-10,SP98,2.1582,64
2026-09-11,SP98,2.1612,64
2026-09-12,SP98,2.1652,64
2026-09-13,SP98,2.1657,64
2026-09-14,SP98,2.174,64
2026-09-15,SP98,2.1835,64
2026-09-16,SP98,2.198,64
2026-09-17,SP98,2.2027,64
2026-09-18,SP98,2.2027,64
