day,fuel,mean_price,n_stations
2025-01-01,E10,1.7696,1807
2025-01-02,E10,1.7551,3563
2025-01-03,E10,1.755,4979
2025-01-04,E10,1.7569,5347
2025-01-05,E10,1.7571,5381
2025-01-06,E10,1.7592,6050
2025-01-07,E10,1.7633,6488
2025-01-08,E10,1.7639,6668
2025-01-09,E10,1.7644,6790
2025-01-10,E10,1.7649,6895
2025-01-11,E10,1.7665,6944
2025-01-12,E10,1.7666,6948
2025-01-13,E10,1.7676,7005
2025-01-14,E10,1.7723,7080
2025-01-15,E10,1.7771,7121
2025-01-16,E10,1.7815,7164
2025-01-17,E10,1.7878,7194
2025-01-18,E10,1.7893,7203
2025-01-19,E10,1.7894,7206
2025-01-20,E10,1.7905,7226
2025-01-21,E10,1.7917,7243
2025-01-22,E10,1.7916,7252
2025-01-23,E10,1.7911,7261
2025-01-24,E10,1.7894,7270
2025-01-25,E10,1.7878,7272
2025-01-26,E10,1.7878,7272
2025-01-27,E10,1.7864,7275
2025-01-28,E10,1.7837,7283
2025-01-29,E10,1.7811,7286
2025-01-30,E10,1.7784,7291
2025-01-31,E10,1.7764,7293
2025-02-01,E10,1.7761,7294
2025-02-02,E10,1.7761,7294
2025-02-03,E10,1.7758,7296
2025-02-04,E10,1.7772,7297
2025-02-05,E10,1.7778,7299
2025-02-06,E10,1.7782,7302
2025-02-07,E10,1.7771,7302
2025-02-08,E10,1.7769,7303
2025-02-09,E10,1.7769,7303
2025-02-10,E10,1.777,7306
2025-02-11,E10,1.7785,7310
2025-02-12,E10,1.7815,7313
2025-02-13,E10,1.7828,7315
2025-02-14,E10,1.7804,7317
2025-02-15,E10,1.7794,7319
2025-02-16,E10,1.7795,7319
2025-02-17,E10,1.7778,7320
2025-02-18,E10,1.7753,7325
2025-02-19,E10,1.7742,7327
2025-02-20,E10,1.7732,7331
2025-02-21,E10,1.7575,7333
2025-02-22,E10,1.765,7333
2025-02-23,E10,1.7669,7333
2025-02-24,E10,1.768,7337
2025-02-25,E10,1.7652,7340
2025-02-26,E10,1.7629,7341
2025-02-27,E10,1.7592,7345
2025-02-28,E10,1.7543,7346
2025-03-01,E10,1.7519,7346
2025-03-02,E10,1.7517,7346
2025-03-03,E10,1.7492,7348
2025-03-04,E10,1.7467,7349
2025-03-05,E10,1.7435,7350
2025-03-06,E10,1.7379,7350
2025-03-07,E10,1.7266,7351
2025-03-08,E10,1.7202,7351
2025-03-09,E10,1.7198,7351
2025-03-10,E10,1.7138,7353
2025-03-11,E10,1.7057,7357
2025-03-12,E10,1.7004,7361
2025-03-13,E10,1.6978,7362
2025-03-14,E10,1.6988,7362
2025-03-15,E10,1.6997,7363
2025-03-16,E10,1.6998,7363
2025-03-17,E10,1.7001,7365
2025-03-18,E10,1.7006,7366
2025-03-19,E10,1.7017,7368
2025-03-20,E10,1.7027,7369
2025-03-21,E10,1.7045,7370
2025-03-22,E10,1.7059,7371
2025-03-23,E10,1.7059,7370
2025-03-24,E10,1.7074,7371
2025-03-25,E10,1.7111,7374
2025-03-26,E10,1.7154,7376
2025-03-27,E10,1.72,7376
2025-03-28,E10,1.7265,7379
2025-03-29,E10,1.7295,7379
2025-03-30,E10,1.7297,7380
2025-03-31,E10,1.7319,7382
2025-04-01,E10,1.7353,7383
2025-04-02,E10,1.7397,7385
2025-04-03,E10,1.7438,7385
2025-04-04,E10,1.7417,7388
2025-04-05,E10,1.7379,7386
2025-04-06,E10,1.7377,7385
2025-04-07,E10,1.7324,7386
2025-04-08,E10,1.7236,7390
2025-04-09,E10,1.7156,7392
2025-04-10,E10,1.7048,7393
2025-04-11,E10,1.6942,7393
2025-04-12,E10,1.6893,7394
2025-04-13,E10,1.6891,7394
2025-04-14,E10,1.6839,7396
2025-04-15,E10,1.6784,7400
2025-04-16,E10,1.6761,7402
2025-04-17,E10,1.6738,7406
2025-04-18,E10,1.6515,7407
2025-04-19,E10,1.6594,7407
2025-04-20,E10,1.6612,7406
2025-04-21,E10,1.665,7406
2025-04-22,E10,1.67,7408
2025-04-23,E10,1.6708,7409
2025-04-24,E10,1.6726,7411
2025-04-25,E10,1.6734,7415
2025-04-26,E10,1.6738,7415
2025-04-27,E10,1.6738,7415
2025-04-28,E10,1.6741,7417
2025-04-29,E10,1.6747,7420
2025-04-30,E10,1.6734,7425
2025-05-01,E10,1.6727,7424
2025-05-02,E10,1.6715,7426
2025-05-03,E10,1.67,7426
2025-05-04,E10,1.6699,7426
2025-05-05,E10,1.6679,7426
2025-05-06,E10,1.6642,7428
2025-05-07,E10,1.6611,7430
2025-05-08,E10,1.6607,7429
2025-05-09,E10,1.6613,7430
2025-05-10,E10,1.6627,7431
2025-05-11,E10,1.6627,7428
2025-05-12,E10,1.6639,7429
2025-05-13,E10,1.6694,7432
2025-05-14,E10,1.6745,7433
2025-05-15,E10,1.6793,7434
2025-05-16,E10,1.6822,7436
2025-05-17,E10,1.6828,7437
2025-05-18,E10,1.6828,7437
2025-05-19,E10,1.683,7438
2025-05-20,E10,1.6832,7441
2025-05-21,E10,1.6826,7443
2025-05-22,E10,1.6824,7444
2025-05-23,E10,1.6816,7445
2025-05-24,E10,1.681,7445
2025-05-25,E10,1.681,7445
2025-05-26,E10,1.6805,7445
2025-05-27,E10,1.6807,7449
2025-05-28,E10,1.6804,7450
2025-05-29,E10,1.6802,7450
2025-05-30,E10,1.6796,7450
2025-05-31,E10,1.6795,7450
2025-06-01,E10,1.6795,7450
2025-06-02,E10,1.6789,7452
2025-06-03,E10,1.6784,7455
2025-06-04,E10,1.678,7455
2025-06-05,E10,1.6781,7457
2025-06-06,E10,1.6776,7457
2025-06-07,E10,1.6773,7456
2025-06-08,E10,1.6774,7456
2025-06-09,E10,1.6773,7456
2025-06-10,E10,1.6772,7457
2025-06-11,E10,1.6794,7458
2025-06-12,E10,1.6815,7457
2025-06-13,E10,1.6845,7461
2025-06-14,E10,1.6891,7462
2025-06-15,E10,1.6893,7460
2025-06-16,E10,1.6928,7463
2025-06-17,E10,1.6979,7464
2025-06-18,E10,1.7014,7466
2025-06-19,E10,1.7054,7467
2025-06-20,E10,1.7142,7472
2025-06-21,E10,1.7174,7472
2025-06-22,E10,1.7178,7472
2025-06-23,E10,1.7232,7476
2025-06-24,E10,1.7268,7477
2025-06-25,E10,1.7239,7480
2025-06-26,E10,1.7198,7481
2025-06-27,E10,1.7137,7482
2025-06-28,E10,1.7092,7483
2025-06-29,E10,1.7091,7483
2025-06-30,E10,1.704,7485
2025-07-01,E10,1.6974,7488
2025-07-02,E10,1.692,7491
2025-07-03,E10,1.6878,7492
2025-07-04,E10,1.6639,7493
2025-07-05,E10,1.673,7493
2025-07-06,E10,1.6778,7493
2025-07-07,E10,1.6805,7496
2025-07-08,E10,1.6811,7499
2025-07-09,E10,1.6828,7500
2025-07-10,E10,1.6864,7504
2025-07-11,E10,1.6907,7506
2025-07-12,E10,1.6916,7506
2025-07-13,E10,1.6917,7506
2025-07-14,E10,1.6914,7505
2025-07-15,E10,1.6915,7505
2025-07-16,E10,1.6906,7509
2025-07-17,E10,1.6904,7508
2025-07-18,E10,1.6902,7510
2025-07-19,E10,1.6905,7511
2025-07-20,E10,1.6905,7512
2025-07-21,E10,1.6912,7515
2025-07-22,E10,1.6914,7516
2025-07-23,E10,1.6904,7517
2025-07-24,E10,1.6882,7517
2025-07-25,E10,1.6859,7517
2025-07-26,E10,1.6853,7516
2025-07-27,E10,1.6853,7516
2025-07-28,E10,1.6843,7517
2025-07-29,E10,1.6842,7517
2025-07-30,E10,1.6854,7519
2025-07-31,E10,1.6873,7521
2025-08-01,E10,1.6827,7524
2025-08-02,E10,1.6872,7524
2025-08-03,E10,1.6908,7524
2025-08-04,E10,1.6949,7528
2025-08-05,E10,1.6954,7529
2025-08-06,E10,1.6951,7530
2025-08-07,E10,1.6946,7529
2025-08-08,E10,1.6935,7530
2025-08-09,E10,1.6926,7530
2025-08-10,E10,1.6926,7530
2025-08-11,E10,1.6912,7532
2025-08-12,E10,1.6905,7532
2025-08-13,E10,1.6893,7536
2025-08-14,E10,1.6869,7536
2025-08-15,E10,1.6862,7536
2025-08-16,E10,1.6861,7538
2025-08-17,E10,1.6861,7538
2025-08-18,E10,1.6847,7539
2025-08-19,E10,1.6836,7543
2025-08-20,E10,1.683,7545
2025-08-21,E10,1.6834,7547
2025-08-22,E10,1.6857,7549
2025-08-23,E10,1.6875,7550
2025-08-24,E10,1.6876,7550
2025-08-25,E10,1.6892,7551
2025-08-26,E10,1.6908,7554
2025-08-27,E10,1.691,7557
2025-08-28,E10,1.6899,7557
2025-08-29,E10,1.6827,7557
2025-08-30,E10,1.6835,7557
2025-08-31,E10,1.6867,7557
2025-09-01,E10,1.6879,7557
2025-09-02,E10,1.6886,7558
2025-09-03,E10,1.6924,7559
2025-09-04,E10,1.6937,7559
2025-09-05,E10,1.6757,7560
2025-09-06,E10,1.6861,7560
2025-09-07,E10,1.6911,7560
2025-09-08,E10,1.6971,7562
2025-09-09,E10,1.6988,7565
2025-09-10,E10,1.7004,7566
2025-09-11,E10,1.7028,7565
2025-09-12,E10,1.7046,7565
2025-09-13,E10,1.7052,7565
2025-09-14,E10,1.7052,7564
2025-09-15,E10,1.7053,7566
2025-09-16,E10,1.7064,7568
2025-09-17,E10,1.7078,7570
2025-09-18,E10,1.7085,7573
2025-09-19,E10,1.709,7574
2025-09-20,E10,1.7094,7573
2025-09-21,E10,1.7094,7573
2025-09-22,E10,1.7088,7574
2025-09-23,E10,1.7075,7575
2025-09-24,E10,1.7061,7576
2025-09-25,E10,1.7066,7577
2025-09-26,E10,1.7072,7578
2025-09-27,E10,1.7079,7578
2025-09-28,E10,1.708,7578
2025-09-29,E10,1.7086,7579
2025-09-30,E10,1.7107,7579
2025-10-01,E10,1.7111,7579
2025-10-02,E10,1.7096,7580
2025-10-03,E10,1.7055,7580
2025-10-04,E10,1.7027,7580
2025-10-05,E10,1.7027,7580
2025-10-06,E10,1.6995,7581
2025-10-07,E10,1.6961,7582
2025-10-08,E10,1.6939,7585
2025-10-09,E10,1.694,7587
2025-10-10,E10,1.6942,7587
2025-10-11,E10,1.6942,7586
2025-10-12,E10,1.6942,7586
2025-10-13,E10,1.6937,7586
2025-10-14,E10,1.6925,7588
2025-10-15,E10,1.691,7589
2025-10-16,E10,1.6881,7591
2025-10-17,E10,1.6629,7593
2025-10-18,E10,1.6733,7592
2025-10-19,E10,1.6792,7592
2025-10-20,E10,1.6811,7591
2025-10-21,E10,1.6779,7591
2025-10-22,E10,1.6752,7591
2025-10-23,E10,1.6757,7591
2025-10-24,E10,1.6801,7592
2025-10-25,E10,1.6813,7591
2025-10-26,E10,1.6815,7591
2025-10-27,E10,1.6844,7592
2025-10-28,E10,1.6886,7593
2025-10-29,E10,1.6904,7594
2025-10-30,E10,1.6916,7597
2025-10-31,E10,1.6934,7598
2025-11-01,E10,1.6941,7597
2025-11-02,E10,1.6941,7596
2025-11-03,E10,1.6944,7596
2025-11-04,E10,1.6951,7596
2025-11-05,E10,1.696,7597
2025-11-06,E10,1.6969,7596
2025-11-07,E10,1.7004,7597
2025-11-08,E10,1.7015,7595
2025-11-09,E10,1.7016,7595
2025-11-10,E10,1.7023,7596
2025-11-11,E10,1.7027,7596
2025-11-12,E10,1.7043,7596
2025-11-13,E10,1.7083,7595
2025-11-14,E10,1.7124,7597
2025-11-15,E10,1.7174,7598
2025-11-16,E10,1.7175,7598
2025-11-17,E10,1.72,7598
2025-11-18,E10,1.7222,7601
2025-11-19,E10,1.7235,7601
2025-11-20,E10,1.7222,7601
2025-11-21,E10,1.7222,7602
2025-11-22,E10,1.7201,7602
2025-11-23,E10,1.7201,7602
2025-11-24,E10,1.7182,7603
2025-11-25,E10,1.715,7603
2025-11-26,E10,1.7112,7606
2025-11-27,E10,1.7069,7607
2025-11-28,E10,1.7046,7607
2025-11-29,E10,1.7041,7607
2025-11-30,E10,1.7041,7606
2025-12-01,E10,1.7041,7608
2025-12-02,E10,1.7055,7609
2025-12-03,E10,1.7053,7610
2025-12-04,E10,1.7039,7610
2025-12-05,E10,1.7021,7612
2025-12-06,E10,1.7006,7612
2025-12-07,E10,1.7006,7612
2025-12-08,E10,1.6992,7614
2025-12-09,E10,1.6968,7615
2025-12-10,E10,1.6949,7617
2025-12-11,E10,1.6922,7617
2025-12-12,E10,1.6874,7621
2025-12-13,E10,1.6848,7620
2025-12-14,E10,1.6846,7620
2025-12-15,E10,1.6817,7620
2025-12-16,E10,1.6768,7622
2025-12-17,E10,1.6709,7623
2025-12-18,E10,1.6649,7624
2025-12-19,E10,1.6257,7625
2025-12-20,E10,1.6382,7625
2025-12-21,E10,1.6465,7622
2025-12-22,E10,1.6484,7624
2025-12-23,E10,1.6473,7624
2025-12-24,E10,1.6459,7625
2025-12-25,E10,1.6468,7624
2025-12-26,E10,1.6479,7625
2025-12-27,E10,1.6486,7626
2025-12-28,E10,1.6487,7627
2025-12-29,E10,1.649,7627
2025-12-30,E10,1.6509,7627
2025-12-31,E10,1.6525,7627
2026-01-01,E10,1.6554,7625
2026-01-02,E10,1.6681,7624
2026-01-03,E10,1.6714,7624
2026-01-04,E10,1.6717,7621
2026-01-05,E10,1.6752,7621
2026-01-06,E10,1.6792,7624
2026-01-07,E10,1.6808,7624
2026-01-08,E10,1.6819,7623
2026-01-09,E10,1.6825,7624
2026-01-10,E10,1.6828,7624
2026-01-11,E10,1.6828,7623
2026-01-12,E10,1.6836,7624
2026-01-13,E10,1.686,7626
2026-01-14,E10,1.6891,7628
2026-01-15,E10,1.6925,7630
2026-01-16,E10,1.6941,7629
2026-01-17,E10,1.694,7630
2026-01-18,E10,1.694,7628
2026-01-19,E10,1.6934,7628
2026-01-20,E10,1.6916,7629
2026-01-21,E10,1.6914,7629
2026-01-22,E10,1.6928,7628
2026-01-23,E10,1.6938,7628
2026-01-24,E10,1.6942,7621
2026-01-25,E10,1.6942,7620
2026-01-26,E10,1.6943,7611
2026-01-27,E10,1.6937,7606
2026-01-28,E10,1.6928,7607
2026-01-29,E10,1.6936,7592
2026-01-30,E10,1.6946,7572
2026-01-31,E10,1.6955,7433
2026-02-01,E10,1.6956,7433
2026-02-02,E10,1.6966,7435
2026-02-03,E10,1.6979,7436
2026-02-04,E10,1.6979,7437
2026-02-05,E10,1.6982,7438
2026-02-06,E10,1.6988,7439
2026-02-07,E10,1.6999,7440
2026-02-08,E10,1.6999,7440
2026-02-09,E10,1.7011,7443
2026-02-10,E10,1.703,7444
2026-02-11,E10,1.7051,7444
2026-02-12,E10,1.7073,7444
2026-02-13,E10,1.7072,7446
2026-02-14,E10,1.7065,7447
2026-02-15,E10,1.7064,7446
2026-02-16,E10,1.7056,7447
2026-02-17,E10,1.7043,7447
2026-02-18,E10,1.7039,7451
2026-02-19,E10,1.7028,7450
2026-02-20,E10,1.6811,7451
2026-02-21,E10,1.6936,7451
2026-02-22,E10,1.7001,7451
2026-02-23,E10,1.707,7454
2026-02-24,E10,1.7114,7454
2026-02-25,E10,1.715,7454
2026-02-26,E10,1.7178,7454
2026-02-27,E10,1.7192,7455
2026-02-28,E10,1.721,7455
2026-03-01,E10,1.7212,7455
2026-03-02,E10,1.7268,7458
2026-03-03,E10,1.7631,7464
2026-03-04,E10,1.7846,7469
2026-03-05,E10,1.7975,7476
2026-03-06,E10,1.8144,7484
2026-03-07,E10,1.8229,7485
2026-03-08,E10,1.8233,7485
2026-03-09,E10,1.8341,7495
2026-03-10,E10,1.8548,7507
2026-03-11,E10,1.863,7513
2026-03-12,E10,1.8723,7521
2026-03-13,E10,1.8847,7532
2026-03-14,E10,1.8839,7534
2026-03-15,E10,1.8843,7535
2026-03-16,E10,1.8918,7537
2026-03-17,E10,1.9124,7545
2026-03-18,E10,1.922,7552
2026-03-19,E10,1.9312,7554
2026-03-20,E10,1.9571,7556
2026-03-21,E10,1.967,7559
2026-03-22,E10,1.968,7559
2026-03-23,E10,1.9823,7561
2026-03-24,E10,1.9863,7561
2026-03-25,E10,1.9912,7564
2026-03-26,E10,1.9778,7568
2026-03-27,E10,1.981,7570
2026-03-28,E10,1.9816,7571
2026-03-29,E10,1.9817,7570
2026-03-30,E10,1.9849,7573
2026-03-31,E10,1.9933,7581
2026-04-01,E10,1.9998,7587
2026-04-02,E10,2.0033,7593
2026-04-03,E10,2.0068,7593
2026-04-04,E10,2.008,7593
2026-04-05,E10,2.0084,7590
2026-04-06,E10,2.0086,7590
2026-04-07,E10,2.0124,7592
2026-04-08,E10,2.0171,7598
2026-04-09,E10,2.0069,7599
2026-04-10,E10,1.9995,7600
2026-04-11,E10,1.9979,7601
2026-04-12,E10,1.9979,7601
2026-04-13,E10,1.9957,7603
2026-04-14,E10,1.9971,7604
2026-04-15,E10,1.993,7606
2026-04-16,E10,1.9905,7606
2026-04-17,E10,1.9849,7608
2026-04-18,E10,1.9763,7609
2026-04-19,E10,1.976,7609
2026-04-20,E10,1.9731,7610
2026-04-21,E10,1.9752,7611
2026-04-22,E10,1.9768,7626
2026-04-23,E10,1.9806,7626
2026-04-24,E10,1.9867,7628
2026-04-25,E10,1.9889,7627
2026-04-26,E10,1.9892,7627
2026-04-27,E10,1.9958,7626
2026-04-28,E10,2.003,7626
2026-04-29,E10,2.0067,7629
2026-04-30,E10,2.0132,7628
2026-05-01,E10,2.0144,7627
2026-05-02,E10,2.0172,7626
2026-05-03,E10,2.0175,7625
2026-05-04,E10,2.0265,7627
2026-05-05,E10,2.0322,7629
2026-05-06,E10,2.0355,7632
2026-05-07,E10,2.0359,7635
2026-05-08,E10,2.0344,7635
2026-05-09,E10,2.0358,7632
2026-05-10,E10,2.0358,7631
2026-05-11,E10,2.0312,7636
2026-05-12,E10,2.0293,7636
2026-05-13,E10,2.0322,7637
2026-05-14,E10,2.033,7638
2026-05-15,E10,2.0394,7638
2026-05-16,E10,2.0412,7638
2026-05-17,E10,2.0413,7637
2026-05-18,E10,2.0447,7640
2026-05-19,E10,2.0505,7640
2026-05-20,E10,2.0554,7641
2026-05-21,E10,2.0583,7645
2026-05-22,E10,2.0595,7645
2026-05-23,E10,2.0594,7646
2026-05-24,E10,2.0595,7647
2026-05-25,E10,2.0591,7647
2026-05-26,E10,2.0572,7650
2026-05-27,E10,2.0523,7650
2026-05-28,E10,2.0422,7655
2026-05-29,E10,2.0251,7655
2026-05-30,E10,2.0208,7655
2026-05-31,E10,2.0204,7654
2026-06-01,E10,2.0057,7656
2026-06-02,E10,1.9908,7661
2026-06-03,E10,1.9831,7664
2026-06-04,E10,1.9781,7662
2026-06-05,E10,1.9713,7664
2026-06-06,E10,1.9706,7663
2026-06-07,E10,1.9704,7664
2026-06-08,E10,1.9664,7672
2026-06-09,E10,1.967,7674
2026-06-10,E10,1.9613,7678
2026-06-11,E10,1.9609,7688
2026-06-12,E10,1.9617,7694
2026-06-13,E10,1.9592,7693
2026-06-14,E10,1.9592,7693
2026-06-15,E10,1.957,7690
2026-06-16,E10,1.9463,7694
2026-06-17,E10,1.9329,7702
2026-06-18,E10,1.9255,7704
2026-06-19,E10,1.9146,7704
2026-06-20,E10,1.9111,7702
2026-06-21,E10,1.9108,7702
2026-06-22,E10,1.9065,7701
2026-06-23,E10,1.9034,7706
2026-06-24,E10,1.9008,7710
2026-06-25,E10,1.8955,7715
2026-06-26,E10,1.8992,7715
2026-06-27,E10,1.8943,7715
2026-06-28,E10,1.8941,7713
2026-06-29,E10,1.8948,7714
2026-06-30,E10,1.9016,7715
2026-07-01,E10,1.9007,7719
2026-07-02,E10,1.9046,7718
2026-07-03,E10,1.8878,7720
2026-07-04,E10,1.8965,7719
2026-07-05,E10,1.9008,7718
2026-07-06,E10,1.9045,7720
2026-07-07,E10,1.9117,7722
2026-07-08,E10,1.915,7725
2026-07-09,E10,1.9257,7729
2026-07-10,E10,1.9336,7732
2026-07-11,E10,1.9351,7732
2026-07-12,E10,1.9352,7731
2026-07-13,E10,1.9371,7733
2026-07-14,E10,1.9407,7733
2026-07-15,E10,1.9454,7733
2026-07-16,E10,1.9611,7734
2026-07-17,E10,1.985,7736
2026-07-18,E10,1.9969,7736
2026-07-19,E10,1.9976,7736
2026-07-20,E10,2.0083,7735
2026-07-21,E10,2.0205,7736
2026-07-22,E10,2.0273,7738
2026-07-23,E10,2.0193,7741
2026-07-24,E10,2.0249,7744
2026-07-25,E10,2.0263,7742
2026-07-26,E10,2.0264,7742
2026-07-27,E10,2.028,7741
2026-07-28,E10,2.0273,7742
2026-07-29,E10,2.0254,7743
2026-07-30,E10,2.0259,7745
2026-07-31,E10,2.0284,7744
2026-08-01,E10,2.0292,7745
2026-08-02,E10,2.0292,7745
2026-08-03,E10,2.0274,7746
2026-08-04,E10,2.023,7747
2026-08-05,E10,2.0149,7747
2026-08-06,E10,2.0015,7750
2026-08-07,E10,1.9874,7752
2026-08-08,E10,1.9816,7749
2026-08-09,E10,1.9811,7749
2026-08-10,E10,1.9767,7749
2026-08-11,E10,1.9797,7748
2026-08-12,E10,1.99,7749
2026-08-13,E10,1.9981,7747
2026-08-14,E10,2.0055,7747
2026-08-15,E10,2.0071,7747
2026-08-16,E10,2.0075,7746
2026-08-17,E10,2.0112,7745
2026-08-18,E10,2.0154,7746
2026-08-19,E10,2.018,7747
2026-08-20,E10,2.0208,7746
2026-08-21,E10,2.0246,7746
2026-08-22,E10,2.0258,7745
2026-08-23,E10,2.0259,7734
2026-08-24,E10,2.0277,7729
2026-08-25,E10,2.0304,7730
2026-08-26,E10,2.0312,7731
2026-08-27,E10,2.0317,7731
2026-08-28,E10,2.0326,7730
2026-08-29,E10,2.0338,7727
2026-08-30,E10,2.034,7726
2026-08-31,E10,2.0389,7727
2026-09-01,E10,2.0524,7727
2026-09-02,E10,2.065,7727
2026-09-03,E10,2.0768,7726
2026-09-04,E10,2.092,7726
2026-09-05,E10,2.0967,7725
2026-09-06,E10,2.0972,7722
2026-09-07,E10,2.1058,7724
2026-09-08,E10,2.1132,7726
2026-09-09,E10,2.1167,7728
2026-09-10,E10,2.1202,7731
2026-09-11,E10,2.1197,7734
2026-09-12,E10,2.1206,7732
2026-09-13,E10,2.1209,7730
2026-09-14,E10,2.1269,7729
2026-09-15,E10,2.1383,7738
2026-09-16,E10,2.15,7744
2026-09-17,E10,2.1566,7747
2026-09-18,E10,2.156,7746
2026-09-19,E10,2.1556,7745
2026-09-20,E10,2.1557,7744
2026-09-21,E10,2.1542,7744
2026-09-22,E10,2.1525,7750
2026-09-23,E10,2.1501,7756
2026-09-24,E10,2.15,7756
2026-09-25,E10,2.1515,7755
2026-09-26,E10,2.1522,7755
2026-09-27,E10,2.1523,7753
2026-09-28,E10,2.1565,7756
2026-09-29,E10,2.157,7758
2026-09-30,E10,2.1538,7763
2026-10-01,E10,2.151,7784
2026-10-02,E10,2.1498,7791
2026-10-03,E10,2.1493,7800
2026-10-04,E10,2.1493,7798
2026-10-05,E10,2.149,7801
2026-10-06,E10,2.1479,7809
2026-10-07,E10,2.1479,7808
2025-01-01,E85,0.8171,980
2025-01-02,E85,0.8108,1417
2025-01-03,E85,0.8095,1749
2025-01-04,E85,0.8089,1837
2025-01-05,E85,0.8091,1844
2025-01-06,E85,0.8081,2028
2025-01-07,E85,0.8092,2170
2025-01-08,E85,0.8086,2249
2025-01-09,E85,0.8055,2334
2025-01-10,E85,0.8053,2411
2025-01-11,E85,0.8053,2432
2025-01-12,E85,0.8052,2435
2025-01-13,E85,0.8049,2471
2025-01-14,E85,0.805,2527
2025-01-15,E85,0.8043,2578
2025-01-16,E85,0.8044,2609
2025-01-17,E85,0.8035,2655
2025-01-18,E85,0.8033,2673
2025-01-19,E85,0.8033,2674
2025-01-20,E85,0.8033,2702
2025-01-21,E85,0.8037,2716
2025-01-22,E85,0.8034,2726
2025-01-23,E85,0.8035,2747
2025-01-24,E85,0.8037,2767
2025-01-25,E85,0.8041,2776
2025-01-26,E85,0.8038,2776
2025-01-27,E85,0.8034,2797
2025-01-28,E85,0.8032,2812
2025-01-29,E85,0.803,2820
2025-01-30,E85,0.8025,2834
2025-01-31,E85,0.8026,2850
2025-02-01,E85,0.8026,2855
2025-02-02,E85,0.8025,2855
2025-02-03,E85,0.8024,2864
2025-02-04,E85,0.8021,2874
2025-02-05,E85,0.8028,2887
2025-02-06,E85,0.8025,2897
2025-02-07,E85,0.8023,2906
2025-02-08,E85,0.8022,2912
2025-02-09,E85,0.8023,2913
2025-02-10,E85,0.8025,2925
2025-02-11,E85,0.8018,2931
2025-02-12,E85,0.8019,2941
2025-02-13,E85,0.8018,2952
2025-02-14,E85,0.8011,2965
2025-02-15,E85,0.8009,2972
2025-02-16,E85,0.8008,2974
2025-02-17,E85,0.7974,3052
2025-02-18,E85,0.7952,3111
2025-02-19,E85,0.7943,3139
2025-02-20,E85,0.7924,3195
2025-02-21,E85,0.786,3316
2025-02-22,E85,0.7868,3328
2025-02-23,E85,0.7875,3328
2025-02-24,E85,0.7879,3353
2025-02-25,E85,0.7867,3376
2025-02-26,E85,0.786,3389
2025-02-27,E85,0.7849,3403
2025-02-28,E85,0.7811,3434
2025-03-01,E85,0.7812,3442
2025-03-02,E85,0.7808,3445
2025-03-03,E85,0.7804,3466
2025-03-04,E85,0.78,3482
2025-03-05,E85,0.7796,3501
2025-03-06,E85,0.7786,3514
2025-03-07,E85,0.7775,3525
2025-03-08,E85,0.7746,3527
2025-03-09,E85,0.7745,3527
2025-03-10,E85,0.7738,3533
2025-03-11,E85,0.7733,3549
2025-03-12,E85,0.7723,3559
2025-03-13,E85,0.7711,3567
2025-03-14,E85,0.7693,3578
2025-03-15,E85,0.769,3584
2025-03-16,E85,0.769,3585
2025-03-17,E85,0.7681,3590
2025-03-18,E85,0.7672,3592
2025-03-19,E85,0.7661,3598
2025-03-20,E85,0.7648,3601
2025-03-21,E85,0.7639,3608
2025-03-22,E85,0.7636,3609
2025-03-23,E85,0.7636,3609
2025-03-24,E85,0.7634,3613
2025-03-25,E85,0.7632,3616
2025-03-26,E85,0.7626,3618
2025-03-27,E85,0.7623,3620
2025-03-28,E85,0.7625,3623
2025-03-29,E85,0.7625,3625
2025-03-30,E85,0.7625,3626
2025-03-31,E85,0.7622,3631
2025-04-01,E85,0.7621,3633
2025-04-02,E85,0.7622,3636
2025-04-03,E85,0.7627,3637
2025-04-04,E85,0.762,3644
2025-04-05,E85,0.7609,3647
2025-04-06,E85,0.7609,3647
2025-04-07,E85,0.7606,3650
2025-04-08,E85,0.7585,3656
2025-04-09,E85,0.7579,3661
2025-04-10,E85,0.7562,3663
2025-04-11,E85,0.7542,3669
2025-04-12,E85,0.7533,3671
2025-04-13,E85,0.7532,3671
2025-04-14,E85,0.7526,3679
2025-04-15,E85,0.752,3681
2025-04-16,E85,0.7515,3682
2025-04-17,E85,0.7511,3686
2025-04-18,E85,0.7434,3695
2025-04-19,E85,0.7431,3696
2025-04-20,E85,0.7442,3696
2025-04-21,E85,0.748,3697
2025-04-22,E85,0.7499,3699
2025-04-23,E85,0.7494,3700
2025-04-24,E85,0.7496,3706
2025-04-25,E85,0.7486,3708
2025-04-26,E85,0.7487,3707
2025-04-27,E85,0.7487,3707
2025-04-28,E85,0.7485,3710
2025-04-29,E85,0.7487,3711
2025-04-30,E85,0.7482,3716
2025-05-01,E85,0.748,3717
2025-05-02,E85,0.748,3719
2025-05-03,E85,0.7476,3720
2025-05-04,E85,0.7476,3720
2025-05-05,E85,0.7475,3724
2025-05-06,E85,0.7464,3726
2025-05-07,E85,0.7466,3728
2025-05-08,E85,0.7468,3728
2025-05-09,E85,0.746,3729
2025-05-10,E85,0.7459,3731
2025-05-11,E85,0.7459,3731
2025-05-12,E85,0.7457,3733
2025-05-13,E85,0.7459,3735
2025-05-14,E85,0.7459,3737
2025-05-15,E85,0.7464,3740
2025-05-16,E85,0.7464,3741
2025-05-17,E85,0.7465,3743
2025-05-18,E85,0.7461,3741
2025-05-19,E85,0.7462,3744
2025-05-20,E85,0.746,3745
2025-05-21,E85,0.7457,3747
2025-05-22,E85,0.7456,3748
2025-05-23,E85,0.7453,3750
2025-05-24,E85,0.7451,3749
2025-05-25,E85,0.745,3749
2025-05-26,E85,0.7451,3749
2025-05-27,E85,0.7447,3750
2025-05-28,E85,0.7447,3753
2025-05-29,E85,0.7442,3753
2025-05-30,E85,0.7445,3754
2025-05-31,E85,0.7442,3754
2025-06-01,E85,0.7442,3754
2025-06-02,E85,0.7443,3755
2025-06-03,E85,0.7438,3757
2025-06-04,E85,0.7435,3758
2025-06-05,E85,0.7437,3762
2025-06-06,E85,0.7428,3764
2025-06-07,E85,0.7425,3762
2025-06-08,E85,0.7426,3762
2025-06-09,E85,0.7426,3762
2025-06-10,E85,0.7421,3763
2025-06-11,E85,0.7424,3764
2025-06-12,E85,0.7429,3766
2025-06-13,E85,0.7426,3770
2025-06-14,E85,0.7427,3771
2025-06-15,E85,0.7427,3770
2025-06-16,E85,0.7434,3772
2025-06-17,E85,0.7443,3773
2025-06-18,E85,0.7446,3774
2025-06-19,E85,0.7449,3777
2025-06-20,E85,0.7459,3778
2025-06-21,E85,0.7465,3778
2025-06-22,E85,0.7465,3778
2025-06-23,E85,0.7468,3778
2025-06-24,E85,0.7471,3779
2025-06-25,E85,0.7465,3781
2025-06-26,E85,0.7452,3784
2025-06-27,E85,0.7447,3787
2025-06-28,E85,0.7445,3787
2025-06-29,E85,0.7445,3787
2025-06-30,E85,0.7444,3789
2025-07-01,E85,0.7438,3792
2025-07-02,E85,0.7436,3794
2025-07-03,E85,0.7432,3795
2025-07-04,E85,0.735,3799
2025-07-05,E85,0.7366,3800
2025-07-06,E85,0.7405,3800
2025-07-07,E85,0.7424,3801
2025-07-08,E85,0.7426,3803
2025-07-09,E85,0.7428,3804
2025-07-10,E85,0.7442,3810
2025-07-11,E85,0.7445,3813
2025-07-12,E85,0.744,3813
2025-07-13,E85,0.7441,3813
2025-07-14,E85,0.744,3813
2025-07-15,E85,0.7443,3815
2025-07-16,E85,0.7446,3820
2025-07-17,E85,0.744,3820
2025-07-18,E85,0.7438,3821
2025-07-19,E85,0.7435,3821
2025-07-20,E85,0.7435,3821
2025-07-21,E85,0.7436,3824
2025-07-22,E85,0.7434,3824
2025-07-23,E85,0.7437,3825
2025-07-24,E85,0.743,3828
2025-07-25,E85,0.7427,3832
2025-07-26,E85,0.7424,3832
2025-07-27,E85,0.7424,3832
2025-07-28,E85,0.7429,3832
2025-07-29,E85,0.7424,3833
2025-07-30,E85,0.7424,3837
2025-07-31,E85,0.7424,3841
2025-08-01,E85,0.7296,3842
2025-08-02,E85,0.7346,3841
2025-08-03,E85,0.7397,3841
2025-08-04,E85,0.7419,3841
2025-08-05,E85,0.7408,3840
2025-08-06,E85,0.7399,3843
2025-08-07,E85,0.7399,3845
2025-08-08,E85,0.7392,3845
2025-08-09,E85,0.7386,3843
2025-08-10,E85,0.7386,3843
2025-08-11,E85,0.738,3843
2025-08-12,E85,0.7379,3845
2025-08-13,E85,0.7376,3847
2025-08-14,E85,0.737,3848
2025-08-15,E85,0.7365,3848
2025-08-16,E85,0.7368,3848
2025-08-17,E85,0.7365,3848
2025-08-18,E85,0.7367,3850
2025-08-19,E85,0.7365,3852
2025-08-20,E85,0.7362,3853
2025-08-21,E85,0.7361,3853
2025-08-22,E85,0.736,3853
2025-08-23,E85,0.7362,3854
2025-08-24,E85,0.7363,3854
2025-08-25,E85,0.736,3854
2025-08-26,E85,0.7359,3855
2025-08-27,E85,0.7359,3857
2025-08-28,E85,0.7355,3857
2025-08-29,E85,0.7279,3858
2025-08-30,E85,0.7298,3858
2025-08-31,E85,0.7337,3858
2025-09-01,E85,0.7351,3858
2025-09-02,E85,0.735,3859
2025-09-03,E85,0.7355,3859
2025-09-04,E85,0.735,3860
2025-09-05,E85,0.7283,3860
2025-09-06,E85,0.73,3860
2025-09-07,E85,0.7337,3860
2025-09-08,E85,0.7349,3861
2025-09-09,E85,0.7348,3863
2025-09-10,E85,0.735,3864
2025-09-11,E85,0.7349,3864
2025-09-12,E85,0.7352,3869
2025-09-13,E85,0.7352,3869
2025-09-14,E85,0.7353,3868
2025-09-15,E85,0.7357,3869
2025-09-16,E85,0.7357,3871
2025-09-17,E85,0.7356,3872
2025-09-18,E85,0.7357,3872
2025-09-19,E85,0.7359,3872
2025-09-20,E85,0.736,3872
2025-09-21,E85,0.736,3872
2025-09-22,E85,0.7357,3872
2025-09-23,E85,0.7355,3872
2025-09-24,E85,0.7356,3873
2025-09-25,E85,0.7358,3873
2025-09-26,E85,0.7361,3875
2025-09-27,E85,0.7361,3875
2025-09-28,E85,0.7362,3875
2025-09-29,E85,0.7363,3875
2025-09-30,E85,0.7368,3877
2025-10-01,E85,0.7363,3877
2025-10-02,E85,0.7352,3876
2025-10-03,E85,0.7344,3877
2025-10-04,E85,0.734,3877
2025-10-05,E85,0.734,3875
2025-10-06,E85,0.7338,3876
2025-10-07,E85,0.7334,3876
2025-10-08,E85,0.733,3877
2025-10-09,E85,0.733,3879
2025-10-10,E85,0.7325,3880
2025-10-11,E85,0.7325,3880
2025-10-12,E85,0.7324,3880
2025-10-13,E85,0.7322,3880
2025-10-14,E85,0.7319,3880
2025-10-15,E85,0.7325,3883
2025-10-16,E85,0.7316,3888
2025-10-17,E85,0.7248,3889
2025-10-18,E85,0.7266,3889
2025-10-19,E85,0.7302,3889
2025-10-20,E85,0.7311,3890
2025-10-21,E85,0.7312,3891
2025-10-22,E85,0.7308,3891
2025-10-23,E85,0.7308,3892
2025-10-24,E85,0.7307,3894
2025-10-25,E85,0.7306,3892
2025-10-26,E85,0.7309,3892
2025-10-27,E85,0.731,3892
2025-10-28,E85,0.7312,3892
2025-10-29,E85,0.7313,3893
2025-10-30,E85,0.7313,3893
2025-10-31,E85,0.7313,3896
2025-11-01,E85,0.7314,3896
2025-11-02,E85,0.7314,3897
2025-11-03,E85,0.7318,3897
2025-11-04,E85,0.7316,3898
2025-11-05,E85,0.7313,3898
2025-11-06,E85,0.7316,3897
2025-11-07,E85,0.7346,3900
2025-11-08,E85,0.7371,3899
2025-11-09,E85,0.7372,3899
2025-11-10,E85,0.7375,3899
2025-11-11,E85,0.7374,3899
2025-11-12,E85,0.7383,3899
2025-11-13,E85,0.7386,3899
2025-11-14,E85,0.7385,3899
2025-11-15,E85,0.7383,3899
2025-11-16,E85,0.7384,3899
2025-11-17,E85,0.7383,3900
2025-11-18,E85,0.7385,3900
2025-11-19,E85,0.739,3900
2025-11-20,E85,0.7391,3900
2025-11-21,E85,0.7389,3902
2025-11-22,E85,0.739,3902
2025-11-23,E85,0.7392,3902
2025-11-24,E85,0.7389,3902
2025-11-25,E85,0.7387,3903
2025-11-26,E85,0.7385,3905
2025-11-27,E85,0.7383,3906
2025-11-28,E85,0.7383,3907
2025-11-29,E85,0.738,3907
2025-11-30,E85,0.738,3906
2025-12-01,E85,0.7382,3905
2025-12-02,E85,0.7387,3908
2025-12-03,E85,0.7384,3909
2025-12-04,E85,0.7379,3909
2025-12-05,E85,0.7376,3909
2025-12-06,E85,0.7374,3909
2025-12-07,E85,0.7373,3908
2025-12-08,E85,0.737,3910
2025-12-09,E85,0.7366,3911
2025-12-10,E85,0.7368,3913
2025-12-11,E85,0.7364,3914
2025-12-12,E85,0.736,3916
2025-12-13,E85,0.7358,3915
2025-12-14,E85,0.7357,3914
2025-12-15,E85,0.7358,3913
2025-12-16,E85,0.7351,3915
2025-12-17,E85,0.7347,3916
2025-12-18,E85,0.734,3918
2025-12-19,E85,0.7254,3919
2025-12-20,E85,0.7268,3920
2025-12-21,E85,0.7318,3920
2025-12-22,E85,0.734,3919
2025-12-23,E85,0.7336,3920
2025-12-24,E85,0.7332,3920
2025-12-25,E85,0.7332,3920
2025-12-26,E85,0.7329,3921
2025-12-27,E85,0.733,3921
2025-12-28,E85,0.733,3921
2025-12-29,E85,0.7328,3921
2025-12-30,E85,0.7329,3920
2025-12-31,E85,0.7339,3921
2026-01-01,E85,0.7349,3920
2026-01-02,E85,0.7451,3920
2026-01-03,E85,0.7472,3920
2026-01-04,E85,0.7473,3920
2026-01-05,E85,0.7498,3921
2026-01-06,E85,0.7528,3922
2026-01-07,E85,0.7556,3922
2026-01-08,E85,0.7578,3920
2026-01-09,E85,0.7604,3919
2026-01-10,E85,0.7613,3920
2026-01-11,E85,0.7616,3918
2026-01-12,E85,0.7635,3920
2026-01-13,E85,0.7651,3921
2026-01-14,E85,0.7674,3921
2026-01-15,E85,0.7685,3923
2026-01-16,E85,0.7681,3924
2026-01-17,E85,0.7684,3925
2026-01-18,E85,0.7684,3925
2026-01-19,E85,0.7682,3922
2026-01-20,E85,0.7683,3922
2026-01-21,E85,0.7685,3921
2026-01-22,E85,0.7683,3923
2026-01-23,E85,0.7681,3923
2026-01-24,E85,0.7683,3922
2026-01-25,E85,0.7682,3921
2026-01-26,E85,0.7684,3919
2026-01-27,E85,0.7681,3918
2026-01-28,E85,0.7679,3918
2026-01-29,E85,0.7679,3914
2026-01-30,E85,0.7676,3912
2026-01-31,E85,0.767,3873
2026-02-01,E85,0.767,3873
2026-02-02,E85,0.767,3875
2026-02-03,E85,0.7665,3877
2026-02-04,E85,0.7666,3878
2026-02-05,E85,0.7663,3878
2026-02-06,E85,0.7653,3878
2026-02-07,E85,0.7652,3879
2026-02-08,E85,0.7652,3879
2026-02-09,E85,0.7654,3880
2026-02-10,E85,0.7656,3881
2026-02-11,E85,0.7653,3882
2026-02-12,E85,0.7646,3881
2026-02-13,E85,0.7645,3882
2026-02-14,E85,0.7644,3882
2026-02-15,E85,0.7644,3881
2026-02-16,E85,0.7644,3881
2026-02-17,E85,0.7643,3881
2026-02-18,E85,0.7645,3884
2026-02-19,E85,0.764,3885
2026-02-20,E85,0.7547,3885
2026-02-21,E85,0.7569,3885
2026-02-22,E85,0.7619,3884
2026-02-23,E85,0.7651,3885
2026-02-24,E85,0.7655,3885
2026-02-25,E85,0.7661,3885
2026-02-26,E85,0.7663,3885
2026-02-27,E85,0.7662,3886
2026-02-28,E85,0.7666,3886
2026-03-01,E85,0.7666,3886
2026-03-02,E85,0.7683,3887
2026-03-03,E85,0.7723,3893
2026-03-04,E85,0.7791,3895
2026-03-05,E85,0.7818,3898
2026-03-06,E85,0.7844,3899
2026-03-07,E85,0.789,3899
2026-03-08,E85,0.7891,3899
2026-03-09,E85,0.7909,3901
2026-03-10,E85,0.793,3905
2026-03-11,E85,0.7957,3907
2026-03-12,E85,0.793,3913
2026-03-13,E85,0.7944,3917
2026-03-14,E85,0.7943,3916
2026-03-15,E85,0.7943,3916
2026-03-16,E85,0.7951,3918
2026-03-17,E85,0.798,3921
2026-03-18,E85,0.7986,3925
2026-03-19,E85,0.8003,3925
2026-03-20,E85,0.8068,3925
2026-03-21,E85,0.8072,3927
2026-03-22,E85,0.8073,3927
2026-03-23,E85,0.8083,3928
2026-03-24,E85,0.8095,3928
2026-03-25,E85,0.8097,3929
2026-03-26,E85,0.8092,3930
2026-03-27,E85,0.8088,3930
2026-03-28,E85,0.809,3931
2026-03-29,E85,0.809,3931
2026-03-30,E85,0.8101,3931
2026-03-31,E85,0.8106,3935
2026-04-01,E85,0.8119,3939
2026-04-02,E85,0.8143,3941
2026-04-03,E85,0.8149,3941
2026-04-04,E85,0.8148,3938
2026-04-05,E85,0.8149,3938
2026-04-06,E85,0.8146,3936
2026-04-07,E85,0.8161,3937
2026-04-08,E85,0.8162,3937
2026-04-09,E85,0.8256,3938
2026-04-10,E85,0.8343,3941
2026-04-11,E85,0.8367,3942
2026-04-12,E85,0.837,3940
2026-04-13,E85,0.839,3939
2026-04-14,E85,0.8417,3942
2026-04-15,E85,0.8419,3942
2026-04-16,E85,0.8455,3943
2026-04-17,E85,0.8482,3945
2026-04-18,E85,0.8486,3945
2026-04-19,E85,0.8487,3945
2026-04-20,E85,0.8483,3946
2026-04-21,E85,0.8481,3947
2026-04-22,E85,0.8485,3955
2026-04-23,E85,0.8491,3956
2026-04-24,E85,0.8491,3957
2026-04-25,E85,0.8491,3957
2026-04-26,E85,0.8491,3957
2026-04-27,E85,0.8495,3957
2026-04-28,E85,0.8499,3956
2026-04-29,E85,0.8505,3956
2026-04-30,E85,0.8512,3959
2026-05-01,E85,0.8513,3957
2026-05-02,E85,0.8506,3955
2026-05-03,E85,0.8507,3955
2026-05-04,E85,0.8513,3955
2026-05-05,E85,0.8512,3956
2026-05-06,E85,0.8512,3956
2026-05-07,E85,0.8507,3958
2026-05-08,E85,0.8504,3958
2026-05-09,E85,0.85,3955
2026-05-10,E85,0.8497,3953
2026-05-11,E85,0.8497,3953
2026-05-12,E85,0.8503,3953
2026-05-13,E85,0.8509,3955
2026-05-14,E85,0.8512,3957
2026-05-15,E85,0.8506,3956
2026-05-16,E85,0.8506,3954
2026-05-17,E85,0.8503,3951
2026-05-18,E85,0.8506,3952
2026-05-19,E85,0.8509,3953
2026-05-20,E85,0.8512,3953
2026-05-21,E85,0.8509,3954
2026-05-22,E85,0.8507,3956
2026-05-23,E85,0.8504,3956
2026-05-24,E85,0.8504,3956
2026-05-25,E85,0.8501,3956
2026-05-26,E85,0.8502,3958
2026-05-27,E85,0.8491,3958
2026-05-28,E85,0.8483,3958
2026-05-29,E85,0.8475,3959
2026-05-30,E85,0.8468,3958
2026-05-31,E85,0.8468,3957
2026-06-01,E85,0.846,3958
2026-06-02,E85,0.8458,3960
2026-06-03,E85,0.8458,3961
2026-06-04,E85,0.8454,3963
2026-06-05,E85,0.8439,3963
2026-06-06,E85,0.8438,3962
2026-06-07,E85,0.8438,3962
2026-06-08,E85,0.844,3964
2026-06-09,E85,0.8437,3965
2026-06-10,E85,0.8431,3965
2026-06-11,E85,0.8442,3968
2026-06-12,E85,0.845,3968
2026-06-13,E85,0.8449,3964
2026-06-14,E85,0.8447,3963
2026-06-15,E85,0.8447,3963
2026-06-16,E85,0.8443,3964
2026-06-17,E85,0.8436,3966
2026-06-18,E85,0.8433,3970
2026-06-19,E85,0.842,3971
2026-06-20,E85,0.8416,3971
2026-06-21,E85,0.8416,3971
2026-06-22,E85,0.8416,3969
2026-06-23,E85,0.8411,3969
2026-06-24,E85,0.8408,3971
2026-06-25,E85,0.84,3971
2026-06-26,E85,0.8396,3970
2026-06-27,E85,0.8398,3970
2026-06-28,E85,0.8394,3968
2026-06-29,E85,0.8389,3966
2026-06-30,E85,0.8386,3966
2026-07-01,E85,0.8394,3966
2026-07-02,E85,0.8393,3965
2026-07-03,E85,0.833,3965
2026-07-04,E85,0.8341,3964
2026-07-05,E85,0.8371,3963
2026-07-06,E85,0.8381,3964
2026-07-07,E85,0.8384,3964
2026-07-08,E85,0.8385,3965
2026-07-09,E85,0.8389,3968
2026-07-10,E85,0.8398,3968
2026-07-11,E85,0.8399,3967
2026-07-12,E85,0.8399,3967
2026-07-13,E85,0.84,3966
2026-07-14,E85,0.8402,3965
2026-07-15,E85,0.8414,3965
2026-07-16,E85,0.8423,3964
2026-07-17,E85,0.8439,3965
2026-07-18,E85,0.8446,3964
2026-07-19,E85,0.8446,3963
2026-07-20,E85,0.8463,3962
2026-07-21,E85,0.8472,3962
2026-07-22,E85,0.8492,3966
2026-07-23,E85,0.8513,3968
2026-07-24,E85,0.8533,3970
2026-07-25,E85,0.8534,3969
2026-07-26,E85,0.8532,3969
2026-07-27,E85,0.8538,3971
2026-07-28,E85,0.8543,3972
2026-07-29,E85,0.8556,3972
2026-07-30,E85,0.8573,3972
2026-07-31,E85,0.8583,3972
2026-08-01,E85,0.8587,3972
2026-08-02,E85,0.8588,3970
2026-08-03,E85,0.8593,3971
2026-08-04,E85,0.8602,3973
2026-08-05,E85,0.8596,3974
2026-08-06,E85,0.8591,3975
2026-08-07,E85,0.8588,3975
2026-08-08,E85,0.8592,3974
2026-08-09,E85,0.8592,3974
2026-08-10,E85,0.8594,3973
2026-08-11,E85,0.8605,3972
2026-08-12,E85,0.8614,3972
2026-08-13,E85,0.8621,3972
2026-08-14,E85,0.8629,3972
2026-08-15,E85,0.8633,3972
2026-08-16,E85,0.8633,3971
2026-08-17,E85,0.8641,3965
2026-08-18,E85,0.8643,3965
2026-08-19,E85,0.8646,3965
2026-08-20,E85,0.865,3963
2026-08-21,E85,0.8654,3960
2026-08-22,E85,0.8653,3958
2026-08-23,E85,0.8651,3951
2026-08-24,E85,0.8652,3950
2026-08-25,E85,0.8658,3950
2026-08-26,E85,0.8685,3950
2026-08-27,E85,0.8691,3948
2026-08-28,E85,0.8699,3948
2026-08-29,E85,0.8701,3947
2026-08-30,E85,0.87,3946
2026-08-31,E85,0.8704,3945
2026-09-01,E85,0.8717,3944
2026-09-02,E85,0.8729,3944
2026-09-03,E85,0.8735,3944
2026-09-04,E85,0.8753,3941
2026-09-05,E85,0.8757,3938
2026-09-06,E85,0.8754,3934
2026-09-07,E85,0.876,3932
2026-09-08,E85,0.8768,3931
2026-09-09,E85,0.8776,3931
2026-09-10,E85,0.8792,3929
2026-09-11,E85,0.8798,3930
2026-09-12,E85,0.8805,3930
2026-09-13,E85,0.8806,3928
2026-09-14,E85,0.8822,3927
2026-09-15,E85,0.8843,3930
2026-09-16,E85,0.8882,3931
2026-09-17,E85,0.8903,3934
2026-09-18,E85,0.8922,3927
2026-09-19,E85,0.8924,3924
2026-09-20,E85,0.8925,3924
2026-09-21,E85,0.8932,3923
2026-09-22,E85,0.8934,3923
2026-09-23,E85,0.8934,3924
2026-09-24,E85,0.8945,3925
2026-09-25,E85,0.8953,3919
2026-09-26,E85,0.896,3915
2026-09-27,E85,0.8961,3912
2026-09-28,E85,0.8977,3910
2026-09-29,E85,0.8986,3910
2026-09-30,E85,0.8987,3911
2026-10-01,E85,0.8988,3912
2026-10-02,E85,0.9012,3910
2026-10-03,E85,0.9019,3910
2026-10-04,E85,0.902,3901
2026-10-05,E85,0.9025,3890
2026-10-06,E85,0.9036,3888
2026-10-07,E85,0.9036,3888
2025-01-01,GPLc,1.0211,458
2025-01-02,GPLc,1.0119,655
2025-01-03,GPLc,1.0132,754
2025-01-04,GPLc,1.0139,782
2025-01-05,GPLc,1.0139,786
2025-01-06,GPLc,1.0131,824
2025-01-07,GPLc,1.0135,867
2025-01-08,GPLc,1.0124,888
2025-01-09,GPLc,1.0124,896
2025-01-10,GPLc,1.0123,912
2025-01-11,GPLc,1.0129,923
2025-01-12,GPLc,1.0129,923
2025-01-13,GPLc,1.0123,935
2025-01-14,GPLc,1.0129,957
2025-01-15,GPLc,1.0133,979
2025-01-16,GPLc,1.0121,992
2025-01-17,GPLc,1.0109,1000
2025-01-18,GPLc,1.0109,1002
2025-01-19,GPLc,1.0108,1004
2025-01-20,GPLc,1.0105,1012
2025-01-21,GPLc,1.01,1022
2025-01-22,GPLc,1.01,1029
2025-01-23,GPLc,1.0098,1036
2025-01-24,GPLc,1.0089,1044
2025-01-25,GPLc,1.0089,1050
2025-01-26,GPLc,1.0088,1051
2025-01-27,GPLc,1.0087,1057
2025-01-28,GPLc,1.0086,1061
2025-01-29,GPLc,1.0085,1065
2025-01-30,GPLc,1.0089,1073
2025-01-31,GPLc,1.0088,1077
2025-02-01,GPLc,1.0088,1078
2025-02-02,GPLc,1.0088,1078
2025-02-03,GPLc,1.0087,1083
2025-02-04,GPLc,1.0086,1090
2025-02-05,GPLc,1.009,1094
2025-02-06,GPLc,1.009,1095
2025-02-07,GPLc,1.0088,1104
2025-02-08,GPLc,1.0089,1105
2025-02-09,GPLc,1.0092,1106
2025-02-10,GPLc,1.0091,1113
2025-02-11,GPLc,1.0099,1115
2025-02-12,GPLc,1.0085,1120
2025-02-13,GPLc,1.0085,1122
2025-02-14,GPLc,1.0089,1125
2025-02-15,GPLc,1.0088,1126
2025-02-16,GPLc,1.0088,1126
2025-02-17,GPLc,1.0082,1127
2025-02-18,GPLc,1.0083,1131
2025-02-19,GPLc,1.0085,1136
2025-02-20,GPLc,1.0083,1139
2025-02-21,GPLc,1.0056,1163
2025-02-22,GPLc,1.0064,1164
2025-02-23,GPLc,1.0068,1164
2025-02-24,GPLc,1.0069,1171
2025-02-25,GPLc,1.0068,1176
2025-02-26,GPLc,1.0068,1179
2025-02-27,GPLc,1.0068,1181
2025-02-28,GPLc,1.0067,1184
2025-03-01,GPLc,1.0066,1185
2025-03-02,GPLc,1.0066,1185
2025-03-03,GPLc,1.0065,1187
2025-03-04,GPLc,1.0068,1190
2025-03-05,GPLc,1.0066,1193
2025-03-06,GPLc,1.0063,1199
2025-03-07,GPLc,1.006,1207
2025-03-08,GPLc,1.0061,1211
2025-03-09,GPLc,1.0061,1211
2025-03-10,GPLc,1.0066,1217
2025-03-11,GPLc,1.0063,1223
2025-03-12,GPLc,1.0014,1225
2025-03-13,GPLc,1.0001,1228
2025-03-14,GPLc,1.0002,1234
2025-03-15,GPLc,0.9999,1234
2025-03-16,GPLc,0.9999,1234
2025-03-17,GPLc,1.0001,1237
2025-03-18,GPLc,1.0005,1239
2025-03-19,GPLc,1.0002,1245
2025-03-20,GPLc,1.0001,1247
2025-03-21,GPLc,0.9997,1247
2025-03-22,GPLc,0.9994,1248
2025-03-23,GPLc,0.9994,1247
2025-03-24,GPLc,0.9993,1250
2025-03-25,GPLc,0.9998,1251
2025-03-26,GPLc,0.9992,1253
2025-03-27,GPLc,0.999,1253
2025-03-28,GPLc,0.9981,1256
2025-03-29,GPLc,0.9978,1256
2025-03-30,GPLc,0.9978,1256
2025-03-31,GPLc,0.9979,1257
2025-04-01,GPLc,0.9975,1258
2025-04-02,GPLc,0.9979,1259
2025-04-03,GPLc,0.9979,1261
2025-04-04,GPLc,0.9973,1265
2025-04-05,GPLc,0.9973,1265
2025-04-06,GPLc,0.9973,1265
2025-04-07,GPLc,0.9968,1269
2025-04-08,GPLc,0.9964,1271
2025-04-09,GPLc,0.9962,1278
2025-04-10,GPLc,0.9967,1283
2025-04-11,GPLc,0.9958,1290
2025-04-12,GPLc,0.9958,1293
2025-04-13,GPLc,0.9958,1294
2025-04-14,GPLc,0.9964,1295
2025-04-15,GPLc,0.9968,1300
2025-04-16,GPLc,0.9971,1300
2025-04-17,GPLc,0.9961,1303
2025-04-18,GPLc,0.9928,1310
2025-04-19,GPLc,0.9938,1313
2025-04-20,GPLc,0.9942,1312
2025-04-21,GPLc,0.9951,1312
2025-04-22,GPLc,0.9957,1314
2025-04-23,GPLc,0.9956,1318
2025-04-24,GPLc,0.9955,1321
2025-04-25,GPLc,0.9951,1322
2025-04-26,GPLc,0.995,1322
2025-04-27,GPLc,0.995,1322
2025-04-28,GPLc,0.995,1322
2025-04-29,GPLc,0.9949,1323
2025-04-30,GPLc,0.995,1326
2025-05-01,GPLc,0.995,1326
2025-05-02,GPLc,0.9948,1329
2025-05-03,GPLc,0.9947,1332
2025-05-04,GPLc,0.9947,1331
2025-05-05,GPLc,0.9948,1331
2025-05-06,GPLc,0.9945,1335
2025-05-07,GPLc,0.9946,1340
2025-05-08,GPLc,0.9939,1340
2025-05-09,GPLc,0.9936,1340
2025-05-10,GPLc,0.993,1343
2025-05-11,GPLc,0.9929,1343
2025-05-12,GPLc,0.9933,1347
2025-05-13,GPLc,0.9927,1348
2025-05-14,GPLc,0.9921,1351
2025-05-15,GPLc,0.9923,1353
2025-05-16,GPLc,0.9923,1355
2025-05-17,GPLc,0.9928,1357
2025-05-18,GPLc,0.9928,1357
2025-05-19,GPLc,0.9932,1360
2025-05-20,GPLc,0.9925,1363
2025-05-21,GPLc,0.993,1364
2025-05-22,GPLc,0.992,1365
2025-05-23,GPLc,0.9931,1366
2025-05-24,GPLc,0.9929,1368
2025-05-25,GPLc,0.9929,1368
2025-05-26,GPLc,0.9921,1369
2025-05-27,GPLc,0.9916,1373
2025-05-28,GPLc,0.9914,1376
2025-05-29,GPLc,0.9912,1377
2025-05-30,GPLc,0.9907,1377
2025-05-31,GPLc,0.9906,1377
2025-06-01,GPLc,0.9907,1377
2025-06-02,GPLc,0.9903,1380
2025-06-03,GPLc,0.9906,1381
2025-06-04,GPLc,0.9905,1383
2025-06-05,GPLc,0.9903,1384
2025-06-06,GPLc,0.9901,1384
2025-06-07,GPLc,0.9888,1384
2025-06-08,GPLc,0.9889,1384
2025-06-09,GPLc,0.9888,1384
2025-06-10,GPLc,0.9887,1385
2025-06-11,GPLc,0.9887,1389
2025-06-12,GPLc,0.9883,1389
2025-06-13,GPLc,0.9884,1388
2025-06-14,GPLc,0.9877,1388
2025-06-15,GPLc,0.9878,1388
2025-06-16,GPLc,0.9876,1389
2025-06-17,GPLc,0.988,1392
2025-06-18,GPLc,0.9879,1395
2025-06-19,GPLc,0.9873,1395
2025-06-20,GPLc,0.9873,1396
2025-06-21,GPLc,0.9872,1399
2025-06-22,GPLc,0.9873,1399
2025-06-23,GPLc,0.9877,1403
2025-06-24,GPLc,0.9877,1407
2025-06-25,GPLc,0.9871,1407
2025-06-26,GPLc,0.9868,1409
2025-06-27,GPLc,0.9886,1416
2025-06-28,GPLc,0.9883,1417
2025-06-29,GPLc,0.9883,1417
2025-06-30,GPLc,0.9882,1421
2025-07-01,GPLc,0.9884,1424
2025-07-02,GPLc,0.9876,1424
2025-07-03,GPLc,0.9879,1427
2025-07-04,GPLc,0.9856,1429
2025-07-05,GPLc,0.9865,1429
2025-07-06,GPLc,0.9868,1429
2025-07-07,GPLc,0.9877,1430
2025-07-08,GPLc,0.9876,1431
2025-07-09,GPLc,0.9873,1431
2025-07-10,GPLc,0.9872,1436
2025-07-11,GPLc,0.9872,1436
2025-07-12,GPLc,0.9871,1436
2025-07-13,GPLc,0.9871,1436
2025-07-14,GPLc,0.9871,1436
2025-07-15,GPLc,0.9871,1436
2025-07-16,GPLc,0.9868,1437
2025-07-17,GPLc,0.9867,1437
2025-07-18,GPLc,0.9868,1439
2025-07-19,GPLc,0.9869,1440
2025-07-20,GPLc,0.9869,1440
2025-07-21,GPLc,0.9868,1441
2025-07-22,GPLc,0.9868,1442
2025-07-23,GPLc,0.9877,1444
2025-07-24,GPLc,0.9872,1445
2025-07-25,GPLc,0.9871,1444
2025-07-26,GPLc,0.9872,1444
2025-07-27,GPLc,0.9872,1444
2025-07-28,GPLc,0.9876,1445
2025-07-29,GPLc,0.9874,1446
2025-07-30,GPLc,0.9874,1446
2025-07-31,GPLc,0.987,1447
2025-08-01,GPLc,0.9851,1449
2025-08-02,GPLc,0.9854,1449
2025-08-03,GPLc,0.9859,1449
2025-08-04,GPLc,0.9863,1449
2025-08-05,GPLc,0.9856,1448
2025-08-06,GPLc,0.9855,1448
2025-08-07,GPLc,0.9849,1450
2025-08-08,GPLc,0.9848,1452
2025-08-09,GPLc,0.9848,1452
2025-08-10,GPLc,0.9847,1452
2025-08-11,GPLc,0.9843,1452
2025-08-12,GPLc,0.9841,1452
2025-08-13,GPLc,0.9839,1453
2025-08-14,GPLc,0.9838,1453
2025-08-15,GPLc,0.9838,1453
2025-08-16,GPLc,0.9837,1454
2025-08-17,GPLc,0.9837,1454
2025-08-18,GPLc,0.9837,1456
2025-08-19,GPLc,0.9837,1455
2025-08-20,GPLc,0.9837,1455
2025-08-21,GPLc,0.9835,1456
2025-08-22,GPLc,0.9834,1456
2025-08-23,GPLc,0.9834,1456
2025-08-24,GPLc,0.9834,1456
2025-08-25,GPLc,0.9833,1456
2025-08-26,GPLc,0.9833,1457
2025-08-27,GPLc,0.983,1457
2025-08-28,GPLc,0.9825,1458
2025-08-29,GPLc,0.9808,1458
2025-08-30,GPLc,0.9812,1458
2025-08-31,GPLc,0.9818,1458
2025-09-01,GPLc,0.982,1458
2025-09-02,GPLc,0.9818,1459
2025-09-03,GPLc,0.9822,1460
2025-09-04,GPLc,0.9813,1462
2025-09-05,GPLc,0.9795,1462
2025-09-06,GPLc,0.9804,1462
2025-09-07,GPLc,0.9806,1461
2025-09-08,GPLc,0.9814,1463
2025-09-09,GPLc,0.9814,1465
2025-09-10,GPLc,0.9814,1465
2025-09-11,GPLc,0.9813,1465
2025-09-12,GPLc,0.9812,1465
2025-09-13,GPLc,0.9812,1465
2025-09-14,GPLc,0.9813,1465
2025-09-15,GPLc,0.9817,1465
2025-09-16,GPLc,0.9815,1466
2025-09-17,GPLc,0.9814,1466
2025-09-18,GPLc,0.9813,1466
2025-09-19,GPLc,0.9813,1466
2025-09-20,GPLc,0.9813,1465
2025-09-21,GPLc,0.9812,1465
2025-09-22,GPLc,0.9813,1465
2025-09-23,GPLc,0.9816,1466
2025-09-24,GPLc,0.9817,1467
2025-09-25,GPLc,0.9815,1467
2025-09-26,GPLc,0.9817,1469
2025-09-27,GPLc,0.9817,1469
2025-09-28,GPLc,0.9817,1469
2025-09-29,GPLc,0.9814,1470
2025-09-30,GPLc,0.9817,1472
2025-10-01,GPLc,0.9815,1472
2025-10-02,GPLc,0.9816,1472
2025-10-03,GPLc,0.9816,1472
2025-10-04,GPLc,0.9816,1472
2025-10-05,GPLc,0.9817,1471
2025-10-06,GPLc,0.9818,1471
2025-10-07,GPLc,0.982,1472
2025-10-08,GPLc,0.9821,1475
2025-10-09,GPLc,0.9822,1476
2025-10-10,GPLc,0.9824,1478
2025-10-11,GPLc,0.9824,1479
2025-10-12,GPLc,0.9824,1479
2025-10-13,GPLc,0.9823,1479
2025-10-14,GPLc,0.9823,1480
2025-10-15,GPLc,0.9828,1481
2025-10-16,GPLc,0.9826,1481
2025-10-17,GPLc,0.9811,1481
2025-10-18,GPLc,0.9819,1481
2025-10-19,GPLc,0.9822,1481
2025-10-20,GPLc,0.9827,1482
2025-10-21,GPLc,0.9817,1482
2025-10-22,GPLc,0.9817,1482
2025-10-23,GPLc,0.9817,1482
2025-10-24,GPLc,0.9812,1482
2025-10-25,GPLc,0.9812,1482
2025-10-26,GPLc,0.9812,1481
2025-10-27,GPLc,0.9807,1480
2025-10-28,GPLc,0.9803,1481
2025-10-29,GPLc,0.9804,1481
2025-10-30,GPLc,0.9804,1481
2025-10-31,GPLc,0.9802,1483
2025-11-01,GPLc,0.9801,1483
2025-11-02,GPLc,0.9801,1483
2025-11-03,GPLc,0.98,1485
2025-11-04,GPLc,0.9803,1485
2025-11-05,GPLc,0.9782,1485
2025-11-06,GPLc,0.9782,1485
2025-11-07,GPLc,0.9783,1485
2025-11-08,GPLc,0.9782,1484
2025-11-09,GPLc,0.9782,1484
2025-11-10,GPLc,0.9782,1485
2025-11-11,GPLc,0.9776,1485
2025-11-12,GPLc,0.9775,1485
2025-11-13,GPLc,0.9772,1485
2025-11-14,GPLc,0.9778,1486
2025-11-15,GPLc,0.9777,1486
2025-11-16,GPLc,0.9777,1486
2025-11-17,GPLc,0.9775,1486
2025-11-18,GPLc,0.9774,1487
2025-11-19,GPLc,0.9767,1487
2025-11-20,GPLc,0.9764,1487
2025-11-21,GPLc,0.9763,1487
2025-11-22,GPLc,0.9763,1486
2025-11-23,GPLc,0.9763,1486
2025-11-24,GPLc,0.9763,1487
2025-11-25,GPLc,0.9761,1487
2025-11-26,GPLc,0.976,1489
2025-11-27,GPLc,0.9746,1490
2025-11-28,GPLc,0.9743,1490
2025-11-29,GPLc,0.9742,1490
2025-11-30,GPLc,0.9741,1490
2025-12-01,GPLc,0.9741,1490
2025-12-02,GPLc,0.9742,1491
2025-12-03,GPLc,0.9741,1491
2025-12-04,GPLc,0.9723,1492
2025-12-05,GPLc,0.9729,1494
2025-12-06,GPLc,0.9728,1494
2025-12-07,GPLc,0.9729,1494
2025-12-08,GPLc,0.9738,1498
2025-12-09,GPLc,0.9733,1498
2025-12-10,GPLc,0.9732,1500
2025-12-11,GPLc,0.9728,1500
2025-12-12,GPLc,0.9729,1501
2025-12-13,GPLc,0.9721,1501
2025-12-14,GPLc,0.972,1498
2025-12-15,GPLc,0.972,1498
2025-12-16,GPLc,0.9716,1500
2025-12-17,GPLc,0.9714,1500
2025-12-18,GPLc,0.9714,1501
2025-12-19,GPLc,0.9702,1501
2025-12-20,GPLc,0.9708,1500
2025-12-21,GPLc,0.9714,1500
2025-12-22,GPLc,0.9719,1501
2025-12-23,GPLc,0.9713,1501
2025-12-24,GPLc,0.9711,1501
2025-12-25,GPLc,0.9712,1501
2025-12-26,GPLc,0.9711,1501
2025-12-27,GPLc,0.9711,1500
2025-12-28,GPLc,0.9711,1500
2025-12-29,GPLc,0.971,1501
2025-12-30,GPLc,0.9713,1501
2025-12-31,GPLc,0.9713,1501
2026-01-01,GPLc,0.9714,1501
2026-01-02,GPLc,0.9713,1502
2026-01-03,GPLc,0.9714,1502
2026-01-04,GPLc,0.9714,1502
2026-01-05,GPLc,0.9712,1502
2026-01-06,GPLc,0.9714,1502
2026-01-07,GPLc,0.9715,1503
2026-01-08,GPLc,0.9717,1504
2026-01-09,GPLc,0.9718,1504
2026-01-10,GPLc,0.9718,1504
2026-01-11,GPLc,0.9717,1503
2026-01-12,GPLc,0.9718,1501
2026-01-13,GPLc,0.9721,1503
2026-01-14,GPLc,0.9722,1504
2026-01-15,GPLc,0.9723,1506
2026-01-16,GPLc,0.9724,1505
2026-01-17,GPLc,0.9732,1506
2026-01-18,GPLc,0.9725,1506
2026-01-19,GPLc,0.9727,1507
2026-01-20,GPLc,0.9728,1507
2026-01-21,GPLc,0.9729,1507
2026-01-22,GPLc,0.9729,1508
2026-01-23,GPLc,0.9728,1507
2026-01-24,GPLc,0.9727,1507
2026-01-25,GPLc,0.9727,1506
2026-01-26,GPLc,0.9726,1503
2026-01-27,GPLc,0.9719,1502
2026-01-28,GPLc,0.9719,1503
2026-01-29,GPLc,0.972,1503
2026-01-30,GPLc,0.9716,1499
2026-01-31,GPLc,0.9703,1469
2026-02-01,GPLc,0.9703,1469
2026-02-02,GPLc,0.9703,1470
2026-02-03,GPLc,0.9711,1471
2026-02-04,GPLc,0.9708,1471
2026-02-05,GPLc,0.971,1472
2026-02-06,GPLc,0.9708,1472
2026-02-07,GPLc,0.9709,1472
2026-02-08,GPLc,0.9709,1472
2026-02-09,GPLc,0.9717,1473
2026-02-10,GPLc,0.972,1475
2026-02-11,GPLc,0.9717,1475
2026-02-12,GPLc,0.9712,1476
2026-02-13,GPLc,0.9709,1477
2026-02-14,GPLc,0.9709,1477
2026-02-15,GPLc,0.971,1476
2026-02-16,GPLc,0.9713,1477
2026-02-17,GPLc,0.9713,1478
2026-02-18,GPLc,0.9718,1479
2026-02-19,GPLc,0.9719,1479
2026-02-20,GPLc,0.9704,1479
2026-02-21,GPLc,0.9713,1479
2026-02-22,GPLc,0.9716,1479
2026-02-23,GPLc,0.972,1481
2026-02-24,GPLc,0.9715,1481
2026-02-25,GPLc,0.9717,1481
2026-02-26,GPLc,0.9718,1481
2026-02-27,GPLc,0.9718,1481
2026-02-28,GPLc,0.972,1481
2026-03-01,GPLc,0.972,1480
2026-03-02,GPLc,0.9721,1481
2026-03-03,GPLc,0.9737,1484
2026-03-04,GPLc,0.9753,1484
2026-03-05,GPLc,0.9752,1484
2026-03-06,GPLc,0.9753,1483
2026-03-07,GPLc,0.977,1483
2026-03-08,GPLc,0.9772,1483
2026-03-09,GPLc,0.9773,1483
2026-03-10,GPLc,0.9775,1486
2026-03-11,GPLc,0.9777,1486
2026-03-12,GPLc,0.978,1486
2026-03-13,GPLc,0.9787,1488
2026-03-14,GPLc,0.9794,1489
2026-03-15,GPLc,0.9794,1489
2026-03-16,GPLc,0.9796,1491
2026-03-17,GPLc,0.9803,1491
2026-03-18,GPLc,0.9806,1491
2026-03-19,GPLc,0.9812,1492
2026-03-20,GPLc,0.9831,1492
2026-03-21,GPLc,0.9832,1491
2026-03-22,GPLc,0.9833,1491
2026-03-23,GPLc,0.9837,1491
2026-03-24,GPLc,0.9842,1491
2026-03-25,GPLc,0.9845,1493
2026-03-26,GPLc,0.9848,1492
2026-03-27,GPLc,0.9881,1492
2026-03-28,GPLc,0.9883,1493
2026-03-29,GPLc,0.9883,1493
2026-03-30,GPLc,0.9891,1494
2026-03-31,GPLc,0.9925,1494
2026-04-01,GPLc,0.999,1494
2026-04-02,GPLc,1.0081,1496
2026-04-03,GPLc,1.0106,1495
2026-04-04,GPLc,1.0144,1495
2026-04-05,GPLc,1.0147,1495
2026-04-06,GPLc,1.0149,1495
2026-04-07,GPLc,1.0204,1498
2026-04-08,GPLc,1.0306,1501
2026-04-09,GPLc,1.0368,1502
2026-04-10,GPLc,1.0434,1505
2026-04-11,GPLc,1.0458,1506
2026-04-12,GPLc,1.046,1506
2026-04-13,GPLc,1.0495,1507
2026-04-14,GPLc,1.0528,1510
2026-04-15,GPLc,1.0591,1510
2026-04-16,GPLc,1.0624,1512
2026-04-17,GPLc,1.0646,1512
2026-04-18,GPLc,1.0662,1512
2026-04-19,GPLc,1.0662,1512
2026-04-20,GPLc,1.0677,1512
2026-04-21,GPLc,1.0687,1512
2026-04-22,GPLc,1.0701,1519
2026-04-23,GPLc,1.0715,1520
2026-04-24,GPLc,1.0731,1520
2026-04-25,GPLc,1.0733,1520
2026-04-26,GPLc,1.0732,1520
2026-04-27,GPLc,1.0742,1519
2026-04-28,GPLc,1.0752,1518
2026-04-29,GPLc,1.0761,1520
2026-04-30,GPLc,1.0768,1521
2026-05-01,GPLc,1.0763,1521
2026-05-02,GPLc,1.0765,1520
2026-05-03,GPLc,1.0757,1519
2026-05-04,GPLc,1.0769,1519
2026-05-05,GPLc,1.0775,1520
2026-05-06,GPLc,1.0772,1520
2026-05-07,GPLc,1.0766,1523
2026-05-08,GPLc,1.0768,1520
2026-05-09,GPLc,1.0762,1516
2026-05-10,GPLc,1.0763,1512
2026-05-11,GPLc,1.076,1507
2026-05-12,GPLc,1.0762,1508
2026-05-13,GPLc,1.0764,1509
2026-05-14,GPLc,1.0756,1499
2026-05-15,GPLc,1.076,1492
2026-05-16,GPLc,1.0758,1488
2026-05-17,GPLc,1.0759,1482
2026-05-18,GPLc,1.0768,1479
2026-05-19,GPLc,1.0768,1477
2026-05-20,GPLc,1.0769,1477
2026-05-21,GPLc,1.0766,1476
2026-05-22,GPLc,1.0767,1474
2026-05-23,GPLc,1.0767,1473
2026-05-24,GPLc,1.0767,1470
2026-05-25,GPLc,1.0767,1466
2026-05-26,GPLc,1.0766,1466
2026-05-27,GPLc,1.0768,1466
2026-05-28,GPLc,1.0769,1462
2026-05-29,GPLc,1.0772,1462
2026-05-30,GPLc,1.0771,1458
2026-05-31,GPLc,1.0771,1456
2026-06-01,GPLc,1.0772,1456
2026-06-02,GPLc,1.0773,1456
2026-06-03,GPLc,1.076,1456
2026-06-04,GPLc,1.0742,1453
2026-06-05,GPLc,1.0706,1451
2026-06-06,GPLc,1.0697,1447
2026-06-07,GPLc,1.0697,1444
2026-06-08,GPLc,1.0694,1445
2026-06-09,GPLc,1.0696,1446
2026-06-10,GPLc,1.0679,1446
2026-06-11,GPLc,1.0677,1444
2026-06-12,GPLc,1.0668,1440
2026-06-13,GPLc,1.0669,1439
2026-06-14,GPLc,1.067,1439
2026-06-15,GPLc,1.0671,1439
2026-06-16,GPLc,1.0663,1438
2026-06-17,GPLc,1.0637,1440
2026-06-18,GPLc,1.0627,1439
2026-06-19,GPLc,1.0626,1440
2026-06-20,GPLc,1.0621,1441
2026-06-21,GPLc,1.0621,1438
2026-06-22,GPLc,1.0619,1439
2026-06-23,GPLc,1.062,1438
2026-06-24,GPLc,1.0607,1438
2026-06-25,GPLc,1.0602,1438
2026-06-26,GPLc,1.0605,1434
2026-06-27,GPLc,1.0606,1435
2026-06-28,GPLc,1.0606,1432
2026-06-29,GPLc,1.0598,1430
2026-06-30,GPLc,1.0593,1432
2026-07-01,GPLc,1.0578,1432
2026-07-02,GPLc,1.0574,1434
2026-07-03,GPLc,1.0533,1433
2026-07-04,GPLc,1.054,1433
2026-07-05,GPLc,1.0547,1431
2026-07-06,GPLc,1.0545,1431
2026-07-07,GPLc,1.0513,1432
2026-07-08,GPLc,1.05,1432
2026-07-09,GPLc,1.0492,1431
2026-07-10,GPLc,1.048,1428
2026-07-11,GPLc,1.0477,1427
2026-07-12,GPLc,1.0478,1425
2026-07-13,GPLc,1.0472,1425
2026-07-14,GPLc,1.0469,1424
2026-07-15,GPLc,1.0467,1424
2026-07-16,GPLc,1.0462,1423
2026-07-17,GPLc,1.0459,1422
2026-07-18,GPLc,1.0455,1419
2026-07-19,GPLc,1.0454,1419
2026-07-20,GPLc,1.0447,1416
2026-07-21,GPLc,1.0446,1416
2026-07-22,GPLc,1.0445,1418
2026-07-23,GPLc,1.0448,1419
2026-07-24,GPLc,1.0444,1418
2026-07-25,GPLc,1.0449,1416
2026-07-26,GPLc,1.0448,1414
2026-07-27,GPLc,1.0445,1413
2026-07-28,GPLc,1.0448,1410
2026-07-29,GPLc,1.0453,1412
2026-07-30,GPLc,1.0464,1412
2026-07-31,GPLc,1.0484,1413
2026-08-01,GPLc,1.0481,1411
2026-08-02,GPLc,1.0481,1407
2026-08-03,GPLc,1.0499,1401
2026-08-04,GPLc,1.0497,1397
2026-08-05,GPLc,1.0503,1396
2026-08-06,GPLc,1.0511,1387
2026-08-07,GPLc,1.0502,1386
2026-08-08,GPLc,1.05,1383
2026-08-09,GPLc,1.05,1381
2026-08-10,GPLc,1.0492,1373
2026-08-11,GPLc,1.0488,1373
2026-08-12,GPLc,1.0492,1374
2026-08-13,GPLc,1.049,1374
2026-08-14,GPLc,1.0489,1374
2026-08-15,GPLc,1.0488,1371
2026-08-16,GPLc,1.0487,1368
2026-08-17,GPLc,1.0489,1365
2026-08-18,GPLc,1.0492,1366
2026-08-19,GPLc,1.0493,1368
2026-08-20,GPLc,1.049,1363
2026-08-21,GPLc,1.0499,1357
2026-08-22,GPLc,1.0491,1354
2026-08-23,GPLc,1.0492,1349
2026-08-24,GPLc,1.0494,1347
2026-08-25,GPLc,1.0498,1346
2026-08-26,GPLc,1.05,1346
2026-08-27,GPLc,1.0498,1342
2026-08-28,GPLc,1.0497,1334
2026-08-29,GPLc,1.0496,1333
2026-08-30,GPLc,1.0496,1331
2026-08-31,GPLc,1.0503,1329
2026-09-01,GPLc,1.0494,1327
2026-09-02,GPLc,1.0491,1326
2026-09-03,GPLc,1.0492,1321
2026-09-04,GPLc,1.0477,1314
2026-09-05,GPLc,1.0478,1311
2026-09-06,GPLc,1.047,1307
2026-09-07,GPLc,1.0465,1301
2026-09-08,GPLc,1.0465,1300
2026-09-09,GPLc,1.0464,1301
2026-09-10,GPLc,1.0464,1296
2026-09-11,GPLc,1.0466,1290
2026-09-12,GPLc,1.0468,1283
2026-09-13,GPLc,1.0462,1279
2026-09-14,GPLc,1.0447,1267
2026-09-15,GPLc,1.0451,1267
2026-09-16,GPLc,1.0452,1267
2026-09-17,GPLc,1.0455,1259
2026-09-18,GPLc,1.0437,1250
2026-09-19,GPLc,1.0439,1247
2026-09-20,GPLc,1.0439,1241
2026-09-21,GPLc,1.0429,1237
2026-09-22,GPLc,1.0444,1236
2026-09-23,GPLc,1.0428,1236
2026-09-24,GPLc,1.0427,1235
2026-09-25,GPLc,1.0434,1232
2026-09-26,GPLc,1.0435,1225
2026-09-27,GPLc,1.0437,1221
2026-09-28,GPLc,1.0441,1219
2026-09-29,GPLc,1.044,1218
2026-09-30,GPLc,1.044,1218
2026-10-01,GPLc,1.045,1200
2026-10-02,GPLc,1.0451,1192
2026-10-03,GPLc,1.0473,1188
2026-10-04,GPLc,1.047,1172
2026-10-05,GPLc,1.0473,1166
2026-10-06,GPLc,1.0483,1160
2026-10-07,GPLc,1.0484,1159
2025-01-01,Gazole,1.7066,1876
2025-01-02,Gazole,1.689,3964
2025-01-03,Gazole,1.6883,5849
2025-01-04,Gazole,1.6898,6361
2025-01-05,Gazole,1.69,6410
2025-01-06,Gazole,1.6927,7299
2025-01-07,Gazole,1.6961,7882
2025-01-08,Gazole,1.6966,8160
2025-01-09,Gazole,1.6972,8353
2025-01-10,Gazole,1.6981,8556
2025-01-11,Gazole,1.7001,8694
2025-01-12,Gazole,1.7003,8702
2025-01-13,Gazole,1.7035,8805
2025-01-14,Gazole,1.7163,8921
2025-01-15,Gazole,1.7244,8999
2025-01-16,Gazole,1.7326,9076
2025-01-17,Gazole,1.7423,9127
2025-01-18,Gazole,1.7453,9143
2025-01-19,Gazole,1.7456,9149
2025-01-20,Gazole,1.7493,9190
2025-01-21,Gazole,1.7525,9225
2025-01-22,Gazole,1.7519,9242
2025-01-23,Gazole,1.7503,9255
2025-01-24,Gazole,1.7463,9272
2025-01-25,Gazole,1.7436,9274
2025-01-26,Gazole,1.7436,9275
2025-01-27,Gazole,1.7403,9281
2025-01-28,Gazole,1.7358,9291
2025-01-29,Gazole,1.7318,9299
2025-01-30,Gazole,1.728,9307
2025-01-31,Gazole,1.7242,9313
2025-02-01,Gazole,1.7227,9315
2025-02-02,Gazole,1.7226,9315
2025-02-03,Gazole,1.7215,9323
2025-02-04,Gazole,1.7223,9325
2025-02-05,Gazole,1.7224,9331
2025-02-06,Gazole,1.722,9335
2025-02-07,Gazole,1.7191,9335
2025-02-08,Gazole,1.7182,9337
2025-02-09,Gazole,1.7182,9337
2025-02-10,Gazole,1.7175,9343
2025-02-11,Gazole,1.7188,9347
2025-02-12,Gazole,1.7222,9351
2025-02-13,Gazole,1.7247,9352
2025-02-14,Gazole,1.7245,9358
2025-02-15,Gazole,1.7244,9360
2025-02-16,Gazole,1.7244,9361
2025-02-17,Gazole,1.7233,9361
2025-02-18,Gazole,1.7215,9364
2025-02-19,Gazole,1.7211,9366
2025-02-20,Gazole,1.7211,9373
2025-02-21,Gazole,1.7104,9375
2025-02-22,Gazole,1.717,9375
2025-02-23,Gazole,1.7186,9374
2025-02-24,Gazole,1.7211,9377
2025-02-25,Gazole,1.7203,9379
2025-02-26,Gazole,1.7189,9381
2025-02-27,Gazole,1.7154,9386
2025-02-28,Gazole,1.7108,9388
2025-03-01,Gazole,1.7085,9388
2025-03-02,Gazole,1.7084,9388
2025-03-03,Gazole,1.7063,9391
2025-03-04,Gazole,1.7042,9393
2025-03-05,Gazole,1.7002,9394
2025-03-06,Gazole,1.695,9394
2025-03-07,Gazole,1.6863,9395
2025-03-08,Gazole,1.681,9396
2025-03-09,Gazole,1.6807,9396
2025-03-10,Gazole,1.6756,9397
2025-03-11,Gazole,1.669,9402
2025-03-12,Gazole,1.6644,9405
2025-03-13,Gazole,1.6608,9406
2025-03-14,Gazole,1.6575,9406
2025-03-15,Gazole,1.6559,9406
2025-03-16,Gazole,1.6558,9406
2025-03-17,Gazole,1.6536,9409
2025-03-18,Gazole,1.6508,9411
2025-03-19,Gazole,1.649,9412
2025-03-20,Gazole,1.647,9416
2025-03-21,Gazole,1.6456,9418
2025-03-22,Gazole,1.6451,9419
2025-03-23,Gazole,1.6451,9418
2025-03-24,Gazole,1.6451,9421
2025-03-25,Gazole,1.646,9425
2025-03-26,Gazole,1.6473,9429
2025-03-27,Gazole,1.6487,9428
2025-03-28,Gazole,1.6512,9430
2025-03-29,Gazole,1.6522,9430
2025-03-30,Gazole,1.6523,9430
2025-03-31,Gazole,1.6528,9433
2025-04-01,Gazole,1.6532,9434
2025-04-02,Gazole,1.6548,9434
2025-04-03,Gazole,1.6556,9435
2025-04-04,Gazole,1.6522,9438
2025-04-05,Gazole,1.6478,9437
2025-04-06,Gazole,1.6477,9436
2025-04-07,Gazole,1.6424,9436
2025-04-08,Gazole,1.6335,9437
2025-04-09,Gazole,1.6253,9439
2025-04-10,Gazole,1.6133,9442
2025-04-11,Gazole,1.6031,9443
2025-04-12,Gazole,1.5979,9443
2025-04-13,Gazole,1.5977,9443
2025-04-14,Gazole,1.5922,9446
2025-04-15,Gazole,1.5863,9450
2025-04-16,Gazole,1.5832,9451
2025-04-17,Gazole,1.5806,9454
2025-04-18,Gazole,1.5605,9454
2025-04-19,Gazole,1.5665,9454
2025-04-20,Gazole,1.568,9454
2025-04-21,Gazole,1.5714,9455
2025-04-22,Gazole,1.5764,9458
2025-04-23,Gazole,1.5771,9461
2025-04-24,Gazole,1.5781,9462
2025-04-25,Gazole,1.5779,9464
2025-04-26,Gazole,1.5775,9464
2025-04-27,Gazole,1.5775,9464
2025-04-28,Gazole,1.5772,9465
2025-04-29,Gazole,1.5772,9466
2025-04-30,Gazole,1.5763,9468
2025-05-01,Gazole,1.5758,9468
2025-05-02,Gazole,1.5745,9470
2025-05-03,Gazole,1.573,9470
2025-05-04,Gazole,1.5729,9471
2025-05-05,Gazole,1.5704,9473
2025-05-06,Gazole,1.5659,9475
2025-05-07,Gazole,1.562,9478
2025-05-08,Gazole,1.561,9478
2025-05-09,Gazole,1.5601,9481
2025-05-10,Gazole,1.5603,9481
2025-05-11,Gazole,1.5603,9479
2025-05-12,Gazole,1.5603,9482
2025-05-13,Gazole,1.5635,9485
2025-05-14,Gazole,1.5673,9487
2025-05-15,Gazole,1.5717,9490
2025-05-16,Gazole,1.5752,9492
2025-05-17,Gazole,1.5764,9493
2025-05-18,Gazole,1.5765,9491
2025-05-19,Gazole,1.5774,9493
2025-05-20,Gazole,1.578,9494
2025-05-21,Gazole,1.5778,9495
2025-05-22,Gazole,1.5772,9495
2025-05-23,Gazole,1.575,9496
2025-05-24,Gazole,1.5737,9496
2025-05-25,Gazole,1.5737,9496
2025-05-26,Gazole,1.5725,9497
2025-05-27,Gazole,1.5715,9497
2025-05-28,Gazole,1.5705,9501
2025-05-29,Gazole,1.5706,9501
2025-05-30,Gazole,1.57,9501
2025-05-31,Gazole,1.5698,9500
2025-06-01,Gazole,1.5698,9500
2025-06-02,Gazole,1.5692,9503
2025-06-03,Gazole,1.5686,9506
2025-06-04,Gazole,1.5686,9507
2025-06-05,Gazole,1.5693,9508
2025-06-06,Gazole,1.5696,9508
2025-06-07,Gazole,1.5698,9510
2025-06-08,Gazole,1.5698,9510
2025-06-09,Gazole,1.5699,9510
2025-06-10,Gazole,1.5703,9511
2025-06-11,Gazole,1.5739,9511
2025-06-12,Gazole,1.5766,9512
2025-06-13,Gazole,1.5808,9516
2025-06-14,Gazole,1.5855,9516
2025-06-15,Gazole,1.5857,9516
2025-06-16,Gazole,1.5913,9517
2025-06-17,Gazole,1.6031,9518
2025-06-18,Gazole,1.6152,9520
2025-06-19,Gazole,1.6302,9523
2025-06-20,Gazole,1.6596,9525
2025-06-21,Gazole,1.6659,9524
2025-06-22,Gazole,1.6668,9524
2025-06-23,Gazole,1.6794,9526
2025-06-24,Gazole,1.6863,9527
2025-06-25,Gazole,1.6798,9529
2025-06-26,Gazole,1.6734,9530
2025-06-27,Gazole,1.6652,9528
2025-06-28,Gazole,1.6597,9529
2025-06-29,Gazole,1.6596,9529
2025-06-30,Gazole,1.6539,9533
2025-07-01,Gazole,1.6466,9534
2025-07-02,Gazole,1.6412,9535
2025-07-03,Gazole,1.6379,9535
2025-07-04,Gazole,1.6204,9537
2025-07-05,Gazole,1.6284,9537
2025-07-06,Gazole,1.6322,9537
2025-07-07,Gazole,1.6378,9539
2025-07-08,Gazole,1.6437,9543
2025-07-09,Gazole,1.6503,9543
2025-07-10,Gazole,1.6567,9547
2025-07-11,Gazole,1.6619,9550
2025-07-12,Gazole,1.6649,9550
2025-07-13,Gazole,1.6651,9551
2025-07-14,Gazole,1.6651,9550
2025-07-15,Gazole,1.6658,9550
2025-07-16,Gazole,1.6641,9553
2025-07-17,Gazole,1.6631,9554
2025-07-18,Gazole,1.6629,9557
2025-07-19,Gazole,1.6643,9557
2025-07-20,Gazole,1.6643,9558
2025-07-21,Gazole,1.6662,9559
2025-07-22,Gazole,1.6676,9559
2025-07-23,Gazole,1.6679,9560
2025-07-24,Gazole,1.6661,9561
2025-07-25,Gazole,1.6627,9559
2025-07-26,Gazole,1.661,9558
2025-07-27,Gazole,1.661,9558
2025-07-28,Gazole,1.6593,9559
2025-07-29,Gazole,1.6583,9558
2025-07-30,Gazole,1.6579,9559
2025-07-31,Gazole,1.6572,9562
2025-08-01,Gazole,1.6466,9564
2025-08-02,Gazole,1.6502,9564
2025-08-03,Gazole,1.6537,9564
2025-08-04,Gazole,1.655,9566
2025-08-05,Gazole,1.6515,9566
2025-08-06,Gazole,1.6478,9567
2025-08-07,Gazole,1.6442,9568
2025-08-08,Gazole,1.6387,9568
2025-08-09,Gazole,1.6362,9568
2025-08-10,Gazole,1.6361,9567
2025-08-11,Gazole,1.633,9568
2025-08-12,Gazole,1.6298,9568
2025-08-13,Gazole,1.6269,9571
2025-08-14,Gazole,1.6231,9571
2025-08-15,Gazole,1.6209,9571
2025-08-16,Gazole,1.6202,9571
2025-08-17,Gazole,1.6202,9571
2025-08-18,Gazole,1.6171,9572
2025-08-19,Gazole,1.6133,9575
2025-08-20,Gazole,1.6107,9577
2025-08-21,Gazole,1.6105,9580
2025-08-22,Gazole,1.6124,9580
2025-08-23,Gazole,1.614,9581
2025-08-24,Gazole,1.6141,9581
2025-08-25,Gazole,1.6151,9583
2025-08-26,Gazole,1.6168,9585
2025-08-27,Gazole,1.617,9586
2025-08-28,Gazole,1.616,9586
2025-08-29,Gazole,1.6105,9586
2025-08-30,Gazole,1.6115,9586
2025-08-31,Gazole,1.6139,9586
2025-09-01,Gazole,1.6151,9587
2025-09-02,Gazole,1.6158,9588
2025-09-03,Gazole,1.6193,9588
2025-09-04,Gazole,1.6223,9590
2025-09-05,Gazole,1.6074,9590
2025-09-06,Gazole,1.616,9590
2025-09-07,Gazole,1.6202,9590
2025-09-08,Gazole,1.6254,9592
2025-09-09,Gazole,1.628,9595
2025-09-10,Gazole,1.6302,9596
2025-09-11,Gazole,1.6322,9596
2025-09-12,Gazole,1.6335,9596
2025-09-13,Gazole,1.634,9596
2025-09-14,Gazole,1.6341,9596
2025-09-15,Gazole,1.6338,9597
2025-09-16,Gazole,1.6346,9598
2025-09-17,Gazole,1.636,9601
2025-09-18,Gazole,1.6377,9602
2025-09-19,Gazole,1.6385,9603
2025-09-20,Gazole,1.6387,9603
2025-09-21,Gazole,1.6387,9603
2025-09-22,Gazole,1.6386,9603
2025-09-23,Gazole,1.638,9603
2025-09-24,Gazole,1.6378,9603
2025-09-25,Gazole,1.6393,9604
2025-09-26,Gazole,1.6424,9604
2025-09-27,Gazole,1.6444,9603
2025-09-28,Gazole,1.6446,9603
2025-09-29,Gazole,1.6478,9603
2025-09-30,Gazole,1.6505,9603
2025-10-01,Gazole,1.6497,9603
2025-10-02,Gazole,1.6476,9603
2025-10-03,Gazole,1.6436,9603
2025-10-04,Gazole,1.6411,9603
2025-10-05,Gazole,1.641,9603
2025-10-06,Gazole,1.6377,9603
2025-10-07,Gazole,1.6339,9603
2025-10-08,Gazole,1.6309,9605
2025-10-09,Gazole,1.6296,9607
2025-10-10,Gazole,1.6299,9606
2025-10-11,Gazole,1.6283,9606
2025-10-12,Gazole,1.6283,9606
2025-10-13,Gazole,1.6274,9607
2025-10-14,Gazole,1.6263,9608
2025-10-15,Gazole,1.624,9610
2025-10-16,Gazole,1.6205,9613
2025-10-17,Gazole,1.5927,9614
2025-10-18,Gazole,1.6019,9613
2025-10-19,Gazole,1.6072,9613
2025-10-20,Gazole,1.6056,9613
2025-10-21,Gazole,1.6029,9614
2025-10-22,Gazole,1.6013,9614
2025-10-23,Gazole,1.6029,9614
2025-10-24,Gazole,1.6153,9616
2025-10-25,Gazole,1.6185,9615
2025-10-26,Gazole,1.6189,9614
2025-10-27,Gazole,1.6269,9615
2025-10-28,Gazole,1.6371,9614
2025-10-29,Gazole,1.644,9615
2025-10-30,Gazole,1.6478,9617
2025-10-31,Gazole,1.6515,9620
2025-11-01,Gazole,1.6525,9619
2025-11-02,Gazole,1.6527,9619
2025-11-03,Gazole,1.6557,9619
2025-11-04,Gazole,1.6595,9619
2025-11-05,Gazole,1.6637,9620
2025-11-06,Gazole,1.669,9620
2025-11-07,Gazole,1.6777,9620
2025-11-08,Gazole,1.6827,9620
2025-11-09,Gazole,1.683,9620
2025-11-10,Gazole,1.6886,9620
2025-11-11,Gazole,1.6893,9619
2025-11-12,Gazole,1.6923,9619
2025-11-13,Gazole,1.6949,9619
2025-11-14,Gazole,1.6934,9620
2025-11-15,Gazole,1.6956,9619
2025-11-16,Gazole,1.6956,9619
2025-11-17,Gazole,1.6959,9619
2025-11-18,Gazole,1.6979,9622
2025-11-19,Gazole,1.7043,9623
2025-11-20,Gazole,1.7094,9624
2025-11-21,Gazole,1.7167,9624
2025-11-22,Gazole,1.7153,9624
2025-11-23,Gazole,1.7154,9624
2025-11-24,Gazole,1.7151,9624
2025-11-25,Gazole,1.7112,9625
2025-11-26,Gazole,1.7062,9627
2025-11-27,Gazole,1.6978,9627
2025-11-28,Gazole,1.6885,9627
2025-11-29,Gazole,1.6842,9626
2025-11-30,Gazole,1.684,9626
2025-12-01,Gazole,1.6794,9626
2025-12-02,Gazole,1.6741,9627
2025-12-03,Gazole,1.6697,9628
2025-12-04,Gazole,1.6646,9628
2025-12-05,Gazole,1.6565,9631
2025-12-06,Gazole,1.6547,9632
2025-12-07,Gazole,1.6545,9632
2025-12-08,Gazole,1.6512,9635
2025-12-09,Gazole,1.6479,9635
2025-12-10,Gazole,1.6441,9635
2025-12-11,Gazole,1.6401,9634
2025-12-12,Gazole,1.6315,9636
2025-12-13,Gazole,1.6287,9636
2025-12-14,Gazole,1.6284,9633
2025-12-15,Gazole,1.6246,9632
2025-12-16,Gazole,1.6186,9634
2025-12-17,Gazole,1.6125,9634
2025-12-18,Gazole,1.6072,9635
2025-12-19,Gazole,1.5735,9636
2025-12-20,Gazole,1.5833,9636
2025-12-21,Gazole,1.5901,9631
2025-12-22,Gazole,1.5908,9632
2025-12-23,Gazole,1.5886,9632
2025-12-24,Gazole,1.5867,9633
2025-12-25,Gazole,1.5877,9632
2025-12-26,Gazole,1.5889,9631
2025-12-27,Gazole,1.5899,9631
2025-12-28,Gazole,1.5899,9631
2025-12-29,Gazole,1.5904,9631
2025-12-30,Gazole,1.5913,9631
2025-12-31,Gazole,1.5933,9631
2026-01-01,Gazole,1.5995,9629
2026-01-02,Gazole,1.6187,9630
2026-01-03,Gazole,1.624,9630
2026-01-04,Gazole,1.6244,9626
2026-01-05,Gazole,1.6295,9624
2026-01-06,Gazole,1.6348,9627
2026-01-07,Gazole,1.6375,9629
2026-01-08,Gazole,1.6389,9628
2026-01-09,Gazole,1.6394,9629
2026-01-10,Gazole,1.6397,9629
2026-01-11,Gazole,1.6398,9629
2026-01-12,Gazole,1.6409,9627
2026-01-13,Gazole,1.6437,9629
2026-01-14,Gazole,1.6483,9631
2026-01-15,Gazole,1.6541,9632
2026-01-16,Gazole,1.6579,9629
2026-01-17,Gazole,1.6596,9622
2026-01-18,Gazole,1.6597,9618
2026-01-19,Gazole,1.6613,9613
2026-01-20,Gazole,1.664,9614
2026-01-21,Gazole,1.6661,9613
2026-01-22,Gazole,1.6713,9605
2026-01-23,Gazole,1.6738,9602
2026-01-24,Gazole,1.675,9595
2026-01-25,Gazole,1.675,9593
2026-01-26,Gazole,1.676,9584
2026-01-27,Gazole,1.6769,9579
2026-01-28,Gazole,1.6767,9580
2026-01-29,Gazole,1.6787,9565
2026-01-30,Gazole,1.6815,9541
2026-01-31,Gazole,1.6849,9390
2026-02-01,Gazole,1.6851,9390
2026-02-02,Gazole,1.6883,9392
2026-02-03,Gazole,1.6916,9394
2026-02-04,Gazole,1.6919,9395
2026-02-05,Gazole,1.6922,9396
2026-02-06,Gazole,1.6925,9396
2026-02-07,Gazole,1.6926,9398
2026-02-08,Gazole,1.6927,9398
2026-02-09,Gazole,1.693,9400
2026-02-10,Gazole,1.693,9400
2026-02-11,Gazole,1.6929,9401
2026-02-12,Gazole,1.6934,9401
2026-02-13,Gazole,1.693,9402
2026-02-14,Gazole,1.6922,9402
2026-02-15,Gazole,1.6922,9402
2026-02-16,Gazole,1.691,9401
2026-02-17,Gazole,1.6898,9403
2026-02-18,Gazole,1.6895,9405
2026-02-19,Gazole,1.6899,9406
2026-02-20,Gazole,1.6797,9406
2026-02-21,Gazole,1.6896,9407
2026-02-22,Gazole,1.6941,9406
2026-02-23,Gazole,1.7024,9407
2026-02-24,Gazole,1.7083,9407
2026-02-25,Gazole,1.7127,9407
2026-02-26,Gazole,1.7158,9407
2026-02-27,Gazole,1.7193,9408
2026-02-28,Gazole,1.721,9408
2026-03-01,Gazole,1.7213,9408
2026-03-02,Gazole,1.7321,9409
2026-03-03,Gazole,1.8043,9413
2026-03-04,Gazole,1.8802,9416
2026-03-05,Gazole,1.9303,9423
2026-03-06,Gazole,1.9696,9428
2026-03-07,Gazole,1.9797,9431
2026-03-08,Gazole,1.9806,9431
2026-03-09,Gazole,2.0012,9442
2026-03-10,Gazole,2.0261,9454
2026-03-11,Gazole,2.0306,9461
2026-03-12,Gazole,2.0281,9471
2026-03-13,Gazole,2.0394,9487
2026-03-14,Gazole,2.0411,9489
2026-03-15,Gazole,2.0416,9490
2026-03-16,Gazole,2.0497,9494
2026-03-17,Gazole,2.0719,9504
2026-03-18,Gazole,2.078,9511
2026-03-19,Gazole,2.0887,9515
2026-03-20,Gazole,2.1241,9517
2026-03-21,Gazole,2.1388,9519
2026-03-22,Gazole,2.1408,9519
2026-03-23,Gazole,2.1753,9522
2026-03-24,Gazole,2.2065,9522
2026-03-25,Gazole,2.2155,9530
2026-03-26,Gazole,2.2158,9535
2026-03-27,Gazole,2.2106,9537
2026-03-28,Gazole,2.2109,9537
2026-03-29,Gazole,2.2113,9536
2026-03-30,Gazole,2.2205,9538
2026-03-31,Gazole,2.2334,9544
2026-04-01,Gazole,2.2434,9552
2026-04-02,Gazole,2.2491,9558
2026-04-03,Gazole,2.2658,9560
2026-04-04,Gazole,2.2746,9558
2026-04-05,Gazole,2.2762,9558
2026-04-06,Gazole,2.2777,9557
2026-04-07,Gazole,2.3161,9560
2026-04-08,Gazole,2.3636,9563
2026-04-09,Gazole,2.3546,9567
2026-04-10,Gazole,2.3317,9569
2026-04-11,Gazole,2.3206,9570
2026-04-12,Gazole,2.3204,9570
2026-04-13,Gazole,2.3134,9573
2026-04-14,Gazole,2.3111,9576
2026-04-15,Gazole,2.2963,9577
2026-04-16,Gazole,2.2792,9576
2026-04-17,Gazole,2.2588,9578
2026-04-18,Gazole,2.2354,9578
2026-04-19,Gazole,2.2345,9578
2026-04-20,Gazole,2.2211,9580
2026-04-21,Gazole,2.2061,9581
2026-04-22,Gazole,2.1944,9594
2026-04-23,Gazole,2.1964,9596
2026-04-24,Gazole,2.1962,9602
2026-04-25,Gazole,2.1984,9601
2026-04-26,Gazole,2.1985,9600
2026-04-27,Gazole,2.2016,9600
2026-04-28,Gazole,2.2085,9600
2026-04-29,Gazole,2.2102,9601
2026-04-30,Gazole,2.2163,9602
2026-05-01,Gazole,2.1931,9602
2026-05-02,Gazole,2.192,9602
2026-05-03,Gazole,2.1927,9601
2026-05-04,Gazole,2.2218,9601
2026-05-05,Gazole,2.2252,9603
2026-05-06,Gazole,2.2243,9604
2026-05-07,Gazole,2.2021,9608
2026-05-08,Gazole,2.1851,9608
2026-05-09,Gazole,2.1833,9606
2026-05-10,Gazole,2.1836,9606
2026-05-11,Gazole,2.1784,9609
2026-05-12,Gazole,2.1723,9611
2026-05-13,Gazole,2.1659,9613
2026-05-14,Gazole,2.1516,9615
2026-05-15,Gazole,2.1453,9614
2026-05-16,Gazole,2.1438,9614
2026-05-17,Gazole,2.1444,9613
2026-05-18,Gazole,2.1596,9618
2026-05-19,Gazole,2.1652,9618
2026-05-20,Gazole,2.1636,9620
2026-05-21,Gazole,2.156,9621
2026-05-22,Gazole,2.1468,9622
2026-05-23,Gazole,2.1337,9622
2026-05-24,Gazole,2.1332,9622
2026-05-25,Gazole,2.1328,9622
2026-05-26,Gazole,2.1334,9623
2026-05-27,Gazole,2.1204,9625
2026-05-28,Gazole,2.1027,9627
2026-05-29,Gazole,2.0797,9627
2026-05-30,Gazole,2.0823,9627
2026-05-31,Gazole,2.0821,9627
2026-06-01,Gazole,2.0573,9629
2026-06-02,Gazole,2.0472,9633
2026-06-03,Gazole,2.0382,9635
2026-06-04,Gazole,2.0462,9634
2026-06-05,Gazole,2.0437,9635
2026-06-06,Gazole,2.0419,9634
2026-06-07,Gazole,2.0418,9634
2026-06-08,Gazole,2.0386,9637
2026-06-09,Gazole,2.0386,9636
2026-06-10,Gazole,2.03,9637
2026-06-11,Gazole,2.0292,9639
2026-06-12,Gazole,2.0253,9639
2026-06-13,Gazole,2.0147,9638
2026-06-14,Gazole,2.0145,9638
2026-06-15,Gazole,2.0069,9638
2026-06-16,Gazole,1.9903,9640
2026-06-17,Gazole,1.9684,9643
2026-06-18,Gazole,1.9557,9644
2026-06-19,Gazole,1.9324,9644
2026-06-20,Gazole,1.9317,9644
2026-06-21,Gazole,1.9313,9644
2026-06-22,Gazole,1.9232,9645
2026-06-23,Gazole,1.9121,9647
2026-06-24,Gazole,1.906,9649
2026-06-25,Gazole,1.9019,9649
2026-06-26,Gazole,1.9022,9650
2026-06-27,Gazole,1.895,9650
2026-06-28,Gazole,1.8948,9650
2026-06-29,Gazole,1.8942,9650
2026-06-30,Gazole,1.899,9650
2026-07-01,Gazole,1.9019,9652
2026-07-02,Gazole,1.9036,9650
2026-07-03,Gazole,1.8923,9650
2026-07-04,Gazole,1.8989,9650
2026-07-05,Gazole,1.902,9650
2026-07-06,Gazole,1.9068,9655
2026-07-07,Gazole,1.9148,9653
2026-07-08,Gazole,1.9212,9655
2026-07-09,Gazole,1.9352,9656
2026-07-10,Gazole,1.9662,9658
2026-07-11,Gazole,1.9784,9658
2026-07-12,Gazole,1.9793,9657
2026-07-13,Gazole,1.9877,9656
2026-07-14,Gazole,1.9943,9656
2026-07-15,Gazole,2.0089,9656
2026-07-16,Gazole,2.04,9655
2026-07-17,Gazole,2.0785,9654
2026-07-18,Gazole,2.0927,9654
2026-07-19,Gazole,2.0939,9654
2026-07-20,Gazole,2.1106,9655
2026-07-21,Gazole,2.1316,9656
2026-07-22,Gazole,2.1414,9659
2026-07-23,Gazole,2.156,9660
2026-07-24,Gazole,2.1772,9662
2026-07-25,Gazole,2.1847,9661
2026-07-26,Gazole,2.1855,9660
2026-07-27,Gazole,2.1971,9659
2026-07-28,Gazole,2.2021,9659
2026-07-29,Gazole,2.2037,9659
2026-07-30,Gazole,2.2114,9660
2026-07-31,Gazole,2.2252,9659
2026-08-01,Gazole,2.2277,9659
2026-08-02,Gazole,2.228,9659
2026-08-03,Gazole,2.2346,9659
2026-08-04,Gazole,2.2343,9659
2026-08-05,Gazole,2.2234,9659
2026-08-06,Gazole,2.2081,9659
2026-08-07,Gazole,2.19,9660
2026-08-08,Gazole,2.1834,9660
2026-08-09,Gazole,2.1828,9661
2026-08-10,Gazole,2.1758,9661
2026-08-11,Gazole,2.1774,9661
2026-08-12,Gazole,2.1896,9662
2026-08-13,Gazole,2.2012,9662
2026-08-14,Gazole,2.2114,9661
2026-08-15,Gazole,2.2097,9661
2026-08-16,Gazole,2.21,9661
2026-08-17,Gazole,2.2175,9660
2026-08-18,Gazole,2.2236,9661
2026-08-19,Gazole,2.2304,9661
2026-08-20,Gazole,2.2364,9660
2026-08-21,Gazole,2.2415,9656
2026-08-22,Gazole,2.2433,9648
2026-08-23,Gazole,2.2434,9639
2026-08-24,Gazole,2.2448,9630
2026-08-25,Gazole,2.2457,9629
2026-08-26,Gazole,2.2425,9629
2026-08-27,Gazole,2.2354,9618
2026-08-28,Gazole,2.2252,9614
2026-08-29,Gazole,2.2187,9613
2026-08-30,Gazole,2.2184,9611
2026-08-31,Gazole,2.2159,9610
2026-09-01,Gazole,2.2186,9610
2026-09-02,Gazole,2.2257,9610
2026-09-03,Gazole,2.2446,9607
2026-09-04,Gazole,2.2668,9606
2026-09-05,Gazole,2.2736,9602
2026-09-06,Gazole,2.2743,9601
2026-09-07,Gazole,2.2818,9603
2026-09-08,Gazole,2.2888,9604
2026-09-09,Gazole,2.2938,9605
2026-09-10,Gazole,2.2982,9602
2026-09-11,Gazole,2.3062,9601
2026-09-12,Gazole,2.3105,9591
2026-09-13,Gazole,2.3111,9587
2026-09-14,Gazole,2.3282,9587
2026-09-15,Gazole,2.3479,9589
2026-09-16,Gazole,2.3636,9589
2026-09-17,Gazole,2.3809,9589
2026-09-18,Gazole,2.3936,9586
2026-09-19,Gazole,2.3958,9583
2026-09-20,Gazole,2.396,9581
2026-09-21,Gazole,2.3965,9578
2026-09-22,Gazole,2.3975,9580
2026-09-23,Gazole,2.3932,9580
2026-09-24,Gazole,2.3904,9578
2026-09-25,Gazole,2.3878,9576
2026-09-26,Gazole,2.3871,9565
2026-09-27,Gazole,2.3871,9565
2026-09-28,Gazole,2.3865,9565
2026-09-29,Gazole,2.384,9567
2026-09-30,Gazole,2.3796,9569
2026-10-01,Gazole,2.375,9581
2026-10-02,Gazole,2.3721,9586
2026-10-03,Gazole,2.3706,9592
2026-10-04,Gazole,2.3705,9587
2026-10-05,Gazole,2.3671,9589
2026-10-06,Gazole,2.3611,9586
2026-10-07,Gazole,2.3611,9585
2025-01-01,SP95,1.7785,142
2025-01-02,SP95,1.7843,728
2025-01-03,SP95,1.7859,1329
2025-01-04,SP95,1.7867,1530
2025-01-05,SP95,1.7871,1547
2025-01-06,SP95,1.7937,1912
2025-01-07,SP95,1.798,2210
2025-01-08,SP95,1.7991,2401
2025-01-09,SP95,1.8007,2523
2025-01-10,SP95,1.8019,2658
2025-01-11,SP95,1.8034,2764
2025-01-12,SP95,1.8036,2770
2025-01-13,SP95,1.806,2851
2025-01-14,SP95,1.8113,2924
2025-01-15,SP95,1.8161,2972
2025-01-16,SP95,1.8206,3038
2025-01-17,SP95,1.8269,3081
2025-01-18,SP95,1.8286,3095
2025-01-19,SP95,1.8287,3098
2025-01-20,SP95,1.8313,3125
2025-01-21,SP95,1.8333,3154
2025-01-22,SP95,1.834,3170
2025-01-23,SP95,1.8341,3178
2025-01-24,SP95,1.8331,3189
2025-01-25,SP95,1.8328,3192
2025-01-26,SP95,1.8328,3193
2025-01-27,SP95,1.8318,3195
2025-01-28,SP95,1.8305,3200
2025-01-29,SP95,1.829,3205
2025-01-30,SP95,1.8274,3209
2025-01-31,SP95,1.8255,3213
2025-02-01,SP95,1.8252,3216
2025-02-02,SP95,1.8252,3214
2025-02-03,SP95,1.8251,3222
2025-02-04,SP95,1.8254,3223
2025-02-05,SP95,1.8259,3225
2025-02-06,SP95,1.8259,3226
2025-02-07,SP95,1.8247,3224
2025-02-08,SP95,1.8247,3224
2025-02-09,SP95,1.8247,3223
2025-02-10,SP95,1.8252,3225
2025-02-11,SP95,1.826,3226
2025-02-12,SP95,1.8275,3229
2025-02-13,SP95,1.8281,3229
2025-02-14,SP95,1.8273,3230
2025-02-15,SP95,1.8269,3230
2025-02-16,SP95,1.8269,3230
2025-02-17,SP95,1.8259,3230
2025-02-18,SP95,1.8248,3231
2025-02-19,SP95,1.8241,3234
2025-02-20,SP95,1.823,3238
2025-02-21,SP95,1.8097,3238
2025-02-22,SP95,1.8162,3239
2025-02-23,SP95,1.8179,3238
2025-02-24,SP95,1.8187,3239
2025-02-25,SP95,1.8175,3239
2025-02-26,SP95,1.8157,3242
2025-02-27,SP95,1.8134,3244
2025-02-28,SP95,1.8093,3245
2025-03-01,SP95,1.8078,3244
2025-03-02,SP95,1.8078,3242
2025-03-03,SP95,1.806,3243
2025-03-04,SP95,1.8035,3245
2025-03-05,SP95,1.8008,3246
2025-03-06,SP95,1.7962,3248
2025-03-07,SP95,1.7867,3249
2025-03-08,SP95,1.7838,3250
2025-03-09,SP95,1.7835,3250
2025-03-10,SP95,1.776,3248
2025-03-11,SP95,1.7668,3250
2025-03-12,SP95,1.7614,3253
2025-03-13,SP95,1.7571,3253
2025-03-14,SP95,1.7555,3252
2025-03-15,SP95,1.7551,3253
2025-03-16,SP95,1.755,3253
2025-03-17,SP95,1.7543,3255
2025-03-18,SP95,1.7536,3254
2025-03-19,SP95,1.7536,3254
2025-03-20,SP95,1.7537,3255
2025-03-21,SP95,1.7541,3256
2025-03-22,SP95,1.7542,3256
2025-03-23,SP95,1.7543,3254
2025-03-24,SP95,1.7556,3255
2025-03-25,SP95,1.7571,3258
2025-03-26,SP95,1.7598,3261
2025-03-27,SP95,1.7627,3263
2025-03-28,SP95,1.7682,3263
2025-03-29,SP95,1.77,3264
2025-03-30,SP95,1.7702,3263
2025-03-31,SP95,1.7734,3264
2025-04-01,SP95,1.7766,3264
2025-04-02,SP95,1.7804,3264
2025-04-03,SP95,1.7838,3265
2025-04-04,SP95,1.7843,3267
2025-04-05,SP95,1.7839,3266
2025-04-06,SP95,1.7837,3265
2025-04-07,SP95,1.7803,3265
2025-04-08,SP95,1.7733,3267
2025-04-09,SP95,1.7677,3267
2025-04-10,SP95,1.7613,3270
2025-04-11,SP95,1.7502,3271
2025-04-12,SP95,1.7458,3270
2025-04-13,SP95,1.7456,3270
2025-04-14,SP95,1.7399,3272
2025-04-15,SP95,1.7344,3273
2025-04-16,SP95,1.7314,3273
2025-04-17,SP95,1.7286,3274
2025-04-18,SP95,1.7076,3273
2025-04-19,SP95,1.7128,3273
2025-04-20,SP95,1.7145,3273
2025-04-21,SP95,1.7189,3274
2025-04-22,SP95,1.7224,3277
2025-04-23,SP95,1.7222,3281
2025-04-24,SP95,1.723,3280
2025-04-25,SP95,1.7227,3280
2025-04-26,SP95,1.723,3279
2025-04-27,SP95,1.723,3277
2025-04-28,SP95,1.7231,3278
2025-04-29,SP95,1.7233,3278
2025-04-30,SP95,1.7226,3280
2025-05-01,SP95,1.7223,3278
2025-05-02,SP95,1.7205,3279
2025-05-03,SP95,1.7198,3280
2025-05-04,SP95,1.7196,3280
2025-05-05,SP95,1.7181,3284
2025-05-06,SP95,1.7146,3287
2025-05-07,SP95,1.7116,3293
2025-05-08,SP95,1.7114,3293
2025-05-09,SP95,1.7113,3295
2025-05-10,SP95,1.7113,3295
2025-05-11,SP95,1.7113,3292
2025-05-12,SP95,1.7124,3294
2025-05-13,SP95,1.7156,3295
2025-05-14,SP95,1.7189,3297
2025-05-15,SP95,1.7223,3297
2025-05-16,SP95,1.7254,3299
2025-05-17,SP95,1.7263,3298
2025-05-18,SP95,1.7264,3296
2025-05-19,SP95,1.727,3296
2025-05-20,SP95,1.7276,3293
2025-05-21,SP95,1.7277,3295
2025-05-22,SP95,1.7278,3296
2025-05-23,SP95,1.7276,3292
2025-05-24,SP95,1.7279,3290
2025-05-25,SP95,1.7279,3290
2025-05-26,SP95,1.7278,3288
2025-05-27,SP95,1.7279,3288
2025-05-28,SP95,1.7276,3291
2025-05-29,SP95,1.7274,3291
2025-05-30,SP95,1.7268,3290
2025-05-31,SP95,1.7268,3289
2025-06-01,SP95,1.7269,3289
2025-06-02,SP95,1.7266,3294
2025-06-03,SP95,1.726,3296
2025-06-04,SP95,1.7258,3298
2025-06-05,SP95,1.7256,3298
2025-06-06,SP95,1.7246,3299
2025-06-07,SP95,1.7245,3300
2025-06-08,SP95,1.7244,3300
2025-06-09,SP95,1.7245,3299
2025-06-10,SP95,1.7244,3305
2025-06-11,SP95,1.7253,3309
2025-06-12,SP95,1.7264,3311
2025-06-13,SP95,1.7288,3312
2025-06-14,SP95,1.73,3310
2025-06-15,SP95,1.7301,3309
2025-06-16,SP95,1.7336,3311
2025-06-17,SP95,1.7386,3315
2025-06-18,SP95,1.7416,3316
2025-06-19,SP95,1.7454,3321
2025-06-20,SP95,1.7529,3320
2025-06-21,SP95,1.7552,3320
2025-06-22,SP95,1.7557,3319
2025-06-23,SP95,1.7619,3322
2025-06-24,SP95,1.7656,3322
2025-06-25,SP95,1.7658,3322
2025-06-26,SP95,1.7637,3321
2025-06-27,SP95,1.758,3321
2025-06-28,SP95,1.7559,3320
2025-06-29,SP95,1.7558,3320
2025-06-30,SP95,1.7515,3319
2025-07-01,SP95,1.746,3318
2025-07-02,SP95,1.7417,3319
2025-07-03,SP95,1.7376,3317
2025-07-04,SP95,1.716,3316
2025-07-05,SP95,1.7229,3316
2025-07-06,SP95,1.7276,3315
2025-07-07,SP95,1.7296,3315
2025-07-08,SP95,1.7293,3315
2025-07-09,SP95,1.7298,3317
2025-07-10,SP95,1.7319,3318
2025-07-11,SP95,1.7353,3315
2025-07-12,SP95,1.7361,3314
2025-07-13,SP95,1.7362,3312
2025-07-14,SP95,1.7362,3309
2025-07-15,SP95,1.7361,3315
2025-07-16,SP95,1.7363,3315
2025-07-17,SP95,1.7362,3314
2025-07-18,SP95,1.7358,3313
2025-07-19,SP95,1.7359,3312
2025-07-20,SP95,1.736,3311
2025-07-21,SP95,1.7368,3315
2025-07-22,SP95,1.737,3317
2025-07-23,SP95,1.7361,3317
2025-07-24,SP95,1.735,3315
2025-07-25,SP95,1.7333,3313
2025-07-26,SP95,1.7329,3315
2025-07-27,SP95,1.7329,3315
2025-07-28,SP95,1.7319,3317
2025-07-29,SP95,1.7313,3316
2025-07-30,SP95,1.7315,3316
2025-07-31,SP95,1.7322,3318
2025-08-01,SP95,1.7244,3318
2025-08-02,SP95,1.7302,3317
2025-08-03,SP95,1.7344,3316
2025-08-04,SP95,1.7386,3318
2025-08-05,SP95,1.7392,3319
2025-08-06,SP95,1.7389,3319
2025-08-07,SP95,1.7385,3316
2025-08-08,SP95,1.7366,3316
2025-08-09,SP95,1.7362,3315
2025-08-10,SP95,1.7362,3315
2025-08-11,SP95,1.7349,3315
2025-08-12,SP95,1.7338,3313
2025-08-13,SP95,1.7332,3316
2025-08-14,SP95,1.7316,3316
2025-08-15,SP95,1.7312,3312
2025-08-16,SP95,1.7309,3309
2025-08-17,SP95,1.7309,3307
2025-08-18,SP95,1.7299,3308
2025-08-19,SP95,1.7287,3309
2025-08-20,SP95,1.7279,3310
2025-08-21,SP95,1.7276,3309
2025-08-22,SP95,1.7278,3307
2025-08-23,SP95,1.728,3307
2025-08-24,SP95,1.7282,3306
2025-08-25,SP95,1.7297,3308
2025-08-26,SP95,1.7306,3306
2025-08-27,SP95,1.7309,3308
2025-08-28,SP95,1.7302,3307
2025-08-29,SP95,1.7219,3307
2025-08-30,SP95,1.7239,3306
2025-08-31,SP95,1.7276,3304
2025-09-01,SP95,1.7294,3307
2025-09-02,SP95,1.7299,3308
2025-09-03,SP95,1.7315,3308
2025-09-04,SP95,1.7324,3307
2025-09-05,SP95,1.7221,3308
2025-09-06,SP95,1.7289,3307
2025-09-07,SP95,1.733,3306
2025-09-08,SP95,1.7381,3307
2025-09-09,SP95,1.739,3306
2025-09-10,SP95,1.7401,3306
2025-09-11,SP95,1.742,3304
2025-09-12,SP95,1.7436,3300
2025-09-13,SP95,1.7442,3298
2025-09-14,SP95,1.7442,3297
2025-09-15,SP95,1.7448,3295
2025-09-16,SP95,1.7456,3296
2025-09-17,SP95,1.7464,3297
2025-09-18,SP95,1.747,3295
2025-09-19,SP95,1.7473,3293
2025-09-20,SP95,1.7474,3293
2025-09-21,SP95,1.7475,3292
2025-09-22,SP95,1.7474,3292
2025-09-23,SP95,1.747,3290
2025-09-24,SP95,1.7462,3290
2025-09-25,SP95,1.7463,3289
2025-09-26,SP95,1.7465,3288
2025-09-27,SP95,1.7467,3286
2025-09-28,SP95,1.7467,3285
2025-09-29,SP95,1.7473,3285
2025-09-30,SP95,1.7491,3285
2025-10-01,SP95,1.7497,3286
2025-10-02,SP95,1.7493,3284
2025-10-03,SP95,1.7472,3283
2025-10-04,SP95,1.7465,3283
2025-10-05,SP95,1.7464,3280
2025-10-06,SP95,1.7445,3279
2025-10-07,SP95,1.7422,3280
2025-10-08,SP95,1.7406,3281
2025-10-09,SP95,1.7396,3277
2025-10-10,SP95,1.7388,3275
2025-10-11,SP95,1.7386,3274
2025-10-12,SP95,1.7386,3274
2025-10-13,SP95,1.7385,3275
2025-10-14,SP95,1.7373,3276
2025-10-15,SP95,1.7363,3279
2025-10-16,SP95,1.7341,3278
2025-10-17,SP95,1.7135,3280
2025-10-18,SP95,1.7205,3281
2025-10-19,SP95,1.7258,3281
2025-10-20,SP95,1.7278,3281
2025-10-21,SP95,1.7266,3281
2025-10-22,SP95,1.7249,3280
2025-10-23,SP95,1.7244,3279
2025-10-24,SP95,1.7259,3281
2025-10-25,SP95,1.7264,3282
2025-10-26,SP95,1.7266,3280
2025-10-27,SP95,1.7293,3280
2025-10-28,SP95,1.732,3279
2025-10-29,SP95,1.7333,3280
2025-10-30,SP95,1.7342,3280
2025-10-31,SP95,1.7355,3282
2025-11-01,SP95,1.7357,3282
2025-11-02,SP95,1.7356,3282
2025-11-03,SP95,1.7363,3281
2025-11-04,SP95,1.7371,3281
2025-11-05,SP95,1.7379,3282
2025-11-06,SP95,1.7393,3282
2025-11-07,SP95,1.7411,3284
2025-11-08,SP95,1.7416,3285
2025-11-09,SP95,1.7416,3284
2025-11-10,SP95,1.7429,3285
2025-11-11,SP95,1.7431,3285
2025-11-12,SP95,1.7445,3286
2025-11-13,SP95,1.7479,3287
2025-11-14,SP95,1.7513,3286
2025-11-15,SP95,1.7527,3285
2025-11-16,SP95,1.7529,3284
2025-11-17,SP95,1.7556,3284
2025-11-18,SP95,1.7579,3284
2025-11-19,SP95,1.7598,3284
2025-11-20,SP95,1.7613,3284
2025-11-21,SP95,1.7623,3284
2025-11-22,SP95,1.7626,3283
2025-11-23,SP95,1.7626,3283
2025-11-24,SP95,1.7616,3283
2025-11-25,SP95,1.7601,3284
2025-11-26,SP95,1.7585,3285
2025-11-27,SP95,1.7563,3284
2025-11-28,SP95,1.7537,3284
2025-11-29,SP95,1.7531,3282
2025-11-30,SP95,1.7532,3280
2025-12-01,SP95,1.7529,3277
2025-12-02,SP95,1.7531,3276
2025-12-03,SP95,1.7527,3277
2025-12-04,SP95,1.7517,3276
2025-12-05,SP95,1.7498,3279
2025-12-06,SP95,1.7493,3280
2025-12-07,SP95,1.7493,3279
2025-12-08,SP95,1.7482,3280
2025-12-09,SP95,1.7468,3280
2025-12-10,SP95,1.7451,3280
2025-12-11,SP95,1.7433,3278
2025-12-12,SP95,1.7395,3278
2025-12-13,SP95,1.7381,3278
2025-12-14,SP95,1.7378,3273
2025-12-15,SP95,1.7354,3271
2025-12-16,SP95,1.7319,3270
2025-12-17,SP95,1.7283,3270
2025-12-18,SP95,1.722,3267
2025-12-19,SP95,1.6879,3267
2025-12-20,SP95,1.6962,3266
2025-12-21,SP95,1.7042,3262
2025-12-22,SP95,1.7048,3261
2025-12-23,SP95,1.7025,3263
2025-12-24,SP95,1.7016,3263
2025-12-25,SP95,1.7017,3262
2025-12-26,SP95,1.7013,3263
2025-12-27,SP95,1.7015,3262
2025-12-28,SP95,1.7015,3261
2025-12-29,SP95,1.7016,3262
2025-12-30,SP95,1.7019,3263
2025-12-31,SP95,1.7027,3264
2026-01-01,SP95,1.7048,3262
2026-01-02,SP95,1.7144,3263
2026-01-03,SP95,1.7178,3262
2026-01-04,SP95,1.7181,3262
2026-01-05,SP95,1.7225,3258
2026-01-06,SP95,1.7249,3259
2026-01-07,SP95,1.7266,3262
2026-01-08,SP95,1.7278,3261
2026-01-09,SP95,1.7283,3263
2026-01-10,SP95,1.7287,3263
2026-01-11,SP95,1.7288,3262
2026-01-12,SP95,1.7301,3262
2026-01-13,SP95,1.7319,3261
2026-01-14,SP95,1.7338,3261
2026-01-15,SP95,1.7362,3262
2026-01-16,SP95,1.7384,3262
2026-01-17,SP95,1.7391,3256
2026-01-18,SP95,1.7392,3254
2026-01-19,SP95,1.7395,3249
2026-01-20,SP95,1.7395,3250
2026-01-21,SP95,1.7397,3250
2026-01-22,SP95,1.7404,3242
2026-01-23,SP95,1.7417,3235
2026-01-24,SP95,1.7422,3233
2026-01-25,SP95,1.7422,3232
2026-01-26,SP95,1.7428,3232
2026-01-27,SP95,1.7434,3232
2026-01-28,SP95,1.7434,3232
2026-01-29,SP95,1.7439,3227
2026-01-30,SP95,1.7444,3223
2026-01-31,SP95,1.7455,3182
2026-02-01,SP95,1.7456,3181
2026-02-02,SP95,1.747,3183
2026-02-03,SP95,1.7481,3185
2026-02-04,SP95,1.7482,3186
2026-02-05,SP95,1.7489,3184
2026-02-06,SP95,1.7498,3182
2026-02-07,SP95,1.7506,3182
2026-02-08,SP95,1.7508,3179
2026-02-09,SP95,1.7523,3175
2026-02-10,SP95,1.7536,3176
2026-02-11,SP95,1.7552,3177
2026-02-12,SP95,1.7567,3175
2026-02-13,SP95,1.7582,3177
2026-02-14,SP95,1.7585,3177
2026-02-15,SP95,1.7586,3174
2026-02-16,SP95,1.7586,3172
2026-02-17,SP95,1.758,3174
2026-02-18,SP95,1.758,3174
2026-02-19,SP95,1.7569,3173
2026-02-20,SP95,1.7401,3173
2026-02-21,SP95,1.7478,3174
2026-02-22,SP95,1.7532,3169
2026-02-23,SP95,1.76,3170
2026-02-24,SP95,1.7635,3171
2026-02-25,SP95,1.7666,3171
2026-02-26,SP95,1.7692,3172
2026-02-27,SP95,1.771,3171
2026-02-28,SP95,1.7723,3171
2026-03-01,SP95,1.7726,3169
2026-03-02,SP95,1.7803,3171
2026-03-03,SP95,1.813,3174
2026-03-04,SP95,1.8368,3180
2026-03-05,SP95,1.8568,3185
2026-03-06,SP95,1.8712,3189
2026-03-07,SP95,1.875,3190
2026-03-08,SP95,1.8758,3189
2026-03-09,SP95,1.8856,3190
2026-03-10,SP95,1.9,3195
2026-03-11,SP95,1.9084,3200
2026-03-12,SP95,1.9114,3203
2026-03-13,SP95,1.9171,3222
2026-03-14,SP95,1.9193,3221
2026-03-15,SP95,1.9198,3221
2026-03-16,SP95,1.9266,3221
2026-03-17,SP95,1.9362,3225
2026-03-18,SP95,1.9438,3228
2026-03-19,SP95,1.9541,3227
2026-03-20,SP95,1.9748,3228
2026-03-21,SP95,1.9841,3227
2026-03-22,SP95,1.9852,3227
2026-03-23,SP95,2.001,3226
2026-03-24,SP95,2.0152,3225
2026-03-25,SP95,2.0189,3234
2026-03-26,SP95,2.0186,3238
2026-03-27,SP95,2.0172,3242
2026-03-28,SP95,2.017,3244
2026-03-29,SP95,2.0177,3240
2026-03-30,SP95,2.0209,3245
2026-03-31,SP95,2.0277,3250
2026-04-01,SP95,2.0341,3260
2026-04-02,SP95,2.038,3265
2026-04-03,SP95,2.0449,3269
2026-04-04,SP95,2.0474,3266
2026-04-05,SP95,2.0479,3260
2026-04-06,SP95,2.0487,3252
2026-04-07,SP95,2.0545,3263
2026-04-08,SP95,2.0618,3277
2026-04-09,SP95,2.058,3287
2026-04-10,SP95,2.0505,3294
2026-04-11,SP95,2.0477,3296
2026-04-12,SP95,2.0477,3292
2026-04-13,SP95,2.0464,3281
2026-04-14,SP95,2.0447,3286
2026-04-15,SP95,2.0401,3288
2026-04-16,SP95,2.0366,3291
2026-04-17,SP95,2.0325,3289
2026-04-18,SP95,2.0308,3287
2026-04-19,SP95,2.031,3286
2026-04-20,SP95,2.0291,3284
2026-04-21,SP95,2.0257,3287
2026-04-22,SP95,2.0237,3288
2026-04-23,SP95,2.0237,3290
2026-04-24,SP95,2.026,3292
2026-04-25,SP95,2.0276,3292
2026-04-26,SP95,2.0275,3291
2026-04-27,SP95,2.0324,3291
2026-04-28,SP95,2.0371,3289
2026-04-29,SP95,2.0406,3292
2026-04-30,SP95,2.0462,3292
2026-05-01,SP95,2.0468,3288
2026-05-02,SP95,2.0499,3287
2026-05-03,SP95,2.0503,3285
2026-05-04,SP95,2.0581,3292
2026-05-05,SP95,2.0629,3293
2026-05-06,SP95,2.0665,3298
2026-05-07,SP95,2.0702,3302
2026-05-08,SP95,2.0704,3291
2026-05-09,SP95,2.0706,3281
2026-05-10,SP95,2.0708,3271
2026-05-11,SP95,2.0681,3261
2026-05-12,SP95,2.0675,3259
2026-05-13,SP95,2.0692,3260
2026-05-14,SP95,2.0698,3259
2026-05-15,SP95,2.0747,3258
2026-05-16,SP95,2.0762,3260
2026-05-17,SP95,2.0764,3255
2026-05-18,SP95,2.0793,3259
2026-05-19,SP95,2.0844,3261
2026-05-20,SP95,2.0894,3263
2026-05-21,SP95,2.0934,3266
2026-05-22,SP95,2.0967,3263
2026-05-23,SP95,2.0973,3264
2026-05-24,SP95,2.0973,3263
2026-05-25,SP95,2.0973,3262
2026-05-26,SP95,2.0964,3266
2026-05-27,SP95,2.0932,3270
2026-05-28,SP95,2.0859,3273
2026-05-29,SP95,2.0718,3275
2026-05-30,SP95,2.0665,3279
2026-05-31,SP95,2.0664,3270
2026-06-01,SP95,2.0555,3278
2026-06-02,SP95,2.0439,3285
2026-06-03,SP95,2.0346,3289
2026-06-04,SP95,2.0307,3282
2026-06-05,SP95,2.0267,3280
2026-06-06,SP95,2.0252,3271
2026-06-07,SP95,2.0249,3266
2026-06-08,SP95,2.0211,3267
2026-06-09,SP95,2.0195,3264
2026-06-10,SP95,2.0166,3263
2026-06-11,SP95,2.013,3259
2026-06-12,SP95,2.0103,3255
2026-06-13,SP95,2.0096,3253
2026-06-14,SP95,2.0097,3252
2026-06-15,SP95,2.0079,3245
2026-06-16,SP95,2.0026,3246
2026-06-17,SP95,1.9963,3248
2026-06-18,SP95,1.9888,3247
2026-06-19,SP95,1.9792,3244
2026-06-20,SP95,1.9766,3244
2026-06-21,SP95,1.9764,3240
2026-06-22,SP95,1.9716,3238
2026-06-23,SP95,1.9679,3238
2026-06-24,SP95,1.9652,3239
2026-06-25,SP95,1.9613,3238
2026-06-26,SP95,1.9574,3230
2026-06-27,SP95,1.9538,3226
2026-06-28,SP95,1.9536,3220
2026-06-29,SP95,1.9532,3218
2026-06-30,SP95,1.9526,3210
2026-07-01,SP95,1.9524,3213
2026-07-02,SP95,1.9518,3202
2026-07-03,SP95,1.938,3195
2026-07-04,SP95,1.9438,3190
2026-07-05,SP95,1.9485,3188
2026-07-06,SP95,1.9515,3184
2026-07-07,SP95,1.9556,3183
2026-07-08,SP95,1.959,3185
2026-07-09,SP95,1.9624,3180
2026-07-10,SP95,1.9692,3176
2026-07-11,SP95,1.9714,3174
2026-07-12,SP95,1.9715,3168
2026-07-13,SP95,1.9742,3169
2026-07-14,SP95,1.9747,3167
2026-07-15,SP95,1.9785,3165
2026-07-16,SP95,1.9878,3163
2026-07-17,SP95,2.008,3162
2026-07-18,SP95,2.0132,3158
2026-07-19,SP95,2.014,3158
2026-07-20,SP95,2.0254,3157
2026-07-21,SP95,2.0387,3160
2026-07-22,SP95,2.0463,3162
2026-07-23,SP95,2.0512,3163
2026-07-24,SP95,2.0589,3160
2026-07-25,SP95,2.0608,3156
2026-07-26,SP95,2.0614,3154
2026-07-27,SP95,2.0642,3153
2026-07-28,SP95,2.0642,3155
2026-07-29,SP95,2.0635,3157
2026-07-30,SP95,2.0649,3156
2026-07-31,SP95,2.0684,3153
2026-08-01,SP95,2.0692,3149
2026-08-02,SP95,2.0694,3145
2026-08-03,SP95,2.0677,3152
2026-08-04,SP95,2.065,3151
2026-08-05,SP95,2.0589,3154
2026-08-06,SP95,2.0511,3150
2026-08-07,SP95,2.0394,3149
2026-08-08,SP95,2.0355,3145
2026-08-09,SP95,2.0352,3144
2026-08-10,SP95,2.0308,3142
2026-08-11,SP95,2.0303,3142
2026-08-12,SP95,2.0351,3146
2026-08-13,SP95,2.0399,3142
2026-08-14,SP95,2.0452,3142
2026-08-15,SP95,2.0466,3140
2026-08-16,SP95,2.0468,3137
2026-08-17,SP95,2.0507,3133
2026-08-18,SP95,2.0541,3134
2026-08-19,SP95,2.0562,3136
2026-08-20,SP95,2.0596,3131
2026-08-21,SP95,2.0634,3122
2026-08-22,SP95,2.0646,3117
2026-08-23,SP95,2.0648,3110
2026-08-24,SP95,2.0675,3108
2026-08-25,SP95,2.0703,3110
2026-08-26,SP95,2.0716,3110
2026-08-27,SP95,2.0728,3101
2026-08-28,SP95,2.0738,3095
2026-08-29,SP95,2.0746,3091
2026-08-30,SP95,2.0749,3087
2026-08-31,SP95,2.0789,3082
2026-09-01,SP95,2.0886,3086
2026-09-02,SP95,2.0996,3088
2026-09-03,SP95,2.1121,3080
2026-09-04,SP95,2.1297,3079
2026-09-05,SP95,2.1365,3078
2026-09-06,SP95,2.1374,3076
2026-09-07,SP95,2.1475,3077
2026-09-08,SP95,2.1581,3078
2026-09-09,SP95,2.1621,3080
2026-09-10,SP95,2.1656,3081
2026-09-11,SP95,2.1653,3083
2026-09-12,SP95,2.1659,3082
2026-09-13,SP95,2.1667,3075
2026-09-14,SP95,2.1729,3077
2026-09-15,SP95,2.1854,3078
2026-09-16,SP95,2.1981,3079
2026-09-17,SP95,2.2048,3078
2026-09-18,SP95,2.2063,3073
2026-09-19,SP95,2.2064,3067
2026-09-20,SP95,2.2065,3065
2026-09-21,SP95,2.2064,3066
2026-09-22,SP95,2.2056,3068
2026-09-23,SP95,2.2046,3067
2026-09-24,SP95,2.2051,3060
2026-09-25,SP95,2.2069,3055
2026-09-26,SP95,2.2083,3041
2026-09-27,SP95,2.2084,3039
2026-09-28,SP95,2.2125,3037
2026-09-29,SP95,2.2135,3035
2026-09-30,SP95,2.2115,3036
2026-10-01,SP95,2.2095,3033
2026-10-02,SP95,2.2085,3026
2026-10-03,SP95,2.2083,3027
2026-10-04,SP95,2.2086,3020
2026-10-05,SP95,2.2088,2999
2026-10-06,SP95,2.2086,2994
2026-10-07,SP95,2.2086,2993
2025-01-01,SP98,1.8794,1759
2025-01-02,SP98,1.8604,3370
2025-01-03,SP98,1.858,4814
2025-01-04,SP98,1.8586,5209
2025-01-05,SP98,1.8587,5249
2025-01-06,SP98,1.859,6012
2025-01-07,SP98,1.8621,6515
2025-01-08,SP98,1.8621,6750
2025-01-09,SP98,1.8622,6921
2025-01-10,SP98,1.8625,7102
2025-01-11,SP98,1.8642,7217
2025-01-12,SP98,1.8643,7223
2025-01-13,SP98,1.8652,7330
2025-01-14,SP98,1.8694,7436
2025-01-15,SP98,1.8735,7508
2025-01-16,SP98,1.8774,7583
2025-01-17,SP98,1.8836,7636
2025-01-18,SP98,1.8852,7656
2025-01-19,SP98,1.8853,7661
2025-01-20,SP98,1.8869,7695
2025-01-21,SP98,1.8884,7724
2025-01-22,SP98,1.8887,7739
2025-01-23,SP98,1.8884,7751
2025-01-24,SP98,1.8875,7767
2025-01-25,SP98,1.8864,7769
2025-01-26,SP98,1.8864,7769
2025-01-27,SP98,1.8852,7773
2025-01-28,SP98,1.8832,7786
2025-01-29,SP98,1.8813,7790
2025-01-30,SP98,1.8791,7796
2025-01-31,SP98,1.8776,7803
2025-02-01,SP98,1.8772,7807
2025-02-02,SP98,1.8772,7807
2025-02-03,SP98,1.8767,7809
2025-02-04,SP98,1.8776,7813
2025-02-05,SP98,1.878,7818
2025-02-06,SP98,1.8783,7823
2025-02-07,SP98,1.8776,7824
2025-02-08,SP98,1.8774,7826
2025-02-09,SP98,1.8774,7826
2025-02-10,SP98,1.8775,7831
2025-02-11,SP98,1.8786,7835
2025-02-12,SP98,1.881,7841
2025-02-13,SP98,1.8818,7843
2025-02-14,SP98,1.88,7846
2025-02-15,SP98,1.8792,7847
2025-02-16,SP98,1.8792,7848
2025-02-17,SP98,1.8778,7849
2025-02-18,SP98,1.8756,7851
2025-02-19,SP98,1.8746,7853
2025-02-20,SP98,1.8738,7860
2025-02-21,SP98,1.8611,7860
2025-02-22,SP98,1.8675,7861
2025-02-23,SP98,1.8689,7861
2025-02-24,SP98,1.8695,7864
2025-02-25,SP98,1.8671,7866
2025-02-26,SP98,1.8651,7869
2025-02-27,SP98,1.8618,7873
2025-02-28,SP98,1.8575,7877
2025-03-01,SP98,1.8554,7878
2025-03-02,SP98,1.8552,7878
2025-03-03,SP98,1.8529,7883
2025-03-04,SP98,1.8504,7884
2025-03-05,SP98,1.8473,7886
2025-03-06,SP98,1.8423,7888
2025-03-07,SP98,1.8324,7890
2025-03-08,SP98,1.8269,7890
2025-03-09,SP98,1.8267,7890
2025-03-10,SP98,1.821,7892
2025-03-11,SP98,1.8123,7901
2025-03-12,SP98,1.8068,7904
2025-03-13,SP98,1.8035,7906
2025-03-14,SP98,1.803,7907
2025-03-15,SP98,1.8033,7908
2025-03-16,SP98,1.8034,7908
2025-03-17,SP98,1.8029,7911
2025-03-18,SP98,1.8026,7913
2025-03-19,SP98,1.8033,7915
2025-03-20,SP98,1.8036,7918
2025-03-21,SP98,1.8048,7920
2025-03-22,SP98,1.8058,7921
2025-03-23,SP98,1.8058,7920
2025-03-24,SP98,1.8068,7923
2025-03-25,SP98,1.8098,7925
2025-03-26,SP98,1.8135,7926
2025-03-27,SP98,1.8177,7926
2025-03-28,SP98,1.8243,7928
2025-03-29,SP98,1.827,7929
2025-03-30,SP98,1.8272,7929
2025-03-31,SP98,1.8297,7932
2025-04-01,SP98,1.8332,7933
2025-04-02,SP98,1.8373,7934
2025-04-03,SP98,1.8411,7936
2025-04-04,SP98,1.8398,7939
2025-04-05,SP98,1.8369,7938
2025-04-06,SP98,1.8368,7937
2025-04-07,SP98,1.8327,7938
2025-04-08,SP98,1.825,7940
2025-04-09,SP98,1.818,7943
2025-04-10,SP98,1.8084,7944
2025-04-11,SP98,1.7995,7945
2025-04-12,SP98,1.7947,7945
2025-04-13,SP98,1.7945,7945
2025-04-14,SP98,1.7894,7945
2025-04-15,SP98,1.7836,7947
2025-04-16,SP98,1.7807,7948
2025-04-17,SP98,1.7784,7950
2025-04-18,SP98,1.7586,7952
2025-04-19,SP98,1.7657,7952
2025-04-20,SP98,1.7671,7952
2025-04-21,SP98,1.7699,7952
2025-04-22,SP98,1.7729,7954
2025-04-23,SP98,1.7728,7956
2025-04-24,SP98,1.7736,7958
2025-04-25,SP98,1.7739,7959
2025-04-26,SP98,1.774,7959
2025-04-27,SP98,1.774,7959
2025-04-28,SP98,1.7739,7960
2025-04-29,SP98,1.7743,7962
2025-04-30,SP98,1.7731,7964
2025-05-01,SP98,1.7725,7965
2025-05-02,SP98,1.7715,7966
2025-05-03,SP98,1.7701,7966
2025-05-04,SP98,1.77,7966
2025-05-05,SP98,1.7683,7969
2025-05-06,SP98,1.7649,7970
2025-05-07,SP98,1.7618,7974
2025-05-08,SP98,1.7614,7975
2025-05-09,SP98,1.7618,7979
2025-05-10,SP98,1.7629,7980
2025-05-11,SP98,1.7629,7977
2025-05-12,SP98,1.7639,7978
2025-05-13,SP98,1.7687,7981
2025-05-14,SP98,1.7734,7983
2025-05-15,SP98,1.7776,7985
2025-05-16,SP98,1.7805,7986
2025-05-17,SP98,1.7812,7987
2025-05-18,SP98,1.7812,7986
2025-05-19,SP98,1.7814,7987
2025-05-20,SP98,1.7819,7988
2025-05-21,SP98,1.7814,7989
2025-05-22,SP98,1.7814,7989
2025-05-23,SP98,1.7809,7991
2025-05-24,SP98,1.7806,7991
2025-05-25,SP98,1.7806,7991
2025-05-26,SP98,1.7801,7992
2025-05-27,SP98,1.7803,7992
2025-05-28,SP98,1.78,7996
2025-05-29,SP98,1.7798,7996
2025-05-30,SP98,1.7795,7996
2025-05-31,SP98,1.7794,7995
2025-06-01,SP98,1.7794,7995
2025-06-02,SP98,1.7787,7997
2025-06-03,SP98,1.7782,7997
2025-06-04,SP98,1.7778,7997
2025-06-05,SP98,1.7777,7999
2025-06-06,SP98,1.7772,7999
2025-06-07,SP98,1.777,7999
2025-06-08,SP98,1.777,7999
2025-06-09,SP98,1.7769,7999
2025-06-10,SP98,1.7767,8000
2025-06-11,SP98,1.7785,8000
2025-06-12,SP98,1.7798,8001
2025-06-13,SP98,1.7823,8004
2025-06-14,SP98,1.7864,8004
2025-06-15,SP98,1.7866,8003
2025-06-16,SP98,1.7892,8005
2025-06-17,SP98,1.7934,8006
2025-06-18,SP98,1.7967,8007
2025-06-19,SP98,1.8004,8009
2025-06-20,SP98,1.8087,8011
2025-06-21,SP98,1.8118,8011
2025-06-22,SP98,1.8122,8011
2025-06-23,SP98,1.8169,8014
2025-06-24,SP98,1.8209,8015
2025-06-25,SP98,1.8184,8017
2025-06-26,SP98,1.8152,8018
2025-06-27,SP98,1.8106,8015
2025-06-28,SP98,1.807,8015
2025-06-29,SP98,1.8068,8015
2025-06-30,SP98,1.8027,8018
2025-07-01,SP98,1.7963,8020
2025-07-02,SP98,1.7911,8021
2025-07-03,SP98,1.7868,8020
2025-07-04,SP98,1.7657,8023
2025-07-05,SP98,1.7739,8023
2025-07-06,SP98,1.7776,8023
2025-07-07,SP98,1.7792,8026
2025-07-08,SP98,1.7791,8029
2025-07-09,SP98,1.7803,8030
2025-07-10,SP98,1.7834,8035
2025-07-11,SP98,1.7874,8039
2025-07-12,SP98,1.7883,8039
2025-07-13,SP98,1.7884,8039
2025-07-14,SP98,1.7881,8039
2025-07-15,SP98,1.788,8039
2025-07-16,SP98,1.7874,8041
2025-07-17,SP98,1.7872,8043
2025-07-18,SP98,1.7868,8045
2025-07-19,SP98,1.7869,8046
2025-07-20,SP98,1.7869,8047
2025-07-21,SP98,1.7874,8050
2025-07-22,SP98,1.7875,8053
2025-07-23,SP98,1.7865,8055
2025-07-24,SP98,1.7847,8056
2025-07-25,SP98,1.7829,8056
2025-07-26,SP98,1.7824,8056
2025-07-27,SP98,1.7824,8056
2025-07-28,SP98,1.7813,8058
2025-07-29,SP98,1.7813,8058
2025-07-30,SP98,1.7821,8060
2025-07-31,SP98,1.7834,8062
2025-08-01,SP98,1.7782,8062
2025-08-02,SP98,1.7827,8062
2025-08-03,SP98,1.7861,8062
2025-08-04,SP98,1.7895,8064
2025-08-05,SP98,1.79,8064
2025-08-06,SP98,1.7899,8064
2025-08-07,SP98,1.7894,8065
2025-08-08,SP98,1.7881,8064
2025-08-09,SP98,1.7874,8064
2025-08-10,SP98,1.7873,8064
2025-08-11,SP98,1.7861,8066
2025-08-12,SP98,1.7853,8067
2025-08-13,SP98,1.7842,8068
2025-08-14,SP98,1.7819,8068
2025-08-15,SP98,1.7812,8068
2025-08-16,SP98,1.7811,8069
2025-08-17,SP98,1.7811,8069
2025-08-18,SP98,1.7797,8070
2025-08-19,SP98,1.7785,8072
2025-08-20,SP98,1.7779,8075
2025-08-21,SP98,1.7782,8077
2025-08-22,SP98,1.7801,8078
2025-08-23,SP98,1.7818,8077
2025-08-24,SP98,1.7818,8077
2025-08-25,SP98,1.783,8077
2025-08-26,SP98,1.7845,8079
2025-08-27,SP98,1.7847,8081
2025-08-28,SP98,1.7839,8081
2025-08-29,SP98,1.7782,8081
2025-08-30,SP98,1.7788,8081
2025-08-31,SP98,1.7814,8080
2025-09-01,SP98,1.7823,8081
2025-09-02,SP98,1.7828,8082
2025-09-03,SP98,1.786,8082
2025-09-04,SP98,1.7872,8085
2025-09-05,SP98,1.7737,8086
2025-09-06,SP98,1.7824,8086
2025-09-07,SP98,1.7861,8086
2025-09-08,SP98,1.7905,8088
2025-09-09,SP98,1.792,8090
2025-09-10,SP98,1.7932,8091
2025-09-11,SP98,1.7951,8091
2025-09-12,SP98,1.7968,8089
2025-09-13,SP98,1.7973,8089
2025-09-14,SP98,1.7973,8089
2025-09-15,SP98,1.7976,8090
2025-09-16,SP98,1.7986,8091
2025-09-17,SP98,1.7998,8094
2025-09-18,SP98,1.8005,8098
2025-09-19,SP98,1.801,8100
2025-09-20,SP98,1.8014,8100
2025-09-21,SP98,1.8014,8100
2025-09-22,SP98,1.801,8101
2025-09-23,SP98,1.7999,8101
2025-09-24,SP98,1.799,8102
2025-09-25,SP98,1.7991,8103
2025-09-26,SP98,1.7999,8103
2025-09-27,SP98,1.8005,8103
2025-09-28,SP98,1.8006,8103
2025-09-29,SP98,1.8011,8103
2025-09-30,SP98,1.8032,8103
2025-10-01,SP98,1.8036,8104
2025-10-02,SP98,1.8025,8104
2025-10-03,SP98,1.7995,8105
2025-10-04,SP98,1.7974,8105
2025-10-05,SP98,1.7973,8105
2025-10-06,SP98,1.7949,8106
2025-10-07,SP98,1.7923,8108
2025-10-08,SP98,1.7907,8111
2025-10-09,SP98,1.7908,8113
2025-10-10,SP98,1.7908,8113
2025-10-11,SP98,1.7909,8113
2025-10-12,SP98,1.7909,8113
2025-10-13,SP98,1.7904,8114
2025-10-14,SP98,1.7893,8115
2025-10-15,SP98,1.7879,8117
2025-10-16,SP98,1.7855,8120
2025-10-17,SP98,1.7652,8121
2025-10-18,SP98,1.7735,8120
2025-10-19,SP98,1.7783,8120
2025-10-20,SP98,1.7794,8119
2025-10-21,SP98,1.776,8120
2025-10-22,SP98,1.7734,8120
2025-10-23,SP98,1.7735,8120
2025-10-24,SP98,1.777,8122
2025-10-25,SP98,1.7778,8121
2025-10-26,SP98,1.7779,8121
2025-10-27,SP98,1.7799,8122
2025-10-28,SP98,1.7833,8120
2025-10-29,SP98,1.7847,8121
2025-10-30,SP98,1.7856,8123
2025-10-31,SP98,1.7871,8126
2025-11-01,SP98,1.7877,8125
2025-11-02,SP98,1.7877,8125
2025-11-03,SP98,1.7881,8125
2025-11-04,SP98,1.7888,8126
2025-11-05,SP98,1.7896,8127
2025-11-06,SP98,1.7907,8127
2025-11-07,SP98,1.7941,8128
2025-11-08,SP98,1.7953,8126
2025-11-09,SP98,1.7954,8126
2025-11-10,SP98,1.7961,8127
2025-11-11,SP98,1.7965,8127
2025-11-12,SP98,1.798,8127
2025-11-13,SP98,1.8019,8128
2025-11-14,SP98,1.8063,8129
2025-11-15,SP98,1.8109,8129
2025-11-16,SP98,1.811,8129
2025-11-17,SP98,1.8135,8130
2025-11-18,SP98,1.8157,8131
2025-11-19,SP98,1.817,8131
2025-11-20,SP98,1.8161,8132
2025-11-21,SP98,1.8166,8131
2025-11-22,SP98,1.8146,8131
2025-11-23,SP98,1.8147,8131
2025-11-24,SP98,1.8133,8131
2025-11-25,SP98,1.811,8131
2025-11-26,SP98,1.8082,8133
2025-11-27,SP98,1.8048,8133
2025-11-28,SP98,1.803,8134
2025-11-29,SP98,1.8024,8133
2025-11-30,SP98,1.8024,8133
2025-12-01,SP98,1.802,8132
2025-12-02,SP98,1.8028,8135
2025-12-03,SP98,1.8025,8136
2025-12-04,SP98,1.8011,8136
2025-12-05,SP98,1.7995,8139
2025-12-06,SP98,1.798,8140
2025-12-07,SP98,1.7979,8140
2025-12-08,SP98,1.7965,8143
2025-12-09,SP98,1.7945,8144
2025-12-10,SP98,1.7928,8145
2025-12-11,SP98,1.7904,8144
2025-12-12,SP98,1.786,8146
2025-12-13,SP98,1.7837,8146
2025-12-14,SP98,1.7836,8143
2025-12-15,SP98,1.7811,8143
2025-12-16,SP98,1.7765,8144
2025-12-17,SP98,1.7715,8144
2025-12-18,SP98,1.7662,8143
2025-12-19,SP98,1.7322,8145
2025-12-20,SP98,1.7428,8145
2025-12-21,SP98,1.7496,8142
2025-12-22,SP98,1.75,8144
2025-12-23,SP98,1.7478,8145
2025-12-24,SP98,1.7462,8148
2025-12-25,SP98,1.7469,8148
2025-12-26,SP98,1.7475,8148
2025-12-27,SP98,1.7477,8148
2025-12-28,SP98,1.7477,8149
2025-12-29,SP98,1.7476,8147
2025-12-30,SP98,1.7487,8148
2025-12-31,SP98,1.75,8148
2026-01-01,SP98,1.7528,8146
2026-01-02,SP98,1.7651,8144
2026-01-03,SP98,1.7684,8144
2026-01-04,SP98,1.7686,8141
2026-01-05,SP98,1.7719,8138
2026-01-06,SP98,1.7763,8141
2026-01-07,SP98,1.7784,8142
2026-01-08,SP98,1.7799,8141
2026-01-09,SP98,1.7809,8142
2026-01-10,SP98,1.7813,8142
2026-01-11,SP98,1.7813,8142
2026-01-12,SP98,1.7823,8141
2026-01-13,SP98,1.7849,8142
2026-01-14,SP98,1.7879,8144
2026-01-15,SP98,1.791,8146
2026-01-16,SP98,1.7931,8144
2026-01-17,SP98,1.7937,8139
2026-01-18,SP98,1.7937,8136
2026-01-19,SP98,1.7937,8129
2026-01-20,SP98,1.7932,8129
2026-01-21,SP98,1.7933,8130
2026-01-22,SP98,1.7945,8125
2026-01-23,SP98,1.7954,8121
2026-01-24,SP98,1.7957,8116
2026-01-25,SP98,1.7957,8115
2026-01-26,SP98,1.7957,8105
2026-01-27,SP98,1.7953,8099
2026-01-28,SP98,1.795,8101
2026-01-29,SP98,1.7959,8088
2026-01-30,SP98,1.7971,8068
2026-01-31,SP98,1.7975,7975
2026-02-01,SP98,1.7976,7975
2026-02-02,SP98,1.7986,7978
2026-02-03,SP98,1.8,7981
2026-02-04,SP98,1.8002,7984
2026-02-05,SP98,1.8005,7985
2026-02-06,SP98,1.8013,7986
2026-02-07,SP98,1.8023,7988
2026-02-08,SP98,1.8024,7988
2026-02-09,SP98,1.8036,7991
2026-02-10,SP98,1.8054,7991
2026-02-11,SP98,1.8075,7991
2026-02-12,SP98,1.8099,7991
2026-02-13,SP98,1.8106,7993
2026-02-14,SP98,1.8102,7993
2026-02-15,SP98,1.8102,7992
2026-02-16,SP98,1.8098,7992
2026-02-17,SP98,1.8092,7993
2026-02-18,SP98,1.8092,7995
2026-02-19,SP98,1.8088,7995
2026-02-20,SP98,1.7939,7995
2026-02-21,SP98,1.8036,7996
2026-02-22,SP98,1.8085,7996
2026-02-23,SP98,1.814,7999
2026-02-24,SP98,1.818,7999
2026-02-25,SP98,1.821,7999
2026-02-26,SP98,1.8238,7999
2026-02-27,SP98,1.8252,8000
2026-02-28,SP98,1.8269,8000
2026-03-01,SP98,1.8272,8000
2026-03-02,SP98,1.8334,8002
2026-03-03,SP98,1.8683,8005
2026-03-04,SP98,1.8905,8008
2026-03-05,SP98,1.9035,8011
2026-03-06,SP98,1.9194,8015
2026-03-07,SP98,1.9262,8017
2026-03-08,SP98,1.9267,8017
2026-03-09,SP98,1.9365,8026
2026-03-10,SP98,1.9522,8034
2026-03-11,SP98,1.9593,8040
2026-03-12,SP98,1.9655,8051
2026-03-13,SP98,1.9745,8063
2026-03-14,SP98,1.9761,8064
2026-03-15,SP98,1.9766,8065
2026-03-16,SP98,1.9837,8065
2026-03-17,SP98,1.995,8073
2026-03-18,SP98,2.0027,8077
2026-03-19,SP98,2.011,8080
2026-03-20,SP98,2.0313,8082
2026-03-21,SP98,2.0395,8083
2026-03-22,SP98,2.0404,8083
2026-03-23,SP98,2.0551,8084
2026-03-24,SP98,2.0669,8084
2026-03-25,SP98,2.0682,8088
2026-03-26,SP98,2.0663,8090
2026-03-27,SP98,2.0637,8092
2026-03-28,SP98,2.0637,8092
2026-03-29,SP98,2.0638,8091
2026-03-30,SP98,2.0673,8093
2026-03-31,SP98,2.0742,8094
2026-04-01,SP98,2.0809,8102
2026-04-02,SP98,2.0859,8105
2026-04-03,SP98,2.09,8106
2026-04-04,SP98,2.091,8105
2026-04-05,SP98,2.0913,8105
2026-04-06,SP98,2.0916,8105
2026-04-07,SP98,2.096,8106
2026-04-08,SP98,2.1013,8109
2026-04-09,SP98,2.0976,8109
2026-04-10,SP98,2.0903,8110
2026-04-11,SP98,2.0879,8111
2026-04-12,SP98,2.0878,8110
2026-04-13,SP98,2.0853,8114
2026-04-14,SP98,2.0848,8116
2026-04-15,SP98,2.0827,8117
2026-04-16,SP98,2.0801,8117
2026-04-17,SP98,2.0757,8118
2026-04-18,SP98,2.0735,8118
2026-04-19,SP98,2.0734,8118
2026-04-20,SP98,2.0709,8118
2026-04-21,SP98,2.0682,8120
2026-04-22,SP98,2.0665,8135
2026-04-23,SP98,2.0673,8135
2026-04-24,SP98,2.0709,8139
2026-04-25,SP98,2.0724,8135
2026-04-26,SP98,2.0726,8135
2026-04-27,SP98,2.0777,8135
2026-04-28,SP98,2.0828,8134
2026-04-29,SP98,2.0862,8136
2026-04-30,SP98,2.0925,8137
2026-05-01,SP98,2.0938,8136
2026-05-02,SP98,2.0963,8135
2026-05-03,SP98,2.0967,8134
2026-05-04,SP98,2.1047,8136
2026-05-05,SP98,2.1101,8136
2026-05-06,SP98,2.1136,8136
2026-05-07,SP98,2.116,8140
2026-05-08,SP98,2.1159,8140
2026-05-09,SP98,2.1159,8139
2026-05-10,SP98,2.1159,8139
2026-05-11,SP98,2.1128,8143
2026-05-12,SP98,2.112,8144
2026-05-13,SP98,2.1145,8145
2026-05-14,SP98,2.1153,8147
2026-05-15,SP98,2.1203,8146
2026-05-16,SP98,2.122,8146
2026-05-17,SP98,2.1221,8145
2026-05-18,SP98,2.1251,8148
2026-05-19,SP98,2.1306,8148
2026-05-20,SP98,2.1352,8149
2026-05-21,SP98,2.1384,8151
2026-05-22,SP98,2.1406,8150
2026-05-23,SP98,2.1408,8150
2026-05-24,SP98,2.1409,8149
2026-05-25,SP98,2.1406,8149
2026-05-26,SP98,2.1393,8150
2026-05-27,SP98,2.1354,8150
2026-05-28,SP98,2.128,8149
2026-05-29,SP98,2.1138,8149
2026-05-30,SP98,2.1082,8149
2026-05-31,SP98,2.108,8147
2026-06-01,SP98,2.0975,8149
2026-06-02,SP98,2.0851,8153
2026-06-03,SP98,2.0775,8155
2026-06-04,SP98,2.0736,8154
2026-06-05,SP98,2.0693,8156
2026-06-06,SP98,2.0676,8157
2026-06-07,SP98,2.0674,8156
2026-06-08,SP98,2.0633,8160
2026-06-09,SP98,2.0607,8159
2026-06-10,SP98,2.0574,8162
2026-06-11,SP98,2.0545,8164
2026-06-12,SP98,2.0531,8164
2026-06-13,SP98,2.0525,8164
2026-06-14,SP98,2.0526,8163
2026-06-15,SP98,2.0509,8162
2026-06-16,SP98,2.0451,8166
2026-06-17,SP98,2.0361,8170
2026-06-18,SP98,2.0298,8171
2026-06-19,SP98,2.0202,8172
2026-06-20,SP98,2.0169,8171
2026-06-21,SP98,2.0166,8171
2026-06-22,SP98,2.0124,8170
2026-06-23,SP98,2.0093,8172
2026-06-24,SP98,2.0066,8173
2026-06-25,SP98,2.0022,8173
2026-06-26,SP98,2.0022,8173
2026-06-27,SP98,1.998,8174
2026-06-28,SP98,1.9979,8174
2026-06-29,SP98,1.9973,8174
2026-06-30,SP98,1.9994,8175
2026-07-01,SP98,1.9985,8177
2026-07-02,SP98,2.0,8176
2026-07-03,SP98,1.9853,8177
2026-07-04,SP98,1.9927,8176
2026-07-05,SP98,1.9966,8175
2026-07-06,SP98,1.9992,8178
2026-07-07,SP98,2.0029,8178
2026-07-08,SP98,2.005,8179
2026-07-09,SP98,2.0087,8182
2026-07-10,SP98,2.0146,8183
2026-07-11,SP98,2.016,8183
2026-07-12,SP98,2.0161,8182
2026-07-13,SP98,2.0175,8181
2026-07-14,SP98,2.0189,8181
2026-07-15,SP98,2.0225,8182
2026-07-16,SP98,2.0344,8181
2026-07-17,SP98,2.0665,8182
2026-07-18,SP98,2.0794,8181
2026-07-19,SP98,2.0802,8180
2026-07-20,SP98,2.092,8180
2026-07-21,SP98,2.1078,8181
2026-07-22,SP98,2.1151,8184
2026-07-23,SP98,2.0935,8185
2026-07-24,SP98,2.1004,8187
2026-07-25,SP98,2.1018,8187
2026-07-26,SP98,2.1019,8187
2026-07-27,SP98,2.1041,8185
2026-07-28,SP98,2.1036,8185
2026-07-29,SP98,2.1029,8185
2026-07-30,SP98,2.1037,8184
2026-07-31,SP98,2.106,8183
2026-08-01,SP98,2.1066,8183
2026-08-02,SP98,2.1066,8183
2026-08-03,SP98,2.1055,8182
2026-08-04,SP98,2.1024,8181
2026-08-05,SP98,2.0962,8183
2026-08-06,SP98,2.0878,8183
2026-08-07,SP98,2.0754,8183
2026-08-08,SP98,2.0717,8182
2026-08-09,SP98,2.0714,8181
2026-08-10,SP98,2.0666,8180
2026-08-11,SP98,2.0663,8179
2026-08-12,SP98,2.0713,8177
2026-08-13,SP98,2.0766,8176
2026-08-14,SP98,2.0826,8175
2026-08-15,SP98,2.0839,8175
2026-08-16,SP98,2.0841,8175
2026-08-17,SP98,2.0877,8173
2026-08-18,SP98,2.0909,8174
2026-08-19,SP98,2.0938,8174
2026-08-20,SP98,2.0976,8171
2026-08-21,SP98,2.1019,8168
2026-08-22,SP98,2.1033,8166
2026-08-23,SP98,2.1036,8152
2026-08-24,SP98,2.1057,8142
2026-08-25,SP98,2.109,8141
2026-08-26,SP98,2.1103,8141
2026-08-27,SP98,2.1109,8140
2026-08-28,SP98,2.1125,8135
2026-08-29,SP98,2.1135,8134
2026-08-30,SP98,2.1137,8131
2026-08-31,SP98,2.1177,8131
2026-09-01,SP98,2.1285,8132
2026-09-02,SP98,2.1389,8132
2026-09-03,SP98,2.1504,8132
2026-09-04,SP98,2.1668,8129
2026-09-05,SP98,2.1721,8128
2026-09-06,SP98,2.1727,8126
2026-09-07,SP98,2.1825,8126
2026-09-08,SP98,2.1917,8126
2026-09-09,SP98,2.1966,8127
2026-09-10,SP98,2.2008,8125
2026-09-11,SP98,2.2017,8128
2026-09-12,SP98,2.2025,8124
2026-09-13,SP98,2.2027,8121
2026-09-14,SP98,2.2085,8118
2026-09-15,SP98,2.2199,8119
2026-09-16,SP98,2.2308,8119
2026-09-17,SP98,2.2376,8116
2026-09-18,SP98,2.2382,8115
2026-09-19,SP98,2.2382,8111
2026-09-20,SP98,2.2382,8109
2026-09-21,SP98,2.2375,8109
2026-09-22,SP98,2.2365,8109
2026-09-23,SP98,2.235,8108
2026-09-24,SP98,2.235,8110
2026-09-25,SP98,2.2367,8110
2026-09-26,SP98,2.2373,8107
2026-09-27,SP98,2.2375,8105
2026-09-28,SP98,2.2409,8105
2026-09-29,SP98,2.2414,8107
2026-09-30,SP98,2.2386,8109
2026-10-01,SP98,2.2366,8122
2026-10-02,SP98,2.2358,8124
2026-10-03,SP98,2.2355,8128
2026-10-04,SP98,2.2356,8123
2026-10-05,SP98,2.2357,8116
2026-10-06,SP98,2.2351,8117
2026-10-07,SP98,2.2351,8117
