day,fuel,mean_price,n_stations
2025-01-01,E10,1.7743,54
2025-01-02,E10,1.7682,71
2025-01-03,E10,1.7757,88
2025-01-04,E10,1.7778,90
2025-01-05,E10,1.7779,90
2025-01-06,E10,1.7837,104
2025-01-07,E10,1.7887,107
2025-01-08,E10,1.7875,108
2025-01-09,E10,1.7883,108
2025-01-10,E10,1.7895,109
2025-01-11,E10,1.7916,109
2025-01-12,E10,1.7916,109
2025-01-13,E10,1.7919,110
2025-01-14,E10,1.7976,110
2025-01-15,E10,1.803,110
2025-01-16,E10,1.8087,110
2025-01-17,E10,1.8181,110
2025-01-18,E10,1.8197,110
2025-01-19,E10,1.8199,110
2025-01-20,E10,1.8199,110
2025-01-21,E10,1.821,110
2025-01-22,E10,1.8203,110
2025-01-23,E10,1.8194,110
2025-01-24,E10,1.8166,110
2025-01-25,E10,1.8141,110
2025-01-26,E10,1.8144,110
2025-01-27,E10,1.8117,110
2025-01-28,E10,1.8065,110
2025-01-29,E10,1.8024,110
2025-01-30,E10,1.7988,110
2025-01-31,E10,1.7974,110
2025-02-01,E10,1.7971,110
2025-02-02,E10,1.7971,110
2025-02-03,E10,1.7963,110
2025-02-04,E10,1.7975,110
2025-02-05,E10,1.7977,110
2025-02-06,E10,1.7985,110
2025-02-07,E10,1.7984,110
2025-02-08,E10,1.7983,110
2025-02-09,E10,1.7984,110
2025-02-10,E10,1.799,110
2025-02-11,E10,1.8016,110
2025-02-12,E10,1.8069,110
2025-02-13,E10,1.8081,110
2025-02-14,E10,1.8061,110
2025-02-15,E10,1.8053,110
2025-02-16,E10,1.8052,110
2025-02-17,E10,1.8023,110
2025-02-18,E10,1.7999,110
2025-02-19,E10,1.7988,110
2025-02-20,E10,1.7991,110
2025-02-21,E10,1.7952,110
2025-02-22,E10,1.7959,110
2025-02-23,E10,1.7959,110
2025-02-24,E10,1.7966,110
2025-02-25,E10,1.7934,110
2025-02-26,E10,1.7901,110
2025-02-27,E10,1.785,110
2025-02-28,E10,1.7795,110
2025-03-01,E10,1.7764,110
2025-03-02,E10,1.7761,110
2025-03-03,E10,1.7745,110
2025-03-04,E10,1.7704,110
2025-03-05,E10,1.7661,110
2025-03-06,E10,1.7577,110
2025-03-07,E10,1.7466,110
2025-03-08,E10,1.7374,110
2025-03-09,E10,1.7372,110
2025-03-10,E10,1.7294,110
2025-03-11,E10,1.7238,110
2025-03-12,E10,1.7212,110
2025-03-13,E10,1.7188,110
2025-03-14,E10,1.7237,110
2025-03-15,E10,1.725,110
2025-03-16,E10,1.725,110
2025-03-17,E10,1.7257,110
2025-03-18,E10,1.7268,110
2025-03-19,E10,1.7295,110
2025-03-20,E10,1.73,110
2025-03-21,E10,1.7325,110
2025-03-22,E10,1.7335,110
2025-03-23,E10,1.7336,110
2025-03-24,E10,1.736,110
2025-03-25,E10,1.7399,110
2025-03-26,E10,1.7424,110
2025-03-27,E10,1.7485,110
2025-03-28,E10,1.7543,110
2025-03-29,E10,1.7574,110
2025-03-30,E10,1.7574,110
2025-03-31,E10,1.7585,110
2025-04-01,E10,1.7603,110
2025-04-02,E10,1.7627,110
2025-04-03,E10,1.7657,110
2025-04-04,E10,1.7605,110
2025-04-05,E10,1.7552,110
2025-04-06,E10,1.7551,110
2025-04-07,E10,1.746,110
2025-04-08,E10,1.7331,110
2025-04-09,E10,1.7245,110
2025-04-10,E10,1.713,110
2025-04-11,E10,1.704,110
2025-04-12,E10,1.6997,110
2025-04-13,E10,1.6996,110
2025-04-14,E10,1.6934,110
2025-04-15,E10,1.6891,110
2025-04-16,E10,1.6852,110
2025-04-17,E10,1.6829,110
2025-04-18,E10,1.6759,110
2025-04-19,E10,1.6786,110
2025-04-20,E10,1.679,110
2025-04-21,E10,1.6815,110
2025-04-22,E10,1.6845,110
2025-04-23,E10,1.6852,110
2025-04-24,E10,1.6863,110
2025-04-25,E10,1.6848,110
2025-04-26,E10,1.6843,110
2025-04-27,E10,1.6849,110
2025-04-28,E10,1.6857,110
2025-04-29,E10,1.6848,110
2025-04-30,E10,1.6839,110
2025-05-01,E10,1.682,110
2025-05-02,E10,1.6821,110
2025-05-03,E10,1.6798,110
2025-05-04,E10,1.6794,110
2025-05-05,E10,1.6769,110
2025-05-06,E10,1.6741,110
2025-05-07,E10,1.6738,110
2025-05-08,E10,1.6741,110
2025-05-09,E10,1.6757,110
2025-05-10,E10,1.6788,110
2025-05-11,E10,1.6788,110
2025-05-12,E10,1.6809,110
2025-05-13,E10,1.6886,110
2025-05-14,E10,1.6945,110
2025-05-15,E10,1.7025,110
2025-05-16,E10,1.7067,110
2025-05-17,E10,1.7079,110
2025-05-18,E10,1.7079,110
2025-05-19,E10,1.7075,110
2025-05-20,E10,1.7073,110
2025-05-21,E10,1.707,110
2025-05-22,E10,1.7069,110
2025-05-23,E10,1.7063,110
2025-05-24,E10,1.7056,110
2025-05-25,E10,1.7056,110
2025-05-26,E10,1.7052,110
2025-05-27,E10,1.7053,110
2025-05-28,E10,1.7044,110
2025-05-29,E10,1.704,110
2025-05-30,E10,1.704,110
2025-05-31,E10,1.7042,110
2025-06-01,E10,1.7042,110
2025-06-02,E10,1.7037,110
2025-06-03,E10,1.7035,110
2025-06-04,E10,1.7032,110
2025-06-05,E10,1.7029,110
2025-06-06,E10,1.704,110
2025-06-07,E10,1.7038,110
2025-06-08,E10,1.7038,110
2025-06-09,E10,1.7038,110
2025-06-10,E10,1.704,111
2025-06-11,E10,1.7072,111
2025-06-12,E10,1.7097,111
2025-06-13,E10,1.7169,111
2025-06-14,E10,1.7239,112
2025-06-15,E10,1.7243,112
2025-06-16,E10,1.7247,112
2025-06-17,E10,1.7297,112
2025-06-18,E10,1.7333,112
2025-06-19,E10,1.7382,112
2025-06-20,E10,1.749,112
2025-06-21,E10,1.7514,112
2025-06-22,E10,1.7516,112
2025-06-23,E10,1.754,112
2025-06-24,E10,1.7553,112
2025-06-25,E10,1.7494,112
2025-06-26,E10,1.7462,112
2025-06-27,E10,1.739,112
2025-06-28,E10,1.7335,112
2025-06-29,E10,1.7334,112
2025-06-30,E10,1.7283,112
2025-07-01,E10,1.7212,112
2025-07-02,E10,1.7172,113
2025-07-03,E10,1.7133,113
2025-07-04,E10,1.7043,113
2025-07-05,E10,1.7052,113
2025-07-06,E10,1.7073,113
2025-07-07,E10,1.7056,113
2025-07-08,E10,1.706,113
2025-07-09,E10,1.7069,113
2025-07-10,E10,1.7109,113
2025-07-11,E10,1.7146,113
2025-07-12,E10,1.716,113
2025-07-13,E10,1.716,113
2025-07-14,E10,1.7151,113
2025-07-15,E10,1.7143,113
2025-07-16,E10,1.7134,113
2025-07-17,E10,1.714,113
2025-07-18,E10,1.7166,113
2025-07-19,E10,1.7178,113
2025-07-20,E10,1.7178,113
2025-07-21,E10,1.7182,113
2025-07-22,E10,1.7185,113
2025-07-23,E10,1.7169,113
2025-07-24,E10,1.7123,113
2025-07-25,E10,1.7087,113
2025-07-26,E10,1.7071,113
2025-07-27,E10,1.7071,113
2025-07-28,E10,1.7067,113
2025-07-29,E10,1.7065,113
2025-07-30,E10,1.7088,113
2025-07-31,E10,1.7124,113
2025-08-01,E10,1.7143,113
2025-08-02,E10,1.7158,113
2025-08-03,E10,1.7181,113
2025-08-04,E10,1.7191,113
2025-08-05,E10,1.7188,113
2025-08-06,E10,1.7189,113
2025-08-07,E10,1.7179,113
2025-08-08,E10,1.7179,113
2025-08-09,E10,1.7173,113
2025-08-10,E10,1.7173,113
2025-08-11,E10,1.7162,113
2025-08-12,E10,1.7142,113
2025-08-13,E10,1.7126,113
2025-08-14,E10,1.7083,113
2025-08-15,E10,1.7067,113
2025-08-16,E10,1.7068,113
2025-08-17,E10,1.7068,113
2025-08-18,E10,1.7052,113
2025-08-19,E10,1.7059,113
2025-08-20,E10,1.7053,113
2025-08-21,E10,1.7065,113
2025-08-22,E10,1.7092,113
2025-08-23,E10,1.7113,113
2025-08-24,E10,1.7115,113
2025-08-25,E10,1.713,113
2025-08-26,E10,1.7153,113
2025-08-27,E10,1.7152,113
2025-08-28,E10,1.7139,113
2025-08-29,E10,1.7098,113
2025-08-30,E10,1.7088,113
2025-08-31,E10,1.7104,113
2025-09-01,E10,1.713,113
2025-09-02,E10,1.7158,113
2025-09-03,E10,1.7209,113
2025-09-04,E10,1.7243,113
2025-09-05,E10,1.7177,113
2025-09-06,E10,1.7208,113
2025-09-07,E10,1.7237,113
2025-09-08,E10,1.7272,113
2025-09-09,E10,1.7288,113
2025-09-10,E10,1.7294,113
2025-09-11,E10,1.7299,113
2025-09-12,E10,1.7311,113
2025-09-13,E10,1.7316,113
2025-09-14,E10,1.7316,113
2025-09-15,E10,1.7311,113
2025-09-16,E10,1.7308,113
2025-09-17,E10,1.7322,113
2025-09-18,E10,1.7321,113
2025-09-19,E10,1.7314,113
2025-09-20,E10,1.7315,113
2025-09-21,E10,1.7315,113
2025-09-22,E10,1.7291,113
2025-09-23,E10,1.7263,113
2025-09-24,E10,1.7251,113
2025-09-25,E10,1.7268,113
2025-09-26,E10,1.7296,113
2025-09-27,E10,1.7312,113
2025-09-28,E10,1.7312,113
2025-09-29,E10,1.7327,113
2025-09-30,E10,1.7348,113
2025-10-01,E10,1.733,113
2025-10-02,E10,1.7281,113
2025-10-03,E10,1.7204,113
2025-10-04,E10,1.7156,113
2025-10-05,E10,1.7157,113
2025-10-06,E10,1.7126,113
2025-10-07,E10,1.7077,113
2025-10-08,E10,1.7047,113
2025-10-09,E10,1.7065,113
2025-10-10,E10,1.7072,113
2025-10-11,E10,1.706,113
2025-10-12,E10,1.706,113
2025-10-13,E10,1.7047,113
2025-10-14,E10,1.7027,113
2025-10-15,E10,1.7008,113
2025-10-16,E10,1.6972,113
2025-10-17,E10,1.6858,113
2025-10-18,E10,1.6889,113
2025-10-19,E10,1.6911,113
2025-10-20,E10,1.6926,113
2025-10-21,E10,1.6902,113
2025-10-22,E10,1.6887,113
2025-10-23,E10,1.6917,113
2025-10-24,E10,1.7011,113
2025-10-25,E10,1.7053,113
2025-10-26,E10,1.7057,113
2025-10-27,E10,1.709,113
2025-10-28,E10,1.7145,113
2025-10-29,E10,1.7169,113
2025-10-30,E10,1.7175,113
2025-10-31,E10,1.7212,113
2025-11-01,E10,1.7231,113
2025-11-02,E10,1.7232,113
2025-11-03,E10,1.7223,113
2025-11-04,E10,1.7225,113
2025-11-05,E10,1.7249,113
2025-11-06,E10,1.7277,113
2025-11-07,E10,1.7355,113
2025-11-08,E10,1.7367,113
2025-11-09,E10,1.7367,113
2025-11-10,E10,1.7365,113
2025-11-11,E10,1.7366,113
2025-11-12,E10,1.7378,113
2025-11-13,E10,1.7436,113
2025-11-14,E10,1.7466,113
2025-11-15,E10,1.7529,113
2025-11-16,E10,1.7529,113
2025-11-17,E10,1.7536,113
2025-11-18,E10,1.7533,113
2025-11-19,E10,1.7544,113
2025-11-20,E10,1.7526,113
2025-11-21,E10,1.7534,113
2025-11-22,E10,1.7511,113
2025-11-23,E10,1.7511,113
2025-11-24,E10,1.7489,113
2025-11-25,E10,1.7465,113
2025-11-26,E10,1.7427,113
2025-11-27,E10,1.7401,113
2025-11-28,E10,1.7389,113
2025-11-29,E10,1.7396,113
2025-11-30,E10,1.7396,113
2025-12-01,E10,1.7409,113
2025-12-02,E10,1.7438,113
2025-12-03,E10,1.7439,113
2025-12-04,E10,1.744,113
2025-12-05,E10,1.7416,113
2025-12-06,E10,1.7394,113
2025-12-07,E10,1.7394,113
2025-12-08,E10,1.737,113
2025-12-09,E10,1.7345,113
2025-12-10,E10,1.7314,113
2025-12-11,E10,1.7274,113
2025-12-12,E10,1.7232,113
2025-12-13,E10,1.7196,113
2025-12-14,E10,1.7196,113
2025-12-15,E10,1.7148,113
2025-12-16,E10,1.7079,113
2025-12-17,E10,1.7012,113
2025-12-18,E10,1.6958,113
2025-12-19,E10,1.6772,113
2025-12-20,E10,1.6773,113
2025-12-21,E10,1.6803,113
2025-12-22,E10,1.6819,113
2025-12-23,E10,1.681,113
2025-12-24,E10,1.6801,113
2025-12-25,E10,1.6815,113
2025-12-26,E10,1.6829,113
2025-12-27,E10,1.6838,113
2025-12-28,E10,1.6838,113
2025-12-29,E10,1.6834,113
2025-12-30,E10,1.6858,113
2025-12-31,E10,1.6882,113
2026-01-01,E10,1.6925,113
2026-01-02,E10,1.706,113
2026-01-03,E10,1.7081,113
2026-01-04,E10,1.7081,113
2026-01-05,E10,1.71,113
2026-01-06,E10,1.7136,113
2026-01-07,E10,1.7131,113
2026-01-08,E10,1.7131,113
2026-01-09,E10,1.7137,113
2026-01-10,E10,1.7139,113
2026-01-11,E10,1.7137,113
2026-01-12,E10,1.7141,113
2026-01-13,E10,1.7173,113
2026-01-14,E10,1.7227,113
2026-01-15,E10,1.7288,113
2026-01-16,E10,1.7314,113
2026-01-17,E10,1.7317,113
2026-01-18,E10,1.7319,113
2026-01-19,E10,1.7305,113
2026-01-20,E10,1.7288,113
2026-01-21,E10,1.7286,113
2026-01-22,E10,1.7301,113
2026-01-23,E10,1.7318,113
2026-01-24,E10,1.7324,113
2026-01-25,E10,1.7324,113
2026-01-26,E10,1.7322,113
2026-01-27,E10,1.732,113
2026-01-28,E10,1.7311,113
2026-01-29,E10,1.7311,113
2026-01-30,E10,1.7347,113
2026-01-31,E10,1.7368,111
2026-02-01,E10,1.7367,111
2026-02-02,E10,1.7373,111
2026-02-03,E10,1.7391,111
2026-02-04,E10,1.7389,111
2026-02-05,E10,1.7382,111
2026-02-06,E10,1.7382,111
2026-02-07,E10,1.7382,111
2026-02-08,E10,1.7383,111
2026-02-09,E10,1.7386,111
2026-02-10,E10,1.7398,111
2026-02-11,E10,1.7417,111
2026-02-12,E10,1.7447,111
2026-02-13,E10,1.7449,111
2026-02-14,E10,1.7437,111
2026-02-15,E10,1.7435,111
2026-02-16,E10,1.7411,111
2026-02-17,E10,1.7401,111
2026-02-18,E10,1.74,111
2026-02-19,E10,1.7407,111
2026-02-20,E10,1.7363,111
2026-02-21,E10,1.7393,111
2026-02-22,E10,1.7421,111
2026-02-23,E10,1.7516,111
2026-02-24,E10,1.7563,111
2026-02-25,E10,1.7581,111
2026-02-26,E10,1.7589,111
2026-02-27,E10,1.7596,111
2026-02-28,E10,1.761,111
2026-03-01,E10,1.7612,111
2026-03-02,E10,1.7706,111
2026-03-03,E10,1.809,111
2026-03-04,E10,1.832,111
2026-03-05,E10,1.8379,111
2026-03-06,E10,1.8539,111
2026-03-07,E10,1.8643,111
2026-03-08,E10,1.8646,111
2026-03-09,E10,1.8832,111
2026-03-10,E10,1.9027,111
2026-03-11,E10,1.9095,111
2026-03-12,E10,1.923,111
2026-03-13,E10,1.9334,111
2026-03-14,E10,1.934,111
2026-03-15,E10,1.9338,111
2026-03-16,E10,1.9412,111
2026-03-17,E10,1.96,111
2026-03-18,E10,1.9703,111
2026-03-19,E10,1.9824,111
2026-03-20,E10,2.0044,111
2026-03-21,E10,2.0146,111
2026-03-22,E10,2.016,111
2026-03-23,E10,2.0241,111
2026-03-24,E10,2.0135,111
2026-03-25,E10,2.0182,111
2026-03-26,E10,2.002,111
2026-03-27,E10,2.0093,111
2026-03-28,E10,2.0125,111
2026-03-29,E10,2.0128,111
2026-03-30,E10,2.0189,111
2026-03-31,E10,2.0232,111
2026-04-01,E10,2.0335,111
2026-04-02,E10,2.0406,111
2026-04-03,E10,2.0454,111
2026-04-04,E10,2.0454,111
2026-04-05,E10,2.0453,111
2026-04-06,E10,2.0454,111
2026-04-07,E10,2.0489,111
2026-04-08,E10,2.049,111
2026-04-09,E10,2.0302,111
2026-04-10,E10,2.0233,111
2026-04-11,E10,2.0229,111
2026-04-12,E10,2.023,111
2026-04-13,E10,2.0179,111
2026-04-14,E10,2.0189,111
2026-04-15,E10,2.0139,111
2026-04-16,E10,2.0129,111
2026-04-17,E10,2.0058,111
2026-04-18,E10,1.9956,111
2026-04-19,E10,1.9955,111
2026-04-20,E10,1.9923,111
2026-04-21,E10,1.994,111
2026-04-22,E10,1.9972,112
2026-04-23,E10,2.0059,112
2026-04-24,E10,2.0134,112
2026-04-25,E10,2.0163,112
2026-04-26,E10,2.0163,112
2026-04-27,E10,2.0239,112
2026-04-28,E10,2.0338,112
2026-04-29,E10,2.0298,112
2026-04-30,E10,2.0348,112
2026-05-01,E10,2.0372,112
2026-05-02,E10,2.0395,112
2026-05-03,E10,2.0395,112
2026-05-04,E10,2.0456,112
2026-05-05,E10,2.0496,112
2026-05-06,E10,2.0511,112
2026-05-07,E10,2.0504,112
2026-05-08,E10,2.047,112
2026-05-09,E10,2.0489,112
2026-05-10,E10,2.0494,112
2026-05-11,E10,2.0414,112
2026-05-12,E10,2.0408,112
2026-05-13,E10,2.0502,112
2026-05-14,E10,2.0523,112
2026-05-15,E10,2.0583,112
2026-05-16,E10,2.0595,112
2026-05-17,E10,2.06,112
2026-05-18,E10,2.0633,112
2026-05-19,E10,2.0684,112
2026-05-20,E10,2.0722,112
2026-05-21,E10,2.0718,112
2026-05-22,E10,2.0683,112
2026-05-23,E10,2.0681,112
2026-05-24,E10,2.0683,112
2026-05-25,E10,2.0671,112
2026-05-26,E10,2.0639,112
2026-05-27,E10,2.0541,112
2026-05-28,E10,2.04,112
2026-05-29,E10,2.0222,112
2026-05-30,E10,2.0246,112
2026-05-31,E10,2.0238,112
2026-06-01,E10,2.0067,112
2026-06-02,E10,1.9913,112
2026-06-03,E10,1.9862,112
2026-06-04,E10,1.9812,112
2026-06-05,E10,1.9727,112
2026-06-06,E10,1.9723,112
2026-06-07,E10,1.9723,112
2026-06-08,E10,1.9747,113
2026-06-09,E10,1.9753,113
2026-06-10,E10,1.9601,113
2026-06-11,E10,1.9607,113
2026-06-12,E10,1.9614,113
2026-06-13,E10,1.9583,113
2026-06-14,E10,1.9582,113
2026-06-15,E10,1.9563,113
2026-06-16,E10,1.9381,113
2026-06-17,E10,1.9201,113
2026-06-18,E10,1.9129,113
2026-06-19,E10,1.9,113
2026-06-20,E10,1.8918,113
2026-06-21,E10,1.8911,113
2026-06-22,E10,1.891,113
2026-06-23,E10,1.89,113
2026-06-24,E10,1.8887,113
2026-06-25,E10,1.8812,113
2026-06-26,E10,1.8908,113
2026-06-27,E10,1.8848,113
2026-06-28,E10,1.885,113
2026-06-29,E10,1.8884,113
2026-06-30,E10,1.9012,113
2026-07-01,E10,1.9031,113
2026-07-02,E10,1.9082,113
2026-07-03,E10,1.8988,113
2026-07-04,E10,1.9002,113
2026-07-05,E10,1.9023,113
2026-07-06,E10,1.9045,113
2026-07-07,E10,1.9104,113
2026-07-08,E10,1.9117,113
2026-07-09,E10,1.9275,113
2026-07-10,E10,1.9363,113
2026-07-11,E10,1.9376,113
2026-07-12,E10,1.9375,113
2026-07-13,E10,1.9381,113
2026-07-14,E10,1.9455,113
2026-07-15,E10,1.9535,113
2026-07-16,E10,1.9715,113
2026-07-17,E10,1.9895,113
2026-07-18,E10,2.0067,113
2026-07-19,E10,2.0081,113
2026-07-20,E10,2.0134,113
2026-07-21,E10,2.0241,113
2026-07-22,E10,2.0254,113
2026-07-23,E10,2.0219,113
2026-07-24,E10,2.0357,113
2026-07-25,E10,2.0385,113
2026-07-26,E10,2.0386,113
2026-07-27,E10,2.039,113
2026-07-28,E10,2.0374,113
2026-07-29,E10,2.0372,113
2026-07-30,E10,2.0379,113
2026-07-31,E10,2.0372,113
2026-08-01,E10,2.0377,113
2026-08-02,E10,2.0376,113
2026-08-03,E10,2.0337,113
2026-08-04,E10,2.0277,113
2026-08-05,E10,2.0192,113
2026-08-06,E10,2.0039,113
2026-08-07,E10,1.9989,113
2026-08-08,E10,1.9968,113
2026-08-09,E10,1.9958,113
2026-08-10,E10,1.9961,113
2026-08-11,E10,2.0063,113
2026-08-12,E10,2.0161,113
2026-08-13,E10,2.0209,113
2026-08-14,E10,2.0238,113
2026-08-15,E10,2.0241,113
2026-08-16,E10,2.0242,113
2026-08-17,E10,2.0259,113
2026-08-18,E10,2.0286,113
2026-08-19,E10,2.035,113
2026-08-20,E10,2.0404,113
2026-08-21,E10,2.0456,113
2026-08-22,E10,2.0466,113
2026-08-23,E10,2.0466,113
2026-08-24,E10,2.0469,113
2026-08-25,E10,2.0483,113
2026-08-26,E10,2.0485,113
2026-08-27,E10,2.0478,113
2026-08-28,E10,2.0531,113
2026-08-29,E10,2.0525,113
2026-08-30,E10,2.0525,113
2026-08-31,E10,2.0583,113
2026-09-01,E10,2.0757,113
2026-09-02,E10,2.0858,113
2026-09-03,E10,2.0892,113
2026-09-04,E10,2.0973,113
2026-09-05,E10,2.0975,113
2026-09-06,E10,2.0975,113
2026-09-07,E10,2.1006,113
2026-09-08,E10,2.1048,113
2026-09-09,E10,2.1127,113
2026-09-10,E10,2.1224,113
2026-09-11,E10,2.1259,113
2026-09-12,E10,2.1322,113
2026-09-13,E10,2.1336,113
2026-09-14,E10,2.1435,113
2026-09-15,E10,2.1621,113
2026-09-16,E10,2.167,113
2026-09-17,E10,2.1665,113
2026-09-18,E10,2.1638,113
2026-09-19,E10,2.1638,113
2025-01-01,E85,0.8385,20
2025-01-02,E85,0.8411,20
2025-01-03,E85,0.8482,23
2025-01-04,E85,0.8534,27
2025-01-05,E85,0.8534,27
2025-01-06,E85,0.8507,30
2025-01-07,E85,0.8518,31
2025-01-08,E85,0.8519,31
2025-01-09,E85,0.8455,33
2025-01-10,E85,0.8448,34
2025-01-11,E85,0.8449,34
2025-01-12,E85,0.8449,34
2025-01-13,E85,0.8454,34
2025-01-14,E85,0.8454,34
2025-01-15,E85,0.8486,35
2025-01-16,E85,0.8499,35
2025-01-17,E85,0.8447,35
2025-01-18,E85,0.8447,35
2025-01-19,E85,0.8447,35
2025-01-20,E85,0.8449,35
2025-01-21,E85,0.845,35
2025-01-22,E85,0.8451,35
2025-01-23,E85,0.8451,35
2025-01-24,E85,0.8452,35
2025-01-25,E85,0.8453,35
2025-01-26,E85,0.8453,35
2025-01-27,E85,0.8453,35
2025-01-28,E85,0.8449,35
2025-01-29,E85,0.845,35
2025-01-30,E85,0.8451,35
2025-01-31,E85,0.8434,36
2025-02-01,E85,0.8436,36
2025-02-02,E85,0.8436,36
2025-02-03,E85,0.8438,36
2025-02-04,E85,0.8439,36
2025-02-05,E85,0.844,36
2025-02-06,E85,0.8441,36
2025-02-07,E85,0.8467,37
2025-02-08,E85,0.8471,37
2025-02-09,E85,0.8471,37
2025-02-10,E85,0.8472,37
2025-02-11,E85,0.8473,37
2025-02-12,E85,0.8475,37
2025-02-13,E85,0.8473,37
2025-02-14,E85,0.8472,37
2025-02-15,E85,0.8473,37
2025-02-16,E85,0.8473,37
2025-02-17,E85,0.841,38
2025-02-18,E85,0.8403,38
2025-02-19,E85,0.8367,39
2025-02-20,E85,0.8347,40
2025-02-21,E85,0.8347,40
2025-02-22,E85,0.8347,40
2025-02-23,E85,0.8347,40
2025-02-24,E85,0.8347,40
2025-02-25,E85,0.8341,40
2025-02-26,E85,0.8315,41
2025-02-27,E85,0.8309,41
2025-02-28,E85,0.8268,41
2025-03-01,E85,0.8271,41
2025-03-02,E85,0.8271,41
2025-03-03,E85,0.8269,41
2025-03-04,E85,0.827,41
2025-03-05,E85,0.827,41
2025-03-06,E85,0.8265,41
2025-03-07,E85,0.8257,41
2025-03-08,E85,0.8251,41
2025-03-09,E85,0.8251,41
2025-03-10,E85,0.8246,41
2025-03-11,E85,0.8222,41
2025-03-12,E85,0.8213,41
2025-03-13,E85,0.8207,41
2025-03-14,E85,0.8199,41
2025-03-15,E85,0.8198,41
2025-03-16,E85,0.8198,41
2025-03-17,E85,0.8198,41
2025-03-18,E85,0.8194,41
2025-03-19,E85,0.8188,41
2025-03-20,E85,0.8165,41
2025-03-21,E85,0.8164,41
2025-03-22,E85,0.8154,41
2025-03-23,E85,0.8154,41
2025-03-24,E85,0.815,41
2025-03-25,E85,0.8147,41
2025-03-26,E85,0.8142,41
2025-03-27,E85,0.8142,41
2025-03-28,E85,0.8142,41
2025-03-29,E85,0.8142,41
2025-03-30,E85,0.8142,41
2025-03-31,E85,0.8134,41
2025-04-01,E85,0.8117,41
2025-04-02,E85,0.8121,41
2025-04-03,E85,0.8117,41
2025-04-04,E85,0.8117,41
2025-04-05,E85,0.8086,41
2025-04-06,E85,0.8086,41
2025-04-07,E85,0.8079,41
2025-04-08,E85,0.8059,41
2025-04-09,E85,0.8038,42
2025-04-10,E85,0.8017,42
2025-04-11,E85,0.7978,42
2025-04-12,E85,0.7961,42
2025-04-13,E85,0.796,42
2025-04-14,E85,0.7954,42
2025-04-15,E85,0.7952,42
2025-04-16,E85,0.795,42
2025-04-17,E85,0.7951,42
2025-04-18,E85,0.7908,42
2025-04-19,E85,0.7906,42
2025-04-20,E85,0.7906,42
2025-04-21,E85,0.7934,42
2025-04-22,E85,0.7951,42
2025-04-23,E85,0.7949,42
2025-04-24,E85,0.7929,42
2025-04-25,E85,0.7925,42
2025-04-26,E85,0.7925,42
2025-04-27,E85,0.7925,42
2025-04-28,E85,0.7923,42
2025-04-29,E85,0.7921,42
2025-04-30,E85,0.7921,42
2025-05-01,E85,0.792,42
2025-05-02,E85,0.792,42
2025-05-03,E85,0.7912,42
2025-05-04,E85,0.7912,42
2025-05-05,E85,0.7912,42
2025-05-06,E85,0.7901,42
2025-05-07,E85,0.7898,42
2025-05-08,E85,0.7899,42
2025-05-09,E85,0.7896,42
2025-05-10,E85,0.7894,42
2025-05-11,E85,0.7894,42
2025-05-12,E85,0.7894,42
2025-05-13,E85,0.7885,42
2025-05-14,E85,0.7886,42
2025-05-15,E85,0.7901,42
2025-05-16,E85,0.7906,42
2025-05-17,E85,0.7908,42
2025-05-18,E85,0.7908,42
2025-05-19,E85,0.7905,42
2025-05-20,E85,0.7899,42
2025-05-21,E85,0.7898,42
2025-05-22,E85,0.7899,42
2025-05-23,E85,0.79,42
2025-05-24,E85,0.7898,42
2025-05-25,E85,0.7898,42
2025-05-26,E85,0.7897,42
2025-05-27,E85,0.7891,42
2025-05-28,E85,0.789,42
2025-05-29,E85,0.7889,42
2025-05-30,E85,0.7887,42
2025-05-31,E85,0.7887,42
2025-06-01,E85,0.7887,42
2025-06-02,E85,0.7887,42
2025-06-03,E85,0.7883,42
2025-06-04,E85,0.7883,42
2025-06-05,E85,0.7868,44
2025-06-06,E85,0.7865,44
2025-06-07,E85,0.7865,44
2025-06-08,E85,0.7865,44
2025-06-09,E85,0.7865,44
2025-06-10,E85,0.7856,45
2025-06-11,E85,0.7857,45
2025-06-12,E85,0.7862,45
2025-06-13,E85,0.7862,45
2025-06-14,E85,0.7845,46
2025-06-15,E85,0.7845,46
2025-06-16,E85,0.7839,46
2025-06-17,E85,0.785,46
2025-06-18,E85,0.7853,46
2025-06-19,E85,0.7908,46
2025-06-20,E85,0.7926,46
2025-06-21,E85,0.7938,46
2025-06-22,E85,0.7938,46
2025-06-23,E85,0.7941,46
2025-06-24,E85,0.7938,46
2025-06-25,E85,0.7896,46
2025-06-26,E85,0.7878,46
2025-06-27,E85,0.7866,46
2025-06-28,E85,0.7864,46
2025-06-29,E85,0.7864,46
2025-06-30,E85,0.7864,46
2025-07-01,E85,0.7863,46
2025-07-02,E85,0.7863,46
2025-07-03,E85,0.7867,46
2025-07-04,E85,0.7862,47
2025-07-05,E85,0.7861,47
2025-07-06,E85,0.7861,47
2025-07-07,E85,0.7856,47
2025-07-08,E85,0.7862,47
2025-07-09,E85,0.7872,47
2025-07-10,E85,0.7886,47
2025-07-11,E85,0.7894,47
2025-07-12,E85,0.789,47
2025-07-13,E85,0.789,47
2025-07-14,E85,0.7886,47
2025-07-15,E85,0.789,47
2025-07-16,E85,0.7897,47
2025-07-17,E85,0.7895,47
2025-07-18,E85,0.7898,47
2025-07-19,E85,0.7898,47
2025-07-20,E85,0.7898,47
2025-07-21,E85,0.7905,47
2025-07-22,E85,0.7916,47
2025-07-23,E85,0.7914,47
2025-07-24,E85,0.7909,47
2025-07-25,E85,0.7887,47
2025-07-26,E85,0.7891,47
2025-07-27,E85,0.7891,47
2025-07-28,E85,0.7889,47
2025-07-29,E85,0.7887,47
2025-07-30,E85,0.7888,47
2025-07-31,E85,0.7892,47
2025-08-01,E85,0.7896,47
2025-08-02,E85,0.7896,47
2025-08-03,E85,0.7896,47
2025-08-04,E85,0.7903,47
2025-08-05,E85,0.7907,47
2025-08-06,E85,0.7902,47
2025-08-07,E85,0.7908,47
2025-08-08,E85,0.7905,47
2025-08-09,E85,0.7902,47
2025-08-10,E85,0.7902,47
2025-08-11,E85,0.7897,47
2025-08-12,E85,0.7895,47
2025-08-13,E85,0.7881,47
2025-08-14,E85,0.7878,47
2025-08-15,E85,0.7871,47
2025-08-16,E85,0.787,47
2025-08-17,E85,0.787,47
2025-08-18,E85,0.7871,47
2025-08-19,E85,0.7874,47
2025-08-20,E85,0.7872,47
2025-08-21,E85,0.787,47
2025-08-22,E85,0.7866,47
2025-08-23,E85,0.7867,47
2025-08-24,E85,0.7867,47
2025-08-25,E85,0.7868,47
2025-08-26,E85,0.7875,47
2025-08-27,E85,0.7877,47
2025-08-28,E85,0.7874,47
2025-08-29,E85,0.7837,47
2025-08-30,E85,0.7838,47
2025-08-31,E85,0.7838,47
2025-09-01,E85,0.7875,47
2025-09-02,E85,0.7873,47
2025-09-03,E85,0.7873,47
2025-09-04,E85,0.7808,47
2025-09-05,E85,0.7835,47
2025-09-06,E85,0.7836,47
2025-09-07,E85,0.7836,47
2025-09-08,E85,0.787,47
2025-09-09,E85,0.7869,47
2025-09-10,E85,0.7869,47
2025-09-11,E85,0.7875,47
2025-09-12,E85,0.7875,47
2025-09-13,E85,0.7875,47
2025-09-14,E85,0.7875,47
2025-09-15,E85,0.7874,47
2025-09-16,E85,0.7873,47
2025-09-17,E85,0.7873,47
2025-09-18,E85,0.7867,47
2025-09-19,E85,0.7867,47
2025-09-20,E85,0.7867,47
2025-09-21,E85,0.7867,47
2025-09-22,E85,0.7867,47
2025-09-23,E85,0.7867,47
2025-09-24,E85,0.7867,47
2025-09-25,E85,0.7868,47
2025-09-26,E85,0.785,48
2025-09-27,E85,0.785,48
2025-09-28,E85,0.785,48
2025-09-29,E85,0.7852,48
2025-09-30,E85,0.7852,48
2025-10-01,E85,0.785,48
2025-10-02,E85,0.7851,48
2025-10-03,E85,0.7842,48
2025-10-04,E85,0.784,48
2025-10-05,E85,0.7847,48
2025-10-06,E85,0.784,48
2025-10-07,E85,0.7829,48
2025-10-08,E85,0.783,48
2025-10-09,E85,0.783,48
2025-10-10,E85,0.7821,48
2025-10-11,E85,0.7821,48
2025-10-12,E85,0.7821,48
2025-10-13,E85,0.7798,48
2025-10-14,E85,0.7772,48
2025-10-15,E85,0.7789,48
2025-10-16,E85,0.7789,48
2025-10-17,E85,0.7723,48
2025-10-18,E85,0.7736,48
2025-10-19,E85,0.7751,48
2025-10-20,E85,0.7781,48
2025-10-21,E85,0.7786,48
2025-10-22,E85,0.7788,48
2025-10-23,E85,0.7786,48
2025-10-24,E85,0.7784,48
2025-10-25,E85,0.7784,48
2025-10-26,E85,0.7784,48
2025-10-27,E85,0.7786,48
2025-10-28,E85,0.7786,48
2025-10-29,E85,0.7788,48
2025-10-30,E85,0.7788,48
2025-10-31,E85,0.7788,48
2025-11-01,E85,0.7788,48
2025-11-02,E85,0.7788,48
2025-11-03,E85,0.7776,48
2025-11-04,E85,0.7776,48
2025-11-05,E85,0.7778,48
2025-11-06,E85,0.7778,48
2025-11-07,E85,0.7816,48
2025-11-08,E85,0.7843,48
2025-11-09,E85,0.7845,48
2025-11-10,E85,0.7846,48
2025-11-11,E85,0.7853,48
2025-11-12,E85,0.7856,48
2025-11-13,E85,0.7856,48
2025-11-14,E85,0.7839,48
2025-11-15,E85,0.7839,48
2025-11-16,E85,0.7839,48
2025-11-17,E85,0.7839,48
2025-11-18,E85,0.7844,48
2025-11-19,E85,0.7848,48
2025-11-20,E85,0.785,48
2025-11-21,E85,0.7853,48
2025-11-22,E85,0.7853,48
2025-11-23,E85,0.7853,48
2025-11-24,E85,0.7843,48
2025-11-25,E85,0.7846,48
2025-11-26,E85,0.7846,48
2025-11-27,E85,0.7846,48
2025-11-28,E85,0.7848,48
2025-11-29,E85,0.7849,48
2025-11-30,E85,0.7849,48
2025-12-01,E85,0.7857,48
2025-12-02,E85,0.7863,48
2025-12-03,E85,0.786,48
2025-12-04,E85,0.786,48
2025-12-05,E85,0.7858,48
2025-12-06,E85,0.786,48
2025-12-07,E85,0.786,48
2025-12-08,E85,0.7861,48
2025-12-09,E85,0.7863,48
2025-12-10,E85,0.7863,48
2025-12-11,E85,0.7863,48
2025-12-12,E85,0.7862,48
2025-12-13,E85,0.7861,48
2025-12-14,E85,0.7861,48
2025-12-15,E85,0.786,48
2025-12-16,E85,0.7859,48
2025-12-17,E85,0.7855,48
2025-12-18,E85,0.7851,48
2025-12-19,E85,0.7762,48
2025-12-20,E85,0.7775,48
2025-12-21,E85,0.7815,48
2025-12-22,E85,0.7812,48
2025-12-23,E85,0.7843,48
2025-12-24,E85,0.7839,48
2025-12-25,E85,0.7839,48
2025-12-26,E85,0.7844,48
2025-12-27,E85,0.7842,48
2025-12-28,E85,0.7842,48
2025-12-29,E85,0.7842,48
2025-12-30,E85,0.7852,48
2025-12-31,E85,0.7852,48
2026-01-01,E85,0.7852,48
2026-01-02,E85,0.79,48
2026-01-03,E85,0.7923,48
2026-01-04,E85,0.7923,48
2026-01-05,E85,0.7891,48
2026-01-06,E85,0.7894,48
2026-01-07,E85,0.7942,48
2026-01-08,E85,0.7958,48
2026-01-09,E85,0.7977,48
2026-01-10,E85,0.7981,48
2026-01-11,E85,0.7981,48
2026-01-12,E85,0.799,48
2026-01-13,E85,0.801,48
2026-01-14,E85,0.7991,48
2026-01-15,E85,0.8041,48
2026-01-16,E85,0.8068,48
2026-01-17,E85,0.8076,48
2026-01-18,E85,0.8076,48
2026-01-19,E85,0.8077,48
2026-01-20,E85,0.8091,48
2026-01-21,E85,0.8091,48
2026-01-22,E85,0.8083,48
2026-01-23,E85,0.8084,48
2026-01-24,E85,0.8087,48
2026-01-25,E85,0.8087,48
2026-01-26,E85,0.8086,48
2026-01-27,E85,0.8086,48
2026-01-28,E85,0.8081,48
2026-01-29,E85,0.8081,48
2026-01-30,E85,0.8081,48
2026-01-31,E85,0.8081,48
2026-02-01,E85,0.8081,48
2026-02-02,E85,0.8077,48
2026-02-03,E85,0.8069,48
2026-02-04,E85,0.8075,48
2026-02-05,E85,0.8066,48
2026-02-06,E85,0.8062,48
2026-02-07,E85,0.8065,48
2026-02-08,E85,0.8067,48
2026-02-09,E85,0.8069,48
2026-02-10,E85,0.8067,48
2026-02-11,E85,0.8067,48
2026-02-12,E85,0.8065,48
2026-02-13,E85,0.807,48
2026-02-14,E85,0.807,48
2026-02-15,E85,0.807,48
2026-02-16,E85,0.8076,48
2026-02-17,E85,0.8089,48
2026-02-18,E85,0.809,48
2026-02-19,E85,0.809,48
2026-02-20,E85,0.7973,48
2026-02-21,E85,0.7978,48
2026-02-22,E85,0.8008,48
2026-02-23,E85,0.8156,48
2026-02-24,E85,0.8143,48
2026-02-25,E85,0.8141,48
2026-02-26,E85,0.8145,48
2026-02-27,E85,0.8139,48
2026-02-28,E85,0.8139,48
2026-03-01,E85,0.8139,48
2026-03-02,E85,0.8139,48
2026-03-03,E85,0.8186,48
2026-03-04,E85,0.8282,48
2026-03-05,E85,0.828,48
2026-03-06,E85,0.8309,48
2026-03-07,E85,0.8365,48
2026-03-08,E85,0.8365,48
2026-03-09,E85,0.8387,48
2026-03-10,E85,0.8444,48
2026-03-11,E85,0.8462,48
2026-03-12,E85,0.8501,48
2026-03-13,E85,0.8513,48
2026-03-14,E85,0.8528,48
2026-03-15,E85,0.8528,48
2026-03-16,E85,0.854,48
2026-03-17,E85,0.8584,48
2026-03-18,E85,0.8586,48
2026-03-19,E85,0.858,48
2026-03-20,E85,0.87,48
2026-03-21,E85,0.8753,48
2026-03-22,E85,0.8765,48
2026-03-23,E85,0.8767,48
2026-03-24,E85,0.8809,48
2026-03-25,E85,0.879,48
2026-03-26,E85,0.8795,48
2026-03-27,E85,0.8826,48
2026-03-28,E85,0.8826,48
2026-03-29,E85,0.8826,48
2026-03-30,E85,0.8834,48
2026-03-31,E85,0.8843,48
2026-04-01,E85,0.8864,48
2026-04-02,E85,0.8963,48
2026-04-03,E85,0.8977,48
2026-04-04,E85,0.8977,48
2026-04-05,E85,0.899,48
2026-04-06,E85,0.899,48
2026-04-07,E85,0.9,48
2026-04-08,E85,0.9039,48
2026-04-09,E85,0.9106,48
2026-04-10,E85,0.91,48
2026-04-11,E85,0.9063,48
2026-04-12,E85,0.9063,48
2026-04-13,E85,0.9062,48
2026-04-14,E85,0.9042,48
2026-04-15,E85,0.9048,48
2026-04-16,E85,0.9052,48
2026-04-17,E85,0.9101,48
2026-04-18,E85,0.9103,48
2026-04-19,E85,0.9103,48
2026-04-20,E85,0.9086,48
2026-04-21,E85,0.9092,48
2026-04-22,E85,0.9081,48
2026-04-23,E85,0.9099,48
2026-04-24,E85,0.9122,48
2026-04-25,E85,0.9122,48
2026-04-26,E85,0.9122,48
2026-04-27,E85,0.9128,48
2026-04-28,E85,0.9124,48
2026-04-29,E85,0.9124,48
2026-04-30,E85,0.9144,48
2026-05-01,E85,0.914,48
2026-05-02,E85,0.914,48
2026-05-03,E85,0.914,48
2026-05-04,E85,0.9138,48
2026-05-05,E85,0.9146,48
2026-05-06,E85,0.9155,48
2026-05-07,E85,0.9169,48
2026-05-08,E85,0.9163,48
2026-05-09,E85,0.9163,48
2026-05-10,E85,0.9163,48
2026-05-11,E85,0.9172,48
2026-05-12,E85,0.9173,48
2026-05-13,E85,0.9192,48
2026-05-14,E85,0.9189,48
2026-05-15,E85,0.9167,48
2026-05-16,E85,0.9167,48
2026-05-17,E85,0.9167,48
2026-05-18,E85,0.9192,48
2026-05-19,E85,0.9187,48
2026-05-20,E85,0.9189,48
2026-05-21,E85,0.9183,48
2026-05-22,E85,0.9177,48
2026-05-23,E85,0.9177,48
2026-05-24,E85,0.9177,48
2026-05-25,E85,0.917,48
2026-05-26,E85,0.9166,48
2026-05-27,E85,0.9152,48
2026-05-28,E85,0.9136,48
2026-05-29,E85,0.9117,48
2026-05-30,E85,0.9084,48
2026-05-31,E85,0.9084,48
2026-06-01,E85,0.9075,48
2026-06-02,E85,0.9086,48
2026-06-03,E85,0.9079,48
2026-06-04,E85,0.9046,48
2026-06-05,E85,0.8995,48
2026-06-06,E85,0.8986,48
2026-06-07,E85,0.8984,48
2026-06-08,E85,0.8982,48
2026-06-09,E85,0.8963,48
2026-06-10,E85,0.8947,48
2026-06-11,E85,0.8948,48
2026-06-12,E85,0.8959,48
2026-06-13,E85,0.8941,48
2026-06-14,E85,0.8941,48
2026-06-15,E85,0.8916,48
2026-06-16,E85,0.8914,48
2026-06-17,E85,0.8896,48
2026-06-18,E85,0.8871,49
2026-06-19,E85,0.8848,49
2026-06-20,E85,0.8841,49
2026-06-21,E85,0.8841,49
2026-06-22,E85,0.8842,49
2026-06-23,E85,0.8816,49
2026-06-24,E85,0.88,49
2026-06-25,E85,0.8777,49
2026-06-26,E85,0.8774,49
2026-06-27,E85,0.8774,49
2026-06-28,E85,0.8774,49
2026-06-29,E85,0.8766,49
2026-06-30,E85,0.8771,49
2026-07-01,E85,0.8795,49
2026-07-02,E85,0.8791,49
2026-07-03,E85,0.8684,49
2026-07-04,E85,0.869,49
2026-07-05,E85,0.8731,49
2026-07-06,E85,0.8769,49
2026-07-07,E85,0.8799,49
2026-07-08,E85,0.8793,49
2026-07-09,E85,0.8754,49
2026-07-10,E85,0.8769,49
2026-07-11,E85,0.8761,49
2026-07-12,E85,0.8761,49
2026-07-13,E85,0.8779,49
2026-07-14,E85,0.8792,49
2026-07-15,E85,0.8822,49
2026-07-16,E85,0.8834,49
2026-07-17,E85,0.8859,49
2026-07-18,E85,0.8864,49
2026-07-19,E85,0.8864,49
2026-07-20,E85,0.889,49
2026-07-21,E85,0.8892,49
2026-07-22,E85,0.8922,49
2026-07-23,E85,0.894,49
2026-07-24,E85,0.8965,49
2026-07-25,E85,0.8973,49
2026-07-26,E85,0.8973,49
2026-07-27,E85,0.8963,49
2026-07-28,E85,0.8968,49
2026-07-29,E85,0.8968,49
2026-07-30,E85,0.899,49
2026-07-31,E85,0.899,49
2026-08-01,E85,0.8992,49
2026-08-02,E85,0.8992,49
2026-08-03,E85,0.9003,49
2026-08-04,E85,0.9005,49
2026-08-05,E85,0.9008,49
2026-08-06,E85,0.8989,49
2026-08-07,E85,0.8969,49
2026-08-08,E85,0.8962,49
2026-08-09,E85,0.8962,49
2026-08-10,E85,0.8982,49
2026-08-11,E85,0.9002,49
2026-08-12,E85,0.901,49
2026-08-13,E85,0.901,49
2026-08-14,E85,0.9018,49
2026-08-15,E85,0.9026,49
2026-08-16,E85,0.9028,49
2026-08-17,E85,0.9011,49
2026-08-18,E85,0.9028,49
2026-08-19,E85,0.9014,49
2026-08-20,E85,0.9036,49
2026-08-21,E85,0.9052,49
2026-08-22,E85,0.9052,49
2026-08-23,E85,0.9052,49
2026-08-24,E85,0.9052,49
2026-08-25,E85,0.9063,49
2026-08-26,E85,0.9083,49
2026-08-27,E85,0.9064,49
2026-08-28,E85,0.9072,49
2026-08-29,E85,0.9075,49
2026-08-30,E85,0.9075,49
2026-08-31,E85,0.9101,49
2026-09-01,E85,0.9128,49
2026-09-02,E85,0.9128,49
2026-09-03,E85,0.9128,49
2026-09-04,E85,0.9143,49
2026-09-05,E85,0.9143,49
2026-09-06,E85,0.9143,49
2026-09-07,E85,0.9143,49
2026-09-08,E85,0.9147,49
2026-09-09,E85,0.9147,49
2026-09-10,E85,0.915,49
2026-09-11,E85,0.9158,49
2026-09-12,E85,0.917,49
2026-09-13,E85,0.917,49
2026-09-14,E85,0.9194,49
2026-09-15,E85,0.9211,49
2026-09-16,E85,0.922,49
2026-09-17,E85,0.9265,49
2026-09-18,E85,0.9291,48
2026-09-19,E85,0.9291,48
2025-01-01,GPLc,0.9927,8
2025-01-02,GPLc,0.984,10
2025-01-03,GPLc,0.9899,11
2025-01-04,GPLc,0.9977,12
2025-01-05,GPLc,0.9977,12
2025-01-06,GPLc,1.0089,13
2025-01-07,GPLc,1.0096,14
2025-01-08,GPLc,1.0072,15
2025-01-09,GPLc,1.0072,15
2025-01-10,GPLc,1.0072,15
2025-01-11,GPLc,1.0072,15
2025-01-12,GPLc,1.0072,15
2025-01-13,GPLc,1.0072,15
2025-01-14,GPLc,1.008,15
2025-01-15,GPLc,1.008,15
2025-01-16,GPLc,1.0043,16
2025-01-17,GPLc,1.0043,16
2025-01-18,GPLc,1.0078,17
2025-01-19,GPLc,1.0078,17
2025-01-20,GPLc,1.0078,17
2025-01-21,GPLc,1.0078,17
2025-01-22,GPLc,1.0078,17
2025-01-23,GPLc,1.0078,17
2025-01-24,GPLc,1.0078,17
2025-01-25,GPLc,1.0078,17
2025-01-26,GPLc,1.0078,17
2025-01-27,GPLc,1.0078,17
2025-01-28,GPLc,1.0078,17
2025-01-29,GPLc,1.0078,17
2025-01-30,GPLc,1.0078,17
2025-01-31,GPLc,1.0078,17
2025-02-01,GPLc,1.0078,17
2025-02-02,GPLc,1.0078,17
2025-02-03,GPLc,1.0078,17
2025-02-04,GPLc,1.0078,17
2025-02-05,GPLc,1.0078,17
2025-02-06,GPLc,1.0078,17
2025-02-07,GPLc,1.0078,17
2025-02-08,GPLc,1.0078,17
2025-02-09,GPLc,1.0078,17
2025-02-10,GPLc,1.0078,17
2025-02-11,GPLc,1.0078,17
2025-02-12,GPLc,1.0078,17
2025-02-13,GPLc,1.0078,17
2025-02-14,GPLc,1.0078,17
2025-02-15,GPLc,1.0078,17
2025-02-16,GPLc,1.0078,17
2025-02-17,GPLc,1.0072,17
2025-02-18,GPLc,1.0072,17
2025-02-19,GPLc,1.0072,17
2025-02-20,GPLc,1.0072,17
2025-02-21,GPLc,1.0072,17
2025-02-22,GPLc,1.0072,17
2025-02-23,GPLc,1.0072,17
2025-02-24,GPLc,1.0072,17
2025-02-25,GPLc,1.0072,17
2025-02-26,GPLc,1.0095,17
2025-02-27,GPLc,1.0094,17
2025-02-28,GPLc,1.0094,17
2025-03-01,GPLc,1.0094,17
2025-03-02,GPLc,1.0094,17
2025-03-03,GPLc,1.0094,17
2025-03-04,GPLc,1.0094,17
2025-03-05,GPLc,1.0094,17
2025-03-06,GPLc,1.0062,17
2025-03-07,GPLc,1.0069,18
2025-03-08,GPLc,1.0069,18
2025-03-09,GPLc,1.0069,18
2025-03-10,GPLc,1.0044,19
2025-03-11,GPLc,1.0044,19
2025-03-12,GPLc,1.0034,19
2025-03-13,GPLc,0.9993,19
2025-03-14,GPLc,1.0002,19
2025-03-15,GPLc,1.0002,19
2025-03-16,GPLc,1.0002,19
2025-03-17,GPLc,1.0002,19
2025-03-18,GPLc,1.0002,19
2025-03-19,GPLc,0.9993,19
2025-03-20,GPLc,0.9988,19
2025-03-21,GPLc,0.9988,19
2025-03-22,GPLc,0.9988,19
2025-03-23,GPLc,0.9988,19
2025-03-24,GPLc,0.9988,19
2025-03-25,GPLc,0.9988,19
2025-03-26,GPLc,0.9988,19
2025-03-27,GPLc,0.9988,19
2025-03-28,GPLc,0.9967,19
2025-03-29,GPLc,0.9967,19
2025-03-30,GPLc,0.9967,19
2025-03-31,GPLc,0.9967,19
2025-04-01,GPLc,0.9955,19
2025-04-02,GPLc,0.9955,19
2025-04-03,GPLc,0.9955,19
2025-04-04,GPLc,0.9955,19
2025-04-05,GPLc,0.9955,19
2025-04-06,GPLc,0.9955,19
2025-04-07,GPLc,0.9955,19
2025-04-08,GPLc,0.9955,19
2025-04-09,GPLc,0.9988,21
2025-04-10,GPLc,0.9988,21
2025-04-11,GPLc,0.9988,21
2025-04-12,GPLc,0.9988,21
2025-04-13,GPLc,0.9988,21
2025-04-14,GPLc,0.9989,21
2025-04-15,GPLc,0.9994,21
2025-04-16,GPLc,0.9994,21
2025-04-17,GPLc,0.996,21
2025-04-18,GPLc,0.9971,22
2025-04-19,GPLc,0.9971,22
2025-04-20,GPLc,0.9971,22
2025-04-21,GPLc,0.9971,22
2025-04-22,GPLc,0.9971,22
2025-04-23,GPLc,0.9971,22
2025-04-24,GPLc,0.9971,22
2025-04-25,GPLc,0.9966,22
2025-04-26,GPLc,0.9966,22
2025-04-27,GPLc,0.9966,22
2025-04-28,GPLc,0.9966,22
2025-04-29,GPLc,0.9966,22
2025-04-30,GPLc,0.9966,22
2025-05-01,GPLc,0.9966,22
2025-05-02,GPLc,0.9966,22
2025-05-03,GPLc,0.9966,22
2025-05-04,GPLc,0.9966,22
2025-05-05,GPLc,0.9966,22
2025-05-06,GPLc,0.9966,22
2025-05-07,GPLc,0.9966,22
2025-05-08,GPLc,0.9943,22
2025-05-09,GPLc,0.9954,22
2025-05-10,GPLc,0.995,22
2025-05-11,GPLc,0.995,22
2025-05-12,GPLc,0.995,22
2025-05-13,GPLc,0.995,22
2025-05-14,GPLc,0.995,22
2025-05-15,GPLc,0.9968,22
2025-05-16,GPLc,0.9968,22
2025-05-17,GPLc,0.9968,22
2025-05-18,GPLc,0.9968,22
2025-05-19,GPLc,0.9968,22
2025-05-20,GPLc,0.9968,22
2025-05-21,GPLc,0.9965,22
2025-05-22,GPLc,0.9965,22
2025-05-23,GPLc,0.9965,22
2025-05-24,GPLc,0.9965,22
2025-05-25,GPLc,0.9965,22
2025-05-26,GPLc,0.9965,22
2025-05-27,GPLc,0.9944,22
2025-05-28,GPLc,0.9944,22
2025-05-29,GPLc,0.9944,22
2025-05-30,GPLc,0.9944,22
2025-05-31,GPLc,0.9944,22
2025-06-01,GPLc,0.9944,22
2025-06-02,GPLc,0.9893,23
2025-06-03,GPLc,0.9893,23
2025-06-04,GPLc,0.9893,23
2025-06-05,GPLc,0.9872,23
2025-06-06,GPLc,0.9877,23
2025-06-07,GPLc,0.9836,23
2025-06-08,GPLc,0.9836,23
2025-06-09,GPLc,0.9836,23
2025-06-10,GPLc,0.9836,23
2025-06-11,GPLc,0.9836,23
2025-06-12,GPLc,0.9836,23
2025-06-13,GPLc,0.9842,22
2025-06-14,GPLc,0.9851,22
2025-06-15,GPLc,0.9851,22
2025-06-16,GPLc,0.9833,22
2025-06-17,GPLc,0.9842,22
2025-06-18,GPLc,0.9842,22
2025-06-19,GPLc,0.9842,22
2025-06-20,GPLc,0.9847,22
2025-06-21,GPLc,0.9847,22
2025-06-22,GPLc,0.9847,22
2025-06-23,GPLc,0.9847,22
2025-06-24,GPLc,0.9847,22
2025-06-25,GPLc,0.9829,22
2025-06-26,GPLc,0.9829,22
2025-06-27,GPLc,0.9842,22
2025-06-28,GPLc,0.9842,22
2025-06-29,GPLc,0.9842,22
2025-06-30,GPLc,0.9842,22
2025-07-01,GPLc,0.9842,22
2025-07-02,GPLc,0.9842,22
2025-07-03,GPLc,0.9842,22
2025-07-04,GPLc,0.9842,22
2025-07-05,GPLc,0.9842,22
2025-07-06,GPLc,0.9842,22
2025-07-07,GPLc,0.9842,22
2025-07-08,GPLc,0.9844,22
2025-07-09,GPLc,0.9844,22
2025-07-10,GPLc,0.9844,22
2025-07-11,GPLc,0.9844,22
2025-07-12,GPLc,0.9844,22
2025-07-13,GPLc,0.9844,22
2025-07-14,GPLc,0.9835,22
2025-07-15,GPLc,0.9844,22
2025-07-16,GPLc,0.9844,22
2025-07-17,GPLc,0.9844,22
2025-07-18,GPLc,0.9844,22
2025-07-19,GPLc,0.9844,22
2025-07-20,GPLc,0.9844,22
2025-07-21,GPLc,0.9844,22
2025-07-22,GPLc,0.9844,22
2025-07-23,GPLc,0.9844,22
2025-07-24,GPLc,0.9844,22
2025-07-25,GPLc,0.9844,22
2025-07-26,GPLc,0.9844,22
2025-07-27,GPLc,0.9844,22
2025-07-28,GPLc,0.9844,22
2025-07-29,GPLc,0.9844,22
2025-07-30,GPLc,0.9844,22
2025-07-31,GPLc,0.9844,22
2025-08-01,GPLc,0.9741,22
2025-08-02,GPLc,0.9741,22
2025-08-03,GPLc,0.9741,22
2025-08-04,GPLc,0.9741,22
2025-08-05,GPLc,0.9741,22
2025-08-06,GPLc,0.9741,22
2025-08-07,GPLc,0.9741,22
2025-08-08,GPLc,0.974,22
2025-08-09,GPLc,0.974,22
2025-08-10,GPLc,0.974,22
2025-08-11,GPLc,0.974,22
2025-08-12,GPLc,0.974,22
2025-08-13,GPLc,0.974,22
2025-08-14,GPLc,0.974,22
2025-08-15,GPLc,0.9735,22
2025-08-16,GPLc,0.9726,22
2025-08-17,GPLc,0.9726,22
2025-08-18,GPLc,0.9729,23
2025-08-19,GPLc,0.9729,23
2025-08-20,GPLc,0.9738,23
2025-08-21,GPLc,0.9738,23
2025-08-22,GPLc,0.9738,23
2025-08-23,GPLc,0.9738,23
2025-08-24,GPLc,0.9738,23
2025-08-25,GPLc,0.9738,23
2025-08-26,GPLc,0.9738,23
2025-08-27,GPLc,0.9738,23
2025-08-28,GPLc,0.9738,23
2025-08-29,GPLc,0.9738,23
2025-08-30,GPLc,0.9738,23
2025-08-31,GPLc,0.9738,23
2025-09-01,GPLc,0.9706,23
2025-09-02,GPLc,0.9706,23
2025-09-03,GPLc,0.9706,23
2025-09-04,GPLc,0.9706,23
2025-09-05,GPLc,0.9643,23
2025-09-06,GPLc,0.9643,23
2025-09-07,GPLc,0.9643,23
2025-09-08,GPLc,0.9643,23
2025-09-09,GPLc,0.9642,23
2025-09-10,GPLc,0.9642,23
2025-09-11,GPLc,0.9642,23
2025-09-12,GPLc,0.9642,23
2025-09-13,GPLc,0.9642,23
2025-09-14,GPLc,0.9642,23
2025-09-15,GPLc,0.9642,23
2025-09-16,GPLc,0.9642,23
2025-09-17,GPLc,0.9642,23
2025-09-18,GPLc,0.9642,23
2025-09-19,GPLc,0.9642,23
2025-09-20,GPLc,0.9642,23
2025-09-21,GPLc,0.9642,23
2025-09-22,GPLc,0.9642,23
2025-09-23,GPLc,0.9642,23
2025-09-24,GPLc,0.9642,23
2025-09-25,GPLc,0.9642,23
2025-09-26,GPLc,0.9642,23
2025-09-27,GPLc,0.9642,23
2025-09-28,GPLc,0.9642,23
2025-09-29,GPLc,0.9642,23
2025-09-30,GPLc,0.9642,23
2025-10-01,GPLc,0.9642,23
2025-10-02,GPLc,0.9642,23
2025-10-03,GPLc,0.9642,23
2025-10-04,GPLc,0.9642,23
2025-10-05,GPLc,0.9642,23
2025-10-06,GPLc,0.9642,23
2025-10-07,GPLc,0.9642,23
2025-10-08,GPLc,0.965,23
2025-10-09,GPLc,0.965,23
2025-10-10,GPLc,0.965,23
2025-10-11,GPLc,0.965,23
2025-10-12,GPLc,0.965,23
2025-10-13,GPLc,0.965,23
2025-10-14,GPLc,0.9689,23
2025-10-15,GPLc,0.9693,23
2025-10-16,GPLc,0.9693,23
2025-10-17,GPLc,0.9693,23
2025-10-18,GPLc,0.9693,23
2025-10-19,GPLc,0.9693,23
2025-10-20,GPLc,0.9693,23
2025-10-21,GPLc,0.9693,23
2025-10-22,GPLc,0.9693,23
2025-10-23,GPLc,0.9693,23
2025-10-24,GPLc,0.9693,23
2025-10-25,GPLc,0.9693,23
2025-10-26,GPLc,0.9693,23
2025-10-27,GPLc,0.9689,23
2025-10-28,GPLc,0.9689,23
2025-10-29,GPLc,0.9689,23
2025-10-30,GPLc,0.9689,23
2025-10-31,GPLc,0.9689,23
2025-11-01,GPLc,0.9672,23
2025-11-02,GPLc,0.9672,23
2025-11-03,GPLc,0.9672,23
2025-11-04,GPLc,0.9672,23
2025-11-05,GPLc,0.9665,23
2025-11-06,GPLc,0.9665,23
2025-11-07,GPLc,0.9656,23
2025-11-08,GPLc,0.9656,23
2025-11-09,GPLc,0.9656,23
2025-11-10,GPLc,0.9656,23
2025-11-11,GPLc,0.9656,23
2025-11-12,GPLc,0.9656,23
2025-11-13,GPLc,0.9617,23
2025-11-14,GPLc,0.9617,23
2025-11-15,GPLc,0.9617,23
2025-11-16,GPLc,0.9617,23
2025-11-17,GPLc,0.9617,23
2025-11-18,GPLc,0.9608,23
2025-11-19,GPLc,0.9608,23
2025-11-20,GPLc,0.9608,23
2025-11-21,GPLc,0.9608,23
2025-11-22,GPLc,0.9608,23
2025-11-23,GPLc,0.9608,23
2025-11-24,GPLc,0.9608,23
2025-11-25,GPLc,0.9556,23
2025-11-26,GPLc,0.9556,23
2025-11-27,GPLc,0.9556,23
2025-11-28,GPLc,0.9556,23
2025-11-29,GPLc,0.9556,23
2025-11-30,GPLc,0.9556,23
2025-12-01,GPLc,0.9556,23
2025-12-02,GPLc,0.9556,23
2025-12-03,GPLc,0.9556,23
2025-12-04,GPLc,0.9556,23
2025-12-05,GPLc,0.956,23
2025-12-06,GPLc,0.956,23
2025-12-07,GPLc,0.956,23
2025-12-08,GPLc,0.956,23
2025-12-09,GPLc,0.956,23
2025-12-10,GPLc,0.956,23
2025-12-11,GPLc,0.956,23
2025-12-12,GPLc,0.956,23
2025-12-13,GPLc,0.9536,23
2025-12-14,GPLc,0.9536,23
2025-12-15,GPLc,0.9536,23
2025-12-16,GPLc,0.9536,23
2025-12-17,GPLc,0.9536,23
2025-12-18,GPLc,0.9536,23
2025-12-19,GPLc,0.9536,23
2025-12-20,GPLc,0.9536,23
2025-12-21,GPLc,0.954,23
2025-12-22,GPLc,0.954,23
2025-12-23,GPLc,0.954,23
2025-12-24,GPLc,0.954,23
2025-12-25,GPLc,0.954,23
2025-12-26,GPLc,0.9548,23
2025-12-27,GPLc,0.9548,23
2025-12-28,GPLc,0.9548,23
2025-12-29,GPLc,0.9548,23
2025-12-30,GPLc,0.9548,23
2025-12-31,GPLc,0.9548,23
2026-01-01,GPLc,0.9548,23
2026-01-02,GPLc,0.9548,23
2026-01-03,GPLc,0.9548,23
2026-01-04,GPLc,0.9548,23
2026-01-05,GPLc,0.9548,23
2026-01-06,GPLc,0.9552,23
2026-01-07,GPLc,0.9557,23
2026-01-08,GPLc,0.9562,23
2026-01-09,GPLc,0.9562,23
2026-01-10,GPLc,0.9562,23
2026-01-11,GPLc,0.9562,23
2026-01-12,GPLc,0.9555,23
2026-01-13,GPLc,0.9562,23
2026-01-14,GPLc,0.9562,23
2026-01-15,GPLc,0.9567,23
2026-01-16,GPLc,0.9567,23
2026-01-17,GPLc,0.9567,23
2026-01-18,GPLc,0.9567,23
2026-01-19,GPLc,0.9553,23
2026-01-20,GPLc,0.9553,23
2026-01-21,GPLc,0.9553,23
2026-01-22,GPLc,0.9553,23
2026-01-23,GPLc,0.9553,23
2026-01-24,GPLc,0.9553,23
2026-01-25,GPLc,0.9553,23
2026-01-26,GPLc,0.9553,23
2026-01-27,GPLc,0.9553,23
2026-01-28,GPLc,0.9553,23
2026-01-29,GPLc,0.9553,23
2026-01-30,GPLc,0.9553,23
2026-01-31,GPLc,0.9511,22
2026-02-01,GPLc,0.9511,22
2026-02-02,GPLc,0.9511,22
2026-02-03,GPLc,0.9525,22
2026-02-04,GPLc,0.9515,22
2026-02-05,GPLc,0.9515,22
2026-02-06,GPLc,0.952,22
2026-02-07,GPLc,0.9515,22
2026-02-08,GPLc,0.9515,22
2026-02-09,GPLc,0.9515,22
2026-02-10,GPLc,0.9531,22
2026-02-11,GPLc,0.9522,22
2026-02-12,GPLc,0.9522,22
2026-02-13,GPLc,0.9522,22
2026-02-14,GPLc,0.9522,22
2026-02-15,GPLc,0.9522,22
2026-02-16,GPLc,0.9526,22
2026-02-17,GPLc,0.9526,22
2026-02-18,GPLc,0.9559,22
2026-02-19,GPLc,0.9559,22
2026-02-20,GPLc,0.9573,22
2026-02-21,GPLc,0.9573,22
2026-02-22,GPLc,0.9573,22
2026-02-23,GPLc,0.9573,22
2026-02-24,GPLc,0.9599,22
2026-02-25,GPLc,0.9613,22
2026-02-26,GPLc,0.9613,22
2026-02-27,GPLc,0.9613,22
2026-02-28,GPLc,0.9613,22
2026-03-01,GPLc,0.9613,22
2026-03-02,GPLc,0.9617,22
2026-03-03,GPLc,0.9624,22
2026-03-04,GPLc,0.9637,22
2026-03-05,GPLc,0.9647,22
2026-03-06,GPLc,0.9638,22
2026-03-07,GPLc,0.9656,22
2026-03-08,GPLc,0.9657,22
2026-03-09,GPLc,0.9664,22
2026-03-10,GPLc,0.9666,22
2026-03-11,GPLc,0.9666,22
2026-03-12,GPLc,0.9665,22
2026-03-13,GPLc,0.9726,22
2026-03-14,GPLc,0.9754,22
2026-03-15,GPLc,0.9754,22
2026-03-16,GPLc,0.9754,22
2026-03-17,GPLc,0.9754,22
2026-03-18,GPLc,0.9764,22
2026-03-19,GPLc,0.9764,22
2026-03-20,GPLc,0.9775,22
2026-03-21,GPLc,0.9775,22
2026-03-22,GPLc,0.9775,22
2026-03-23,GPLc,0.9775,22
2026-03-24,GPLc,0.9785,22
2026-03-25,GPLc,0.9785,22
2026-03-26,GPLc,0.9785,22
2026-03-27,GPLc,0.9813,22
2026-03-28,GPLc,0.9813,22
2026-03-29,GPLc,0.9813,22
2026-03-30,GPLc,0.9988,22
2026-03-31,GPLc,1.0011,22
2026-04-01,GPLc,1.0093,22
2026-04-02,GPLc,1.017,22
2026-04-03,GPLc,1.0206,22
2026-04-04,GPLc,1.0217,22
2026-04-05,GPLc,1.0217,22
2026-04-06,GPLc,1.0217,22
2026-04-07,GPLc,1.027,22
2026-04-08,GPLc,1.035,22
2026-04-09,GPLc,1.046,22
2026-04-10,GPLc,1.0587,22
2026-04-11,GPLc,1.062,22
2026-04-12,GPLc,1.062,22
2026-04-13,GPLc,1.0644,22
2026-04-14,GPLc,1.0623,22
2026-04-15,GPLc,1.0743,22
2026-04-16,GPLc,1.0802,22
2026-04-17,GPLc,1.0859,22
2026-04-18,GPLc,1.084,22
2026-04-19,GPLc,1.084,22
2026-04-20,GPLc,1.0868,22
2026-04-21,GPLc,1.0872,22
2026-04-22,GPLc,1.0877,22
2026-04-23,GPLc,1.0882,22
2026-04-24,GPLc,1.0886,22
2026-04-25,GPLc,1.0886,22
2026-04-26,GPLc,1.0886,22
2026-04-27,GPLc,1.0905,22
2026-04-28,GPLc,1.0918,22
2026-04-29,GPLc,1.0773,22
2026-04-30,GPLc,1.0773,22
2026-05-01,GPLc,1.0773,22
2026-05-02,GPLc,1.0773,22
2026-05-03,GPLc,1.0773,22
2026-05-04,GPLc,1.0791,22
2026-05-05,GPLc,1.0839,22
2026-05-06,GPLc,1.0835,22
2026-05-07,GPLc,1.0847,22
2026-05-08,GPLc,1.0847,22
2026-05-09,GPLc,1.0847,22
2026-05-10,GPLc,1.0847,22
2026-05-11,GPLc,1.0847,22
2026-05-12,GPLc,1.0847,22
2026-05-13,GPLc,1.0861,22
2026-05-14,GPLc,1.0849,22
2026-05-15,GPLc,1.0853,22
2026-05-16,GPLc,1.0853,22
2026-05-17,GPLc,1.0853,22
2026-05-18,GPLc,1.0876,21
2026-05-19,GPLc,1.0876,21
2026-05-20,GPLc,1.0876,21
2026-05-21,GPLc,1.0871,21
2026-05-22,GPLc,1.0866,21
2026-05-23,GPLc,1.0866,21
2026-05-24,GPLc,1.0866,21
2026-05-25,GPLc,1.0866,21
2026-05-26,GPLc,1.0866,21
2026-05-27,GPLc,1.0866,21
2026-05-28,GPLc,1.0866,21
2026-05-29,GPLc,1.0866,21
2026-05-30,GPLc,1.0866,21
2026-05-31,GPLc,1.0866,21
2026-06-01,GPLc,1.0866,21
2026-06-02,GPLc,1.0825,21
2026-06-03,GPLc,1.0825,21
2026-06-04,GPLc,1.0816,21
2026-06-05,GPLc,1.0802,21
2026-06-06,GPLc,1.078,21
2026-06-07,GPLc,1.078,21
2026-06-08,GPLc,1.0781,21
2026-06-09,GPLc,1.0748,21
2026-06-10,GPLc,1.0685,21
2026-06-11,GPLc,1.0746,21
2026-06-12,GPLc,1.0685,21
2026-06-13,GPLc,1.0685,21
2026-06-14,GPLc,1.0685,21
2026-06-15,GPLc,1.075,21
2026-06-16,GPLc,1.075,21
2026-06-17,GPLc,1.0588,21
2026-06-18,GPLc,1.0552,22
2026-06-19,GPLc,1.0547,22
2026-06-20,GPLc,1.0535,22
2026-06-21,GPLc,1.0535,22
2026-06-22,GPLc,1.0535,22
2026-06-23,GPLc,1.053,22
2026-06-24,GPLc,1.053,22
2026-06-25,GPLc,1.0526,22
2026-06-26,GPLc,1.0526,22
2026-06-27,GPLc,1.0535,22
2026-06-28,GPLc,1.0535,22
2026-06-29,GPLc,1.0544,22
2026-06-30,GPLc,1.0535,22
2026-07-01,GPLc,1.0494,22
2026-07-02,GPLc,1.0503,22
2026-07-03,GPLc,1.047,22
2026-07-04,GPLc,1.047,22
2026-07-05,GPLc,1.047,22
2026-07-06,GPLc,1.0415,22
2026-07-07,GPLc,1.0414,22
2026-07-08,GPLc,1.035,22
2026-07-09,GPLc,1.035,22
2026-07-10,GPLc,1.0336,22
2026-07-11,GPLc,1.033,22
2026-07-12,GPLc,1.033,22
2026-07-13,GPLc,1.036,22
2026-07-14,GPLc,1.036,22
2026-07-15,GPLc,1.036,22
2026-07-16,GPLc,1.036,22
2026-07-17,GPLc,1.037,22
2026-07-18,GPLc,1.037,22
2026-07-19,GPLc,1.037,22
2026-07-20,GPLc,1.037,22
2026-07-21,GPLc,1.037,22
2026-07-22,GPLc,1.0367,22
2026-07-23,GPLc,1.0365,22
2026-07-24,GPLc,1.0365,22
2026-07-25,GPLc,1.0374,22
2026-07-26,GPLc,1.0374,22
2026-07-27,GPLc,1.0365,22
2026-07-28,GPLc,1.0365,22
2026-07-29,GPLc,1.0364,22
2026-07-30,GPLc,1.0413,22
2026-07-31,GPLc,1.046,22
2026-08-01,GPLc,1.0449,22
2026-08-02,GPLc,1.0449,22
2026-08-03,GPLc,1.0438,22
2026-08-04,GPLc,1.0425,22
2026-08-05,GPLc,1.044,22
2026-08-06,GPLc,1.043,21
2026-08-07,GPLc,1.0416,21
2026-08-08,GPLc,1.043,21
2026-08-09,GPLc,1.043,21
2026-08-10,GPLc,1.043,21
2026-08-11,GPLc,1.043,21
2026-08-12,GPLc,1.0444,21
2026-08-13,GPLc,1.0444,21
2026-08-14,GPLc,1.0448,21
2026-08-15,GPLc,1.0448,21
2026-08-16,GPLc,1.0448,21
2026-08-17,GPLc,1.047,21
2026-08-18,GPLc,1.047,21
2026-08-19,GPLc,1.047,21
2026-08-20,GPLc,1.047,21
2026-08-21,GPLc,1.047,21
2026-08-22,GPLc,1.0479,21
2026-08-23,GPLc,1.0479,21
2026-08-24,GPLc,1.0491,21
2026-08-25,GPLc,1.0491,21
2026-08-26,GPLc,1.0491,21
2026-08-27,GPLc,1.0467,21
2026-08-28,GPLc,1.0472,21
2026-08-29,GPLc,1.0472,21
2026-08-30,GPLc,1.0472,21
2026-08-31,GPLc,1.0481,21
2026-09-01,GPLc,1.0467,21
2026-09-02,GPLc,1.0467,21
2026-09-03,GPLc,1.0457,21
2026-09-04,GPLc,1.0452,20
2026-09-05,GPLc,1.0452,20
2026-09-06,GPLc,1.0452,20
2026-09-07,GPLc,1.0428,19
2026-09-08,GPLc,1.0423,19
2026-09-09,GPLc,1.0423,19
2026-09-10,GPLc,1.0423,19
2026-09-11,GPLc,1.0425,19
2026-09-12,GPLc,1.0425,19
2026-09-13,GPLc,1.0425,19
2026-09-14,GPLc,1.0431,19
2026-09-15,GPLc,1.0431,19
2026-09-16,GPLc,1.0431,19
2026-09-17,GPLc,1.0431,19
2026-09-18,GPLc,1.0476,17
2026-09-19,GPLc,1.0476,17
2025-01-01,Gazole,1.6886,52
2025-01-02,Gazole,1.6835,73
2025-01-03,Gazole,1.6938,92
2025-01-04,Gazole,1.699,95
2025-01-05,Gazole,1.6998,95
2025-01-06,Gazole,1.7068,110
2025-01-07,Gazole,1.7114,114
2025-01-08,Gazole,1.7091,114
2025-01-09,Gazole,1.7111,116
2025-01-10,Gazole,1.7113,117
2025-01-11,Gazole,1.7132,117
2025-01-12,Gazole,1.7133,117
2025-01-13,Gazole,1.7156,118
2025-01-14,Gazole,1.73,118
2025-01-15,Gazole,1.7363,119
2025-01-16,Gazole,1.7445,119
2025-01-17,Gazole,1.7547,119
2025-01-18,Gazole,1.7565,119
2025-01-19,Gazole,1.7575,119
2025-01-20,Gazole,1.7586,119
2025-01-21,Gazole,1.7608,119
2025-01-22,Gazole,1.7587,119
2025-01-23,Gazole,1.7571,119
2025-01-24,Gazole,1.7518,119
2025-01-25,Gazole,1.7488,119
2025-01-26,Gazole,1.7491,119
2025-01-27,Gazole,1.7457,119
2025-01-28,Gazole,1.7386,119
2025-01-29,Gazole,1.7353,119
2025-01-30,Gazole,1.7293,119
2025-01-31,Gazole,1.7264,119
2025-02-01,Gazole,1.7252,119
2025-02-02,Gazole,1.7253,119
2025-02-03,Gazole,1.7251,119
2025-02-04,Gazole,1.726,119
2025-02-05,Gazole,1.727,119
2025-02-06,Gazole,1.7269,119
2025-02-07,Gazole,1.7237,119
2025-02-08,Gazole,1.7234,119
2025-02-09,Gazole,1.7233,119
2025-02-10,Gazole,1.723,119
2025-02-11,Gazole,1.7255,119
2025-02-12,Gazole,1.7329,119
2025-02-13,Gazole,1.7365,119
2025-02-14,Gazole,1.7366,119
2025-02-15,Gazole,1.737,119
2025-02-16,Gazole,1.737,119
2025-02-17,Gazole,1.7344,119
2025-02-18,Gazole,1.7292,119
2025-02-19,Gazole,1.7276,119
2025-02-20,Gazole,1.7281,119
2025-02-21,Gazole,1.7248,119
2025-02-22,Gazole,1.7261,119
2025-02-23,Gazole,1.7262,119
2025-02-24,Gazole,1.7284,119
2025-02-25,Gazole,1.7273,119
2025-02-26,Gazole,1.725,119
2025-02-27,Gazole,1.7196,119
2025-02-28,Gazole,1.7128,119
2025-03-01,Gazole,1.7104,119
2025-03-02,Gazole,1.7104,119
2025-03-03,Gazole,1.7099,119
2025-03-04,Gazole,1.7069,119
2025-03-05,Gazole,1.7023,119
2025-03-06,Gazole,1.6944,119
2025-03-07,Gazole,1.686,119
2025-03-08,Gazole,1.6781,119
2025-03-09,Gazole,1.678,119
2025-03-10,Gazole,1.672,119
2025-03-11,Gazole,1.6663,119
2025-03-12,Gazole,1.6614,119
2025-03-13,Gazole,1.6581,119
2025-03-14,Gazole,1.6556,119
2025-03-15,Gazole,1.6543,119
2025-03-16,Gazole,1.6543,119
2025-03-17,Gazole,1.6532,119
2025-03-18,Gazole,1.6513,119
2025-03-19,Gazole,1.6508,119
2025-03-20,Gazole,1.6495,119
2025-03-21,Gazole,1.6494,119
2025-03-22,Gazole,1.6492,119
2025-03-23,Gazole,1.6495,119
2025-03-24,Gazole,1.6507,119
2025-03-25,Gazole,1.652,119
2025-03-26,Gazole,1.653,119
2025-03-27,Gazole,1.6556,119
2025-03-28,Gazole,1.6601,119
2025-03-29,Gazole,1.6617,119
2025-03-30,Gazole,1.6617,119
2025-03-31,Gazole,1.6618,119
2025-04-01,Gazole,1.6621,119
2025-04-02,Gazole,1.6658,119
2025-04-03,Gazole,1.6663,119
2025-04-04,Gazole,1.6605,119
2025-04-05,Gazole,1.6547,119
2025-04-06,Gazole,1.6548,119
2025-04-07,Gazole,1.6483,119
2025-04-08,Gazole,1.6371,119
2025-04-09,Gazole,1.6286,119
2025-04-10,Gazole,1.6153,119
2025-04-11,Gazole,1.6057,119
2025-04-12,Gazole,1.6004,119
2025-04-13,Gazole,1.6003,119
2025-04-14,Gazole,1.5948,119
2025-04-15,Gazole,1.5902,119
2025-04-16,Gazole,1.5847,119
2025-04-17,Gazole,1.5822,119
2025-04-18,Gazole,1.5732,119
2025-04-19,Gazole,1.5759,119
2025-04-20,Gazole,1.5763,119
2025-04-21,Gazole,1.5795,119
2025-04-22,Gazole,1.5835,119
2025-04-23,Gazole,1.5849,119
2025-04-24,Gazole,1.5859,119
2025-04-25,Gazole,1.5839,119
2025-04-26,Gazole,1.5829,119
2025-04-27,Gazole,1.5833,119
2025-04-28,Gazole,1.584,119
2025-04-29,Gazole,1.5834,119
2025-04-30,Gazole,1.582,119
2025-05-01,Gazole,1.5812,119
2025-05-02,Gazole,1.5798,119
2025-05-03,Gazole,1.5773,119
2025-05-04,Gazole,1.5771,119
2025-05-05,Gazole,1.5745,119
2025-05-06,Gazole,1.5702,119
2025-05-07,Gazole,1.5672,119
2025-05-08,Gazole,1.5662,119
2025-05-09,Gazole,1.5655,119
2025-05-10,Gazole,1.5669,119
2025-05-11,Gazole,1.5671,119
2025-05-12,Gazole,1.5686,119
2025-05-13,Gazole,1.5731,119
2025-05-14,Gazole,1.5779,119
2025-05-15,Gazole,1.5861,119
2025-05-16,Gazole,1.5906,119
2025-05-17,Gazole,1.5926,119
2025-05-18,Gazole,1.5925,119
2025-05-19,Gazole,1.5935,119
2025-05-20,Gazole,1.5933,119
2025-05-21,Gazole,1.5926,119
2025-05-22,Gazole,1.5919,119
2025-05-23,Gazole,1.5879,119
2025-05-24,Gazole,1.5855,119
2025-05-25,Gazole,1.5855,119
2025-05-26,Gazole,1.5846,119
2025-05-27,Gazole,1.5837,119
2025-05-28,Gazole,1.5828,119
2025-05-29,Gazole,1.583,119
2025-05-30,Gazole,1.5823,119
2025-05-31,Gazole,1.5821,119
2025-06-01,Gazole,1.5821,119
2025-06-02,Gazole,1.5814,119
2025-06-03,Gazole,1.5814,119
2025-06-04,Gazole,1.5825,119
2025-06-05,Gazole,1.5822,119
2025-06-06,Gazole,1.5832,119
2025-06-07,Gazole,1.5834,119
2025-06-08,Gazole,1.5834,119
2025-06-09,Gazole,1.5837,119
2025-06-10,Gazole,1.5854,120
2025-06-11,Gazole,1.5901,120
2025-06-12,Gazole,1.5932,120
2025-06-13,Gazole,1.6011,120
2025-06-14,Gazole,1.6095,121
2025-06-15,Gazole,1.6097,121
2025-06-16,Gazole,1.6152,121
2025-06-17,Gazole,1.6297,121
2025-06-18,Gazole,1.6437,121
2025-06-19,Gazole,1.6615,121
2025-06-20,Gazole,1.6981,121
2025-06-21,Gazole,1.7034,121
2025-06-22,Gazole,1.7045,121
2025-06-23,Gazole,1.7116,121
2025-06-24,Gazole,1.7146,121
2025-06-25,Gazole,1.7004,121
2025-06-26,Gazole,1.6926,121
2025-06-27,Gazole,1.6817,121
2025-06-28,Gazole,1.675,121
2025-06-29,Gazole,1.6748,121
2025-06-30,Gazole,1.6703,121
2025-07-01,Gazole,1.6617,121
2025-07-02,Gazole,1.6557,121
2025-07-03,Gazole,1.6546,121
2025-07-04,Gazole,1.6509,121
2025-07-05,Gazole,1.6527,121
2025-07-06,Gazole,1.6555,121
2025-07-07,Gazole,1.6584,121
2025-07-08,Gazole,1.663,121
2025-07-09,Gazole,1.6693,121
2025-07-10,Gazole,1.672,121
2025-07-11,Gazole,1.6744,121
2025-07-12,Gazole,1.6781,121
2025-07-13,Gazole,1.6781,121
2025-07-14,Gazole,1.6782,121
2025-07-15,Gazole,1.678,121
2025-07-16,Gazole,1.677,121
2025-07-17,Gazole,1.6769,121
2025-07-18,Gazole,1.678,121
2025-07-19,Gazole,1.6808,121
2025-07-20,Gazole,1.681,121
2025-07-21,Gazole,1.6837,121
2025-07-22,Gazole,1.6875,121
2025-07-23,Gazole,1.6879,121
2025-07-24,Gazole,1.6834,121
2025-07-25,Gazole,1.6754,121
2025-07-26,Gazole,1.672,121
2025-07-27,Gazole,1.672,121
2025-07-28,Gazole,1.6705,121
2025-07-29,Gazole,1.6692,121
2025-07-30,Gazole,1.6679,121
2025-07-31,Gazole,1.6672,121
2025-08-01,Gazole,1.6602,121
2025-08-02,Gazole,1.6607,121
2025-08-03,Gazole,1.6628,121
2025-08-04,Gazole,1.663,121
2025-08-05,Gazole,1.6593,121
2025-08-06,Gazole,1.656,121
2025-08-07,Gazole,1.6526,121
2025-08-08,Gazole,1.6494,121
2025-08-09,Gazole,1.6476,121
2025-08-10,Gazole,1.6476,121
2025-08-11,Gazole,1.6452,121
2025-08-12,Gazole,1.6424,121
2025-08-13,Gazole,1.6409,121
2025-08-14,Gazole,1.6375,121
2025-08-15,Gazole,1.6344,121
2025-08-16,Gazole,1.6342,121
2025-08-17,Gazole,1.6342,121
2025-08-18,Gazole,1.6318,121
2025-08-19,Gazole,1.6296,121
2025-08-20,Gazole,1.6265,121
2025-08-21,Gazole,1.627,121
2025-08-22,Gazole,1.6305,121
2025-08-23,Gazole,1.6332,121
2025-08-24,Gazole,1.6336,121
2025-08-25,Gazole,1.6358,122
2025-08-26,Gazole,1.6378,122
2025-08-27,Gazole,1.6373,122
2025-08-28,Gazole,1.6358,122
2025-08-29,Gazole,1.6329,122
2025-08-30,Gazole,1.6322,122
2025-08-31,Gazole,1.6334,122
2025-09-01,Gazole,1.6348,122
2025-09-02,Gazole,1.6369,122
2025-09-03,Gazole,1.6423,122
2025-09-04,Gazole,1.6464,122
2025-09-05,Gazole,1.6403,122
2025-09-06,Gazole,1.6429,122
2025-09-07,Gazole,1.6455,122
2025-09-08,Gazole,1.6484,122
2025-09-09,Gazole,1.6485,122
2025-09-10,Gazole,1.65,122
2025-09-11,Gazole,1.6501,122
2025-09-12,Gazole,1.6507,122
2025-09-13,Gazole,1.6509,122
2025-09-14,Gazole,1.6509,122
2025-09-15,Gazole,1.6514,122
2025-09-16,Gazole,1.6522,122
2025-09-17,Gazole,1.6543,122
2025-09-18,Gazole,1.656,122
2025-09-19,Gazole,1.6562,122
2025-09-20,Gazole,1.656,122
2025-09-21,Gazole,1.656,122
2025-09-22,Gazole,1.6556,122
2025-09-23,Gazole,1.6532,122
2025-09-24,Gazole,1.6523,122
2025-09-25,Gazole,1.6547,122
2025-09-26,Gazole,1.6588,122
2025-09-27,Gazole,1.6618,122
2025-09-28,Gazole,1.6618,122
2025-09-29,Gazole,1.6647,122
2025-09-30,Gazole,1.6674,122
2025-10-01,Gazole,1.6661,122
2025-10-02,Gazole,1.6619,122
2025-10-03,Gazole,1.6553,122
2025-10-04,Gazole,1.651,122
2025-10-05,Gazole,1.6511,122
2025-10-06,Gazole,1.6496,122
2025-10-07,Gazole,1.644,122
2025-10-08,Gazole,1.6416,122
2025-10-09,Gazole,1.6421,122
2025-10-10,Gazole,1.6438,122
2025-10-11,Gazole,1.6414,122
2025-10-12,Gazole,1.6414,122
2025-10-13,Gazole,1.6413,122
2025-10-14,Gazole,1.6406,122
2025-10-15,Gazole,1.6393,122
2025-10-16,Gazole,1.636,122
2025-10-17,Gazole,1.6192,122
2025-10-18,Gazole,1.6212,122
2025-10-19,Gazole,1.6226,122
2025-10-20,Gazole,1.619,122
2025-10-21,Gazole,1.617,122
2025-10-22,Gazole,1.6149,122
2025-10-23,Gazole,1.6169,122
2025-10-24,Gazole,1.6361,122
2025-10-25,Gazole,1.6403,122
2025-10-26,Gazole,1.6412,122
2025-10-27,Gazole,1.6527,122
2025-10-28,Gazole,1.6656,122
2025-10-29,Gazole,1.6733,122
2025-10-30,Gazole,1.6741,122
2025-10-31,Gazole,1.6777,122
2025-11-01,Gazole,1.6803,122
2025-11-02,Gazole,1.6803,122
2025-11-03,Gazole,1.6815,122
2025-11-04,Gazole,1.6832,122
2025-11-05,Gazole,1.6899,122
2025-11-06,Gazole,1.6979,122
2025-11-07,Gazole,1.7103,122
2025-11-08,Gazole,1.7179,122
2025-11-09,Gazole,1.7181,122
2025-11-10,Gazole,1.722,122
2025-11-11,Gazole,1.7228,122
2025-11-12,Gazole,1.7229,122
2025-11-13,Gazole,1.7262,122
2025-11-14,Gazole,1.722,122
2025-11-15,Gazole,1.725,122
2025-11-16,Gazole,1.725,122
2025-11-17,Gazole,1.7245,122
2025-11-18,Gazole,1.7265,122
2025-11-19,Gazole,1.7395,122
2025-11-20,Gazole,1.744,122
2025-11-21,Gazole,1.7455,122
2025-11-22,Gazole,1.7394,122
2025-11-23,Gazole,1.7394,122
2025-11-24,Gazole,1.7363,122
2025-11-25,Gazole,1.7268,122
2025-11-26,Gazole,1.7173,122
2025-11-27,Gazole,1.7059,122
2025-11-28,Gazole,1.6957,122
2025-11-29,Gazole,1.6927,122
2025-11-30,Gazole,1.6922,122
2025-12-01,Gazole,1.6899,122
2025-12-02,Gazole,1.6847,122
2025-12-03,Gazole,1.6798,122
2025-12-04,Gazole,1.6727,122
2025-12-05,Gazole,1.6635,122
2025-12-06,Gazole,1.6627,122
2025-12-07,Gazole,1.6627,122
2025-12-08,Gazole,1.6609,122
2025-12-09,Gazole,1.6576,122
2025-12-10,Gazole,1.654,122
2025-12-11,Gazole,1.6495,122
2025-12-12,Gazole,1.6386,122
2025-12-13,Gazole,1.6357,122
2025-12-14,Gazole,1.6356,122
2025-12-15,Gazole,1.6309,122
2025-12-16,Gazole,1.6225,122
2025-12-17,Gazole,1.6173,122
2025-12-18,Gazole,1.6128,122
2025-12-19,Gazole,1.5978,122
2025-12-20,Gazole,1.6005,122
2025-12-21,Gazole,1.6032,122
2025-12-22,Gazole,1.6042,122
2025-12-23,Gazole,1.6036,122
2025-12-24,Gazole,1.6026,122
2025-12-25,Gazole,1.604,122
2025-12-26,Gazole,1.6052,122
2025-12-27,Gazole,1.6068,122
2025-12-28,Gazole,1.6068,122
2025-12-29,Gazole,1.6071,122
2025-12-30,Gazole,1.608,122
2025-12-31,Gazole,1.6126,122
2026-01-01,Gazole,1.622,122
2026-01-02,Gazole,1.6449,122
2026-01-03,Gazole,1.6506,122
2026-01-04,Gazole,1.651,122
2026-01-05,Gazole,1.6528,122
2026-01-06,Gazole,1.6558,122
2026-01-07,Gazole,1.6573,122
2026-01-08,Gazole,1.6582,122
2026-01-09,Gazole,1.658,122
2026-01-10,Gazole,1.6579,122
2026-01-11,Gazole,1.6579,122
2026-01-12,Gazole,1.6586,122
2026-01-13,Gazole,1.6613,122
2026-01-14,Gazole,1.6693,122
2026-01-15,Gazole,1.6778,122
2026-01-16,Gazole,1.6814,122
2026-01-17,Gazole,1.6835,122
2026-01-18,Gazole,1.6838,122
2026-01-19,Gazole,1.6842,122
2026-01-20,Gazole,1.6876,122
2026-01-21,Gazole,1.6895,122
2026-01-22,Gazole,1.6958,122
2026-01-23,Gazole,1.6955,122
2026-01-24,Gazole,1.6959,122
2026-01-25,Gazole,1.696,122
2026-01-26,Gazole,1.696,122
2026-01-27,Gazole,1.696,122
2026-01-28,Gazole,1.695,122
2026-01-29,Gazole,1.698,122
2026-01-30,Gazole,1.7029,122
2026-01-31,Gazole,1.7086,120
2026-02-01,Gazole,1.7088,120
2026-02-02,Gazole,1.7128,120
2026-02-03,Gazole,1.7172,120
2026-02-04,Gazole,1.7169,120
2026-02-05,Gazole,1.7146,120
2026-02-06,Gazole,1.7138,120
2026-02-07,Gazole,1.7126,120
2026-02-08,Gazole,1.7124,120
2026-02-09,Gazole,1.7127,120
2026-02-10,Gazole,1.7134,120
2026-02-11,Gazole,1.7132,120
2026-02-12,Gazole,1.7143,120
2026-02-13,Gazole,1.7145,120
2026-02-14,Gazole,1.7125,120
2026-02-15,Gazole,1.7125,120
2026-02-16,Gazole,1.7104,120
2026-02-17,Gazole,1.7093,120
2026-02-18,Gazole,1.7101,120
2026-02-19,Gazole,1.7114,120
2026-02-20,Gazole,1.7151,120
2026-02-21,Gazole,1.7191,120
2026-02-22,Gazole,1.7214,120
2026-02-23,Gazole,1.7305,120
2026-02-24,Gazole,1.7359,120
2026-02-25,Gazole,1.7385,120
2026-02-26,Gazole,1.7402,120
2026-02-27,Gazole,1.7424,120
2026-02-28,Gazole,1.7431,120
2026-03-01,Gazole,1.7431,120
2026-03-02,Gazole,1.7615,120
2026-03-03,Gazole,1.8381,120
2026-03-04,Gazole,1.9228,120
2026-03-05,Gazole,1.9513,120
2026-03-06,Gazole,1.9901,120
2026-03-07,Gazole,1.9987,120
2026-03-08,Gazole,2.0,120
2026-03-09,Gazole,2.0318,120
2026-03-10,Gazole,2.0493,120
2026-03-11,Gazole,2.046,120
2026-03-12,Gazole,2.0509,121
2026-03-13,Gazole,2.0626,121
2026-03-14,Gazole,2.0646,121
2026-03-15,Gazole,2.0653,121
2026-03-16,Gazole,2.0749,121
2026-03-17,Gazole,2.0982,121
2026-03-18,Gazole,2.106,121
2026-03-19,Gazole,2.1238,121
2026-03-20,Gazole,2.155,121
2026-03-21,Gazole,2.1675,121
2026-03-22,Gazole,2.1703,121
2026-03-23,Gazole,2.1997,121
2026-03-24,Gazole,2.2094,121
2026-03-25,Gazole,2.2109,121
2026-03-26,Gazole,2.2094,121
2026-03-27,Gazole,2.204,121
2026-03-28,Gazole,2.2146,121
2026-03-29,Gazole,2.2156,121
2026-03-30,Gazole,2.2265,121
2026-03-31,Gazole,2.236,121
2026-04-01,Gazole,2.2491,121
2026-04-02,Gazole,2.2703,121
2026-04-03,Gazole,2.3036,121
2026-04-04,Gazole,2.3115,121
2026-04-05,Gazole,2.3125,121
2026-04-06,Gazole,2.3126,121
2026-04-07,Gazole,2.3537,121
2026-04-08,Gazole,2.389,121
2026-04-09,Gazole,2.3737,121
2026-04-10,Gazole,2.3564,121
2026-04-11,Gazole,2.3453,121
2026-04-12,Gazole,2.3457,121
2026-04-13,Gazole,2.3337,121
2026-04-14,Gazole,2.3324,121
2026-04-15,Gazole,2.311,121
2026-04-16,Gazole,2.302,121
2026-04-17,Gazole,2.2824,121
2026-04-18,Gazole,2.2566,121
2026-04-19,Gazole,2.2565,121
2026-04-20,Gazole,2.2469,121
2026-04-21,Gazole,2.2422,121
2026-04-22,Gazole,2.2362,122
2026-04-23,Gazole,2.2438,122
2026-04-24,Gazole,2.2372,123
2026-04-25,Gazole,2.2347,123
2026-04-26,Gazole,2.2347,123
2026-04-27,Gazole,2.2325,123
2026-04-28,Gazole,2.2356,123
2026-04-29,Gazole,2.2281,123
2026-04-30,Gazole,2.2339,123
2026-05-01,Gazole,2.2053,123
2026-05-02,Gazole,2.2008,123
2026-05-03,Gazole,2.2008,123
2026-05-04,Gazole,2.2365,123
2026-05-05,Gazole,2.2333,123
2026-05-06,Gazole,2.2281,123
2026-05-07,Gazole,2.1903,123
2026-05-08,Gazole,2.1713,123
2026-05-09,Gazole,2.1776,123
2026-05-10,Gazole,2.1769,123
2026-05-11,Gazole,2.1625,123
2026-05-12,Gazole,2.1572,123
2026-05-13,Gazole,2.1593,123
2026-05-14,Gazole,2.1448,123
2026-05-15,Gazole,2.144,123
2026-05-16,Gazole,2.1447,123
2026-05-17,Gazole,2.1458,123
2026-05-18,Gazole,2.1708,123
2026-05-19,Gazole,2.1785,123
2026-05-20,Gazole,2.1772,123
2026-05-21,Gazole,2.163,123
2026-05-22,Gazole,2.1488,123
2026-05-23,Gazole,2.1476,123
2026-05-24,Gazole,2.1393,123
2026-05-25,Gazole,2.1382,123
2026-05-26,Gazole,2.1353,123
2026-05-27,Gazole,2.1151,123
2026-05-28,Gazole,2.092,123
2026-05-29,Gazole,2.0656,123
2026-05-30,Gazole,2.0864,123
2026-05-31,Gazole,2.0865,123
2026-06-01,Gazole,2.0552,123
2026-06-02,Gazole,2.0502,123
2026-06-03,Gazole,2.0427,123
2026-06-04,Gazole,2.0594,123
2026-06-05,Gazole,2.0524,123
2026-06-06,Gazole,2.0489,123
2026-06-07,Gazole,2.0486,123
2026-06-08,Gazole,2.0457,124
2026-06-09,Gazole,2.0483,124
2026-06-10,Gazole,2.0316,124
2026-06-11,Gazole,2.0327,124
2026-06-12,Gazole,2.0289,124
2026-06-13,Gazole,2.0138,124
2026-06-14,Gazole,2.0138,124
2026-06-15,Gazole,2.0074,124
2026-06-16,Gazole,1.9804,124
2026-06-17,Gazole,1.9567,124
2026-06-18,Gazole,1.9408,124
2026-06-19,Gazole,1.9164,124
2026-06-20,Gazole,1.922,124
2026-06-21,Gazole,1.9213,124
2026-06-22,Gazole,1.9151,124
2026-06-23,Gazole,1.9093,124
2026-06-24,Gazole,1.9034,124
2026-06-25,Gazole,1.897,124
2026-06-26,Gazole,1.9022,124
2026-06-27,Gazole,1.8932,124
2026-06-28,Gazole,1.8934,124
2026-06-29,Gazole,1.8959,124
2026-06-30,Gazole,1.9033,124
2026-07-01,Gazole,1.9125,124
2026-07-02,Gazole,1.9146,124
2026-07-03,Gazole,1.9112,124
2026-07-04,Gazole,1.9119,124
2026-07-05,Gazole,1.9143,124
2026-07-06,Gazole,1.9213,124
2026-07-07,Gazole,1.9301,124
2026-07-08,Gazole,1.9378,124
2026-07-09,Gazole,1.9566,124
2026-07-10,Gazole,1.9934,124
2026-07-11,Gazole,2.0069,124
2026-07-12,Gazole,2.0079,124
2026-07-13,Gazole,2.0112,124
2026-07-14,Gazole,2.0232,124
2026-07-15,Gazole,2.0431,124
2026-07-16,Gazole,2.0805,124
2026-07-17,Gazole,2.1163,124
2026-07-18,Gazole,2.1382,124
2026-07-19,Gazole,2.1401,124
2026-07-20,Gazole,2.1543,124
2026-07-21,Gazole,2.1713,124
2026-07-22,Gazole,2.1754,124
2026-07-23,Gazole,2.1886,124
2026-07-24,Gazole,2.2063,124
2026-07-25,Gazole,2.2122,124
2026-07-26,Gazole,2.2129,124
2026-07-27,Gazole,2.2198,124
2026-07-28,Gazole,2.2202,124
2026-07-29,Gazole,2.2233,124
2026-07-30,Gazole,2.2378,124
2026-07-31,Gazole,2.2519,124
2026-08-01,Gazole,2.2577,124
2026-08-02,Gazole,2.2581,124
2026-08-03,Gazole,2.2635,124
2026-08-04,Gazole,2.2573,124
2026-08-05,Gazole,2.2481,124
2026-08-06,Gazole,2.2282,124
2026-08-07,Gazole,2.2154,124
2026-08-08,Gazole,2.2099,124
2026-08-09,Gazole,2.2082,124
2026-08-10,Gazole,2.2052,124
2026-08-11,Gazole,2.2128,124
2026-08-12,Gazole,2.2199,124
2026-08-13,Gazole,2.2262,124
2026-08-14,Gazole,2.2307,124
2026-08-15,Gazole,2.2289,124
2026-08-16,Gazole,2.2293,124
2026-08-17,Gazole,2.2397,124
2026-08-18,Gazole,2.2474,124
2026-08-19,Gazole,2.2608,124
2026-08-20,Gazole,2.2688,124
2026-08-21,Gazole,2.2736,124
2026-08-22,Gazole,2.2755,124
2026-08-23,Gazole,2.2755,124
2026-08-24,Gazole,2.277,124
2026-08-25,Gazole,2.2751,124
2026-08-26,Gazole,2.2681,124
2026-08-27,Gazole,2.2587,124
2026-08-28,Gazole,2.2471,124
2026-08-29,Gazole,2.2407,124
2026-08-30,Gazole,2.2407,124
2026-08-31,Gazole,2.2413,124
2026-09-01,Gazole,2.2482,124
2026-09-02,Gazole,2.2633,124
2026-09-03,Gazole,2.2815,124
2026-09-04,Gazole,2.2956,124
2026-09-05,Gazole,2.2963,124
2026-09-06,Gazole,2.2963,124
2026-09-07,Gazole,2.3043,124
2026-09-08,Gazole,2.3112,124
2026-09-09,Gazole,2.3152,124
2026-09-10,Gazole,2.3218,124
2026-09-11,Gazole,2.3286,124
2026-09-12,Gazole,2.3373,123
2026-09-13,Gazole,2.3382,123
2026-09-14,Gazole,2.3527,123
2026-09-15,Gazole,2.3686,123
2026-09-16,Gazole,2.3857,123
2026-09-17,Gazole,2.3977,123
2026-09-18,Gazole,2.4082,123
2026-09-19,Gazole,2.4082,123
2025-01-01,SP95,1.8167,3
2025-01-02,SP95,1.802,11
2025-01-03,SP95,1.7997,16
2025-01-04,SP95,1.7997,16
2025-01-05,SP95,1.8006,16
2025-01-06,SP95,1.8151,26
2025-01-07,SP95,1.8164,28
2025-01-08,SP95,1.8148,28
2025-01-09,SP95,1.8189,30
2025-01-10,SP95,1.8171,30
2025-01-11,SP95,1.8149,30
2025-01-12,SP95,1.8151,30
2025-01-13,SP95,1.8179,30
2025-01-14,SP95,1.8269,30
2025-01-15,SP95,1.8318,30
2025-01-16,SP95,1.8373,30
2025-01-17,SP95,1.8443,30
2025-01-18,SP95,1.8452,30
2025-01-19,SP95,1.8449,30
2025-01-20,SP95,1.8457,30
2025-01-21,SP95,1.8489,30
2025-01-22,SP95,1.8483,30
2025-01-23,SP95,1.8479,30
2025-01-24,SP95,1.8453,30
2025-01-25,SP95,1.8434,30
2025-01-26,SP95,1.8434,30
2025-01-27,SP95,1.8402,30
2025-01-28,SP95,1.8376,30
2025-01-29,SP95,1.8322,30
2025-01-30,SP95,1.8307,30
2025-01-31,SP95,1.8277,30
2025-02-01,SP95,1.8277,30
2025-02-02,SP95,1.8278,30
2025-02-03,SP95,1.8281,30
2025-02-04,SP95,1.828,30
2025-02-05,SP95,1.8296,30
2025-02-06,SP95,1.8285,30
2025-02-07,SP95,1.8256,30
2025-02-08,SP95,1.825,30
2025-02-09,SP95,1.8253,30
2025-02-10,SP95,1.8264,30
2025-02-11,SP95,1.8277,30
2025-02-12,SP95,1.8313,30
2025-02-13,SP95,1.8331,30
2025-02-14,SP95,1.8338,30
2025-02-15,SP95,1.8338,30
2025-02-16,SP95,1.8336,30
2025-02-17,SP95,1.8297,30
2025-02-18,SP95,1.8279,30
2025-02-19,SP95,1.8262,30
2025-02-20,SP95,1.8276,30
2025-02-21,SP95,1.8171,30
2025-02-22,SP95,1.8223,30
2025-02-23,SP95,1.8222,30
2025-02-24,SP95,1.8256,30
2025-02-25,SP95,1.8236,30
2025-02-26,SP95,1.8176,30
2025-02-27,SP95,1.8131,30
2025-02-28,SP95,1.8087,30
2025-03-01,SP95,1.8087,30
2025-03-02,SP95,1.8088,30
2025-03-03,SP95,1.8057,30
2025-03-04,SP95,1.8034,30
2025-03-05,SP95,1.799,30
2025-03-06,SP95,1.7859,30
2025-03-07,SP95,1.775,30
2025-03-08,SP95,1.7691,30
2025-03-09,SP95,1.7691,30
2025-03-10,SP95,1.7586,30
2025-03-11,SP95,1.755,30
2025-03-12,SP95,1.7515,30
2025-03-13,SP95,1.7493,30
2025-03-14,SP95,1.7512,30
2025-03-15,SP95,1.7522,30
2025-03-16,SP95,1.7523,30
2025-03-17,SP95,1.754,30
2025-03-18,SP95,1.7551,30
2025-03-19,SP95,1.7562,30
2025-03-20,SP95,1.7588,30
2025-03-21,SP95,1.7606,30
2025-03-22,SP95,1.7599,30
2025-03-23,SP95,1.7602,30
2025-03-24,SP95,1.7619,30
2025-03-25,SP95,1.7643,30
2025-03-26,SP95,1.7657,30
2025-03-27,SP95,1.7733,30
2025-03-28,SP95,1.7799,30
2025-03-29,SP95,1.7804,30
2025-03-30,SP95,1.7803,30
2025-03-31,SP95,1.7845,30
2025-04-01,SP95,1.7859,30
2025-04-02,SP95,1.7912,30
2025-04-03,SP95,1.7907,30
2025-04-04,SP95,1.7889,30
2025-04-05,SP95,1.7899,30
2025-04-06,SP95,1.7899,30
2025-04-07,SP95,1.7747,30
2025-04-08,SP95,1.7621,30
2025-04-09,SP95,1.7512,30
2025-04-10,SP95,1.7446,30
2025-04-11,SP95,1.7341,30
2025-04-12,SP95,1.7315,30
2025-04-13,SP95,1.7315,30
2025-04-14,SP95,1.7244,30
2025-04-15,SP95,1.723,30
2025-04-16,SP95,1.7214,30
2025-04-17,SP95,1.7167,30
2025-04-18,SP95,1.6959,30
2025-04-19,SP95,1.6989,30
2025-04-20,SP95,1.7009,30
2025-04-21,SP95,1.7082,30
2025-04-22,SP95,1.7121,30
2025-04-23,SP95,1.7158,30
2025-04-24,SP95,1.7167,30
2025-04-25,SP95,1.715,30
2025-04-26,SP95,1.7154,30
2025-04-27,SP95,1.7156,30
2025-04-28,SP95,1.7158,30
2025-04-29,SP95,1.714,30
2025-04-30,SP95,1.7137,30
2025-05-01,SP95,1.7135,30
2025-05-02,SP95,1.7102,30
2025-05-03,SP95,1.7096,30
2025-05-04,SP95,1.709,30
2025-05-05,SP95,1.7048,30
2025-05-06,SP95,1.7026,30
2025-05-07,SP95,1.7007,30
2025-05-08,SP95,1.7012,30
2025-05-09,SP95,1.7021,30
2025-05-10,SP95,1.7032,30
2025-05-11,SP95,1.7033,30
2025-05-12,SP95,1.7087,30
2025-05-13,SP95,1.7159,30
2025-05-14,SP95,1.7197,30
2025-05-15,SP95,1.7249,30
2025-05-16,SP95,1.7292,30
2025-05-17,SP95,1.7285,30
2025-05-18,SP95,1.7282,30
2025-05-19,SP95,1.7276,30
2025-05-20,SP95,1.7287,30
2025-05-21,SP95,1.7281,30
2025-05-22,SP95,1.7292,30
2025-05-23,SP95,1.7325,30
2025-05-24,SP95,1.7315,30
2025-05-25,SP95,1.7314,30
2025-05-26,SP95,1.7309,30
2025-05-27,SP95,1.732,30
2025-05-28,SP95,1.7311,30
2025-05-29,SP95,1.7308,30
2025-05-30,SP95,1.7294,30
2025-05-31,SP95,1.7301,30
2025-06-01,SP95,1.7302,30
2025-06-02,SP95,1.7278,30
2025-06-03,SP95,1.7289,30
2025-06-04,SP95,1.7299,30
2025-06-05,SP95,1.7302,30
2025-06-06,SP95,1.7288,30
2025-06-07,SP95,1.7291,30
2025-06-08,SP95,1.7291,30
2025-06-09,SP95,1.7291,30
2025-06-10,SP95,1.7294,30
2025-06-11,SP95,1.7323,30
2025-06-12,SP95,1.7346,30
2025-06-13,SP95,1.7475,30
2025-06-14,SP95,1.7534,30
2025-06-15,SP95,1.7532,30
2025-06-16,SP95,1.7518,31
2025-06-17,SP95,1.7558,31
2025-06-18,SP95,1.7577,31
2025-06-19,SP95,1.7672,31
2025-06-20,SP95,1.7782,31
2025-06-21,SP95,1.7809,31
2025-06-22,SP95,1.7836,31
2025-06-23,SP95,1.7842,31
2025-06-24,SP95,1.7831,31
2025-06-25,SP95,1.7736,31
2025-06-26,SP95,1.7719,31
2025-06-27,SP95,1.763,31
2025-06-28,SP95,1.7614,31
2025-06-29,SP95,1.7613,31
2025-06-30,SP95,1.7528,31
2025-07-01,SP95,1.7458,31
2025-07-02,SP95,1.7403,31
2025-07-03,SP95,1.7362,30
2025-07-04,SP95,1.7192,30
2025-07-05,SP95,1.7257,30
2025-07-06,SP95,1.7287,30
2025-07-07,SP95,1.7335,30
2025-07-08,SP95,1.7347,30
2025-07-09,SP95,1.7384,30
2025-07-10,SP95,1.7413,30
2025-07-11,SP95,1.7442,30
2025-07-12,SP95,1.7443,30
2025-07-13,SP95,1.7443,30
2025-07-14,SP95,1.7439,30
2025-07-15,SP95,1.7406,30
2025-07-16,SP95,1.7395,30
2025-07-17,SP95,1.7406,30
2025-07-18,SP95,1.7416,30
2025-07-19,SP95,1.7429,30
2025-07-20,SP95,1.7435,30
2025-07-21,SP95,1.7463,30
2025-07-22,SP95,1.7457,30
2025-07-23,SP95,1.7447,30
2025-07-24,SP95,1.7422,30
2025-07-25,SP95,1.7386,30
2025-07-26,SP95,1.7382,30
2025-07-27,SP95,1.7382,30
2025-07-28,SP95,1.7384,30
2025-07-29,SP95,1.7381,30
2025-07-30,SP95,1.7378,30
2025-07-31,SP95,1.7399,30
2025-08-01,SP95,1.7369,30
2025-08-02,SP95,1.742,30
2025-08-03,SP95,1.7436,30
2025-08-04,SP95,1.7451,30
2025-08-05,SP95,1.7449,30
2025-08-06,SP95,1.7446,30
2025-08-07,SP95,1.7456,30
2025-08-08,SP95,1.7454,30
2025-08-09,SP95,1.7448,30
2025-08-10,SP95,1.7447,30
2025-08-11,SP95,1.7421,30
2025-08-12,SP95,1.7416,30
2025-08-13,SP95,1.7408,30
2025-08-14,SP95,1.7388,30
2025-08-15,SP95,1.7388,30
2025-08-16,SP95,1.7383,30
2025-08-17,SP95,1.7383,30
2025-08-18,SP95,1.7367,30
2025-08-19,SP95,1.7365,30
2025-08-20,SP95,1.7357,30
2025-08-21,SP95,1.735,30
2025-08-22,SP95,1.735,30
2025-08-23,SP95,1.7359,30
2025-08-24,SP95,1.7374,30
2025-08-25,SP95,1.7417,30
2025-08-26,SP95,1.7444,30
2025-08-27,SP95,1.747,31
2025-08-28,SP95,1.7429,31
2025-08-29,SP95,1.7358,31
2025-08-30,SP95,1.7369,31
2025-08-31,SP95,1.7409,31
2025-09-01,SP95,1.7464,31
2025-09-02,SP95,1.7505,31
2025-09-03,SP95,1.7533,31
2025-09-04,SP95,1.7539,31
2025-09-05,SP95,1.7465,31
2025-09-06,SP95,1.7502,31
2025-09-07,SP95,1.7541,31
2025-09-08,SP95,1.7604,31
2025-09-09,SP95,1.7599,31
2025-09-10,SP95,1.7603,31
2025-09-11,SP95,1.7604,31
2025-09-12,SP95,1.7639,31
2025-09-13,SP95,1.7639,31
2025-09-14,SP95,1.7636,31
2025-09-15,SP95,1.763,31
2025-09-16,SP95,1.7633,31
2025-09-17,SP95,1.7644,31
2025-09-18,SP95,1.7638,31
2025-09-19,SP95,1.7596,31
2025-09-20,SP95,1.759,31
2025-09-21,SP95,1.7588,31
2025-09-22,SP95,1.7566,31
2025-09-23,SP95,1.7554,31
2025-09-24,SP95,1.7552,31
2025-09-25,SP95,1.7563,31
2025-09-26,SP95,1.7585,31
2025-09-27,SP95,1.7583,31
2025-09-28,SP95,1.7583,31
2025-09-29,SP95,1.7601,31
2025-09-30,SP95,1.763,31
2025-10-01,SP95,1.7617,31
2025-10-02,SP95,1.7539,31
2025-10-03,SP95,1.7455,31
2025-10-04,SP95,1.743,31
2025-10-05,SP95,1.743,31
2025-10-06,SP95,1.7385,31
2025-10-07,SP95,1.7363,31
2025-10-08,SP95,1.7364,31
2025-10-09,SP95,1.7391,31
2025-10-10,SP95,1.7385,31
2025-10-11,SP95,1.7385,31
2025-10-12,SP95,1.7385,31
2025-10-13,SP95,1.7365,31
2025-10-14,SP95,1.7315,31
2025-10-15,SP95,1.7311,31
2025-10-16,SP95,1.7254,31
2025-10-17,SP95,1.7029,31
2025-10-18,SP95,1.7112,31
2025-10-19,SP95,1.7146,31
2025-10-20,SP95,1.7227,31
2025-10-21,SP95,1.7253,31
2025-10-22,SP95,1.7233,31
2025-10-23,SP95,1.7249,31
2025-10-24,SP95,1.7304,31
2025-10-25,SP95,1.732,31
2025-10-26,SP95,1.7328,31
2025-10-27,SP95,1.7417,31
2025-10-28,SP95,1.7505,31
2025-10-29,SP95,1.7534,31
2025-10-30,SP95,1.7527,31
2025-10-31,SP95,1.7528,31
2025-11-01,SP95,1.7528,31
2025-11-02,SP95,1.7528,31
2025-11-03,SP95,1.7515,31
2025-11-04,SP95,1.7517,31
2025-11-05,SP95,1.7512,31
2025-11-06,SP95,1.7562,31
2025-11-07,SP95,1.7623,31
2025-11-08,SP95,1.7638,31
2025-11-09,SP95,1.7637,31
2025-11-10,SP95,1.7644,31
2025-11-11,SP95,1.7646,31
2025-11-12,SP95,1.7654,31
2025-11-13,SP95,1.7706,31
2025-11-14,SP95,1.775,31
2025-11-15,SP95,1.7763,31
2025-11-16,SP95,1.7764,31
2025-11-17,SP95,1.7766,31
2025-11-18,SP95,1.7785,31
2025-11-19,SP95,1.7784,31
2025-11-20,SP95,1.7814,31
2025-11-21,SP95,1.7819,31
2025-11-22,SP95,1.7816,31
2025-11-23,SP95,1.7816,31
2025-11-24,SP95,1.7766,31
2025-11-25,SP95,1.7729,31
2025-11-26,SP95,1.7716,31
2025-11-27,SP95,1.7701,31
2025-11-28,SP95,1.7703,31
2025-11-29,SP95,1.7702,31
2025-11-30,SP95,1.7706,31
2025-12-01,SP95,1.773,31
2025-12-02,SP95,1.7745,31
2025-12-03,SP95,1.7745,31
2025-12-04,SP95,1.7744,31
2025-12-05,SP95,1.7731,31
2025-12-06,SP95,1.7729,31
2025-12-07,SP95,1.7729,31
2025-12-08,SP95,1.7718,31
2025-12-09,SP95,1.7711,31
2025-12-10,SP95,1.7675,31
2025-12-11,SP95,1.764,31
2025-12-12,SP95,1.7581,31
2025-12-13,SP95,1.7565,31
2025-12-14,SP95,1.7565,31
2025-12-15,SP95,1.7518,31
2025-12-16,SP95,1.7425,31
2025-12-17,SP95,1.7337,31
2025-12-18,SP95,1.7199,31
2025-12-19,SP95,1.6915,31
2025-12-20,SP95,1.703,31
2025-12-21,SP95,1.7088,31
2025-12-22,SP95,1.7118,31
2025-12-23,SP95,1.7089,31
2025-12-24,SP95,1.7072,31
2025-12-25,SP95,1.7082,31
2025-12-26,SP95,1.7082,31
2025-12-27,SP95,1.7082,31
2025-12-28,SP95,1.7083,31
2025-12-29,SP95,1.7115,31
2025-12-30,SP95,1.7127,31
2025-12-31,SP95,1.7154,31
2026-01-01,SP95,1.717,31
2026-01-02,SP95,1.735,31
2026-01-03,SP95,1.7389,31
2026-01-04,SP95,1.7389,31
2026-01-05,SP95,1.7482,31
2026-01-06,SP95,1.7489,31
2026-01-07,SP95,1.7506,31
2026-01-08,SP95,1.752,31
2026-01-09,SP95,1.7536,31
2026-01-10,SP95,1.7539,31
2026-01-11,SP95,1.7539,31
2026-01-12,SP95,1.7565,31
2026-01-13,SP95,1.7605,31
2026-01-14,SP95,1.7659,31
2026-01-15,SP95,1.7688,31
2026-01-16,SP95,1.7705,31
2026-01-17,SP95,1.7724,31
2026-01-18,SP95,1.7719,31
2026-01-19,SP95,1.7719,31
2026-01-20,SP95,1.7723,31
2026-01-21,SP95,1.7718,31
2026-01-22,SP95,1.7727,31
2026-01-23,SP95,1.7737,31
2026-01-24,SP95,1.7743,31
2026-01-25,SP95,1.7743,31
2026-01-26,SP95,1.7745,31
2026-01-27,SP95,1.7751,31
2026-01-28,SP95,1.7739,31
2026-01-29,SP95,1.7752,31
2026-01-30,SP95,1.7768,31
2026-01-31,SP95,1.777,31
2026-02-01,SP95,1.7776,31
2026-02-02,SP95,1.7804,31
2026-02-03,SP95,1.7806,31
2026-02-04,SP95,1.7803,31
2026-02-05,SP95,1.7804,31
2026-02-06,SP95,1.7822,31
2026-02-07,SP95,1.7825,31
2026-02-08,SP95,1.7825,31
2026-02-09,SP95,1.7837,31
2026-02-10,SP95,1.7872,31
2026-02-11,SP95,1.7887,31
2026-02-12,SP95,1.7894,31
2026-02-13,SP95,1.7896,31
2026-02-14,SP95,1.7895,31
2026-02-15,SP95,1.7889,31
2026-02-16,SP95,1.7864,31
2026-02-17,SP95,1.7865,31
2026-02-18,SP95,1.7855,31
2026-02-19,SP95,1.7833,31
2026-02-20,SP95,1.7691,31
2026-02-21,SP95,1.7753,31
2026-02-22,SP95,1.7787,31
2026-02-23,SP95,1.794,31
2026-02-24,SP95,1.7985,31
2026-02-25,SP95,1.7997,31
2026-02-26,SP95,1.8,31
2026-02-27,SP95,1.8005,31
2026-02-28,SP95,1.8006,31
2026-03-01,SP95,1.8007,31
2026-03-02,SP95,1.8143,31
2026-03-03,SP95,1.8593,31
2026-03-04,SP95,1.8875,31
2026-03-05,SP95,1.8875,31
2026-03-06,SP95,1.9034,31
2026-03-07,SP95,1.9113,31
2026-03-08,SP95,1.9126,31
2026-03-09,SP95,1.9257,31
2026-03-10,SP95,1.9381,31
2026-03-11,SP95,1.9548,31
2026-03-12,SP95,1.958,32
2026-03-13,SP95,1.959,32
2026-03-14,SP95,1.9618,32
2026-03-15,SP95,1.9629,32
2026-03-16,SP95,1.9731,32
2026-03-17,SP95,1.9845,32
2026-03-18,SP95,1.9909,32
2026-03-19,SP95,2.0031,32
2026-03-20,SP95,2.018,32
2026-03-21,SP95,2.0306,32
2026-03-22,SP95,2.0324,32
2026-03-23,SP95,2.0472,32
2026-03-24,SP95,2.053,32
2026-03-25,SP95,2.0491,32
2026-03-26,SP95,2.0444,32
2026-03-27,SP95,2.034,32
2026-03-28,SP95,2.0304,32
2026-03-29,SP95,2.0318,32
2026-03-30,SP95,2.0386,32
2026-03-31,SP95,2.0475,32
2026-04-01,SP95,2.0621,32
2026-04-02,SP95,2.0661,32
2026-04-03,SP95,2.0744,32
2026-04-04,SP95,2.0759,32
2026-04-05,SP95,2.0759,32
2026-04-06,SP95,2.076,32
2026-04-07,SP95,2.0838,32
2026-04-08,SP95,2.0917,32
2026-04-09,SP95,2.0831,32
2026-04-10,SP95,2.0717,32
2026-04-11,SP95,2.0683,32
2026-04-12,SP95,2.0692,32
2026-04-13,SP95,2.0554,32
2026-04-14,SP95,2.0453,32
2026-04-15,SP95,2.0451,32
2026-04-16,SP95,2.0403,32
2026-04-17,SP95,2.0361,32
2026-04-18,SP95,2.0361,32
2026-04-19,SP95,2.0364,32
2026-04-20,SP95,2.0353,32
2026-04-21,SP95,2.0305,32
2026-04-22,SP95,2.0253,32
2026-04-23,SP95,2.0282,32
2026-04-24,SP95,2.0284,33
2026-04-25,SP95,2.0281,33
2026-04-26,SP95,2.0273,34
2026-04-27,SP95,2.0412,34
2026-04-28,SP95,2.0468,34
2026-04-29,SP95,2.0471,34
2026-04-30,SP95,2.0472,34
2026-05-01,SP95,2.0484,34
2026-05-02,SP95,2.053,34
2026-05-03,SP95,2.053,34
2026-05-04,SP95,2.0579,34
2026-05-05,SP95,2.0571,34
2026-05-06,SP95,2.0635,34
2026-05-07,SP95,2.0726,34
2026-05-08,SP95,2.0716,34
2026-05-09,SP95,2.0721,34
2026-05-10,SP95,2.0721,34
2026-05-11,SP95,2.0573,34
2026-05-12,SP95,2.0585,34
2026-05-13,SP95,2.0637,34
2026-05-14,SP95,2.0646,34
2026-05-15,SP95,2.0812,33
2026-05-16,SP95,2.0848,33
2026-05-17,SP95,2.084,33
2026-05-18,SP95,2.0875,33
2026-05-19,SP95,2.094,33
2026-05-20,SP95,2.0999,33
2026-05-21,SP95,2.1022,33
2026-05-22,SP95,2.0996,33
2026-05-23,SP95,2.0999,33
2026-05-24,SP95,2.0999,33
2026-05-25,SP95,2.0993,33
2026-05-26,SP95,2.0934,34
2026-05-27,SP95,2.0846,33
2026-05-28,SP95,2.0696,33
2026-05-29,SP95,2.0565,33
2026-05-30,SP95,2.0571,33
2026-05-31,SP95,2.0564,33
2026-06-01,SP95,2.0373,33
2026-06-02,SP95,2.0287,33
2026-06-03,SP95,2.0256,33
2026-06-04,SP95,2.0206,33
2026-06-05,SP95,2.019,33
2026-06-06,SP95,2.0163,33
2026-06-07,SP95,2.0155,33
2026-06-08,SP95,2.0098,33
2026-06-09,SP95,2.0108,33
2026-06-10,SP95,2.0081,33
2026-06-11,SP95,2.0025,33
2026-06-12,SP95,1.9982,33
2026-06-13,SP95,1.9968,33
2026-06-14,SP95,1.9971,33
2026-06-15,SP95,1.9957,33
2026-06-16,SP95,1.9784,33
2026-06-17,SP95,1.9695,33
2026-06-18,SP95,1.9597,33
2026-06-19,SP95,1.9435,33
2026-06-20,SP95,1.9418,33
2026-06-21,SP95,1.9418,33
2026-06-22,SP95,1.937,33
2026-06-23,SP95,1.9413,33
2026-06-24,SP95,1.941,33
2026-06-25,SP95,1.9329,33
2026-06-26,SP95,1.931,33
2026-06-27,SP95,1.9295,33
2026-06-28,SP95,1.9304,33
2026-06-29,SP95,1.9331,33
2026-06-30,SP95,1.9347,33
2026-07-01,SP95,1.9374,34
2026-07-02,SP95,1.9324,34
2026-07-03,SP95,1.923,34
2026-07-04,SP95,1.9247,34
2026-07-05,SP95,1.9275,34
2026-07-06,SP95,1.9318,34
2026-07-07,SP95,1.9315,34
2026-07-08,SP95,1.9381,34
2026-07-09,SP95,1.9379,34
2026-07-10,SP95,1.953,34
2026-07-11,SP95,1.958,34
2026-07-12,SP95,1.9576,34
2026-07-13,SP95,1.9601,35
2026-07-14,SP95,1.9599,35
2026-07-15,SP95,1.9664,35
2026-07-16,SP95,1.9772,35
2026-07-17,SP95,2.0009,35
2026-07-18,SP95,2.0099,35
2026-07-19,SP95,2.0116,35
2026-07-20,SP95,2.0239,35
2026-07-21,SP95,2.038,35
2026-07-22,SP95,2.0409,35
2026-07-23,SP95,2.0482,35
2026-07-24,SP95,2.063,34
2026-07-25,SP95,2.0662,34
2026-07-26,SP95,2.0667,34
2026-07-27,SP95,2.0688,34
2026-07-28,SP95,2.0658,34
2026-07-29,SP95,2.0612,34
2026-07-30,SP95,2.0625,34
2026-07-31,SP95,2.0654,34
2026-08-01,SP95,2.0685,33
2026-08-02,SP95,2.0676,33
2026-08-03,SP95,2.0602,33
2026-08-04,SP95,2.0575,33
2026-08-05,SP95,2.0478,33
2026-08-06,SP95,2.0338,33
2026-08-07,SP95,2.0256,33
2026-08-08,SP95,2.0244,33
2026-08-09,SP95,2.0251,33
2026-08-10,SP95,2.027,33
2026-08-11,SP95,2.0307,33
2026-08-12,SP95,2.0398,33
2026-08-13,SP95,2.0466,33
2026-08-14,SP95,2.0501,33
2026-08-15,SP95,2.0503,33
2026-08-16,SP95,2.0505,33
2026-08-17,SP95,2.0549,33
2026-08-18,SP95,2.0554,34
2026-08-19,SP95,2.0589,34
2026-08-20,SP95,2.0691,34
2026-08-21,SP95,2.0663,33
2026-08-22,SP95,2.0674,33
2026-08-23,SP95,2.0674,33
2026-08-24,SP95,2.0679,33
2026-08-25,SP95,2.0694,33
2026-08-26,SP95,2.0696,33
2026-08-27,SP95,2.0711,33
2026-08-28,SP95,2.0716,33
2026-08-29,SP95,2.0716,33
2026-08-30,SP95,2.072,33
2026-08-31,SP95,2.0763,33
2026-09-01,SP95,2.0877,33
2026-09-02,SP95,2.0991,33
2026-09-03,SP95,2.1,33
2026-09-04,SP95,2.1069,33
2026-09-05,SP95,2.1084,33
2026-09-06,SP95,2.108,33
2026-09-07,SP95,2.1086,33
2026-09-08,SP95,2.1103,33
2026-09-09,SP95,2.1187,33
2026-09-10,SP95,2.1348,33
2026-09-11,SP95,2.1409,33
2026-09-12,SP95,2.145,33
2026-09-13,SP95,2.1465,33
2026-09-14,SP95,2.1568,33
2026-09-15,SP95,2.178,33
2026-09-16,SP95,2.1951,33
2026-09-17,SP95,2.1988,33
2026-09-18,SP95,2.1962,33
2026-09-19,SP95,2.1962,33
2025-01-01,SP98,1.8919,53
2025-01-02,SP98,1.8848,68
2025-01-03,SP98,1.8909,85
2025-01-04,SP98,1.8918,87
2025-01-05,SP98,1.892,87
2025-01-06,SP98,1.8943,101
2025-01-07,SP98,1.8959,103
2025-01-08,SP98,1.8944,104
2025-01-09,SP98,1.8953,105
2025-01-10,SP98,1.8975,106
2025-01-11,SP98,1.9,106
2025-01-12,SP98,1.9001,106
2025-01-13,SP98,1.9003,107
2025-01-14,SP98,1.9061,107
2025-01-15,SP98,1.9114,107
2025-01-16,SP98,1.9172,107
2025-01-17,SP98,1.9219,108
2025-01-18,SP98,1.9243,108
2025-01-19,SP98,1.9244,108
2025-01-20,SP98,1.9248,108
2025-01-21,SP98,1.927,108
2025-01-22,SP98,1.9263,108
2025-01-23,SP98,1.926,108
2025-01-24,SP98,1.9229,108
2025-01-25,SP98,1.9206,108
2025-01-26,SP98,1.921,108
2025-01-27,SP98,1.9193,108
2025-01-28,SP98,1.9146,108
2025-01-29,SP98,1.9106,108
2025-01-30,SP98,1.9075,108
2025-01-31,SP98,1.9063,108
2025-02-01,SP98,1.9061,108
2025-02-02,SP98,1.9061,108
2025-02-03,SP98,1.905,108
2025-02-04,SP98,1.9055,108
2025-02-05,SP98,1.9057,108
2025-02-06,SP98,1.9066,108
2025-02-07,SP98,1.9067,108
2025-02-08,SP98,1.9068,108
2025-02-09,SP98,1.9069,108
2025-02-10,SP98,1.9072,108
2025-02-11,SP98,1.9094,108
2025-02-12,SP98,1.9137,108
2025-02-13,SP98,1.9151,108
2025-02-14,SP98,1.913,108
2025-02-15,SP98,1.9127,108
2025-02-16,SP98,1.9127,108
2025-02-17,SP98,1.9101,108
2025-02-18,SP98,1.9081,108
2025-02-19,SP98,1.9073,108
2025-02-20,SP98,1.9076,108
2025-02-21,SP98,1.9046,108
2025-02-22,SP98,1.9052,108
2025-02-23,SP98,1.9052,108
2025-02-24,SP98,1.9049,108
2025-02-25,SP98,1.9013,108
2025-02-26,SP98,1.8986,108
2025-02-27,SP98,1.8943,108
2025-02-28,SP98,1.8892,108
2025-03-01,SP98,1.887,108
2025-03-02,SP98,1.8867,108
2025-03-03,SP98,1.8846,108
2025-03-04,SP98,1.8802,108
2025-03-05,SP98,1.8755,108
2025-03-06,SP98,1.8679,108
2025-03-07,SP98,1.8577,108
2025-03-08,SP98,1.85,108
2025-03-09,SP98,1.8498,108
2025-03-10,SP98,1.844,108
2025-03-11,SP98,1.837,108
2025-03-12,SP98,1.8335,108
2025-03-13,SP98,1.8299,108
2025-03-14,SP98,1.8332,108
2025-03-15,SP98,1.834,108
2025-03-16,SP98,1.834,108
2025-03-17,SP98,1.8342,108
2025-03-18,SP98,1.8351,108
2025-03-19,SP98,1.8378,108
2025-03-20,SP98,1.8378,108
2025-03-21,SP98,1.8396,108
2025-03-22,SP98,1.8406,108
2025-03-23,SP98,1.8407,108
2025-03-24,SP98,1.8429,108
2025-03-25,SP98,1.8464,108
2025-03-26,SP98,1.8485,108
2025-03-27,SP98,1.8541,108
2025-03-28,SP98,1.8602,108
2025-03-29,SP98,1.8631,108
2025-03-30,SP98,1.8631,108
2025-03-31,SP98,1.8644,108
2025-04-01,SP98,1.8668,108
2025-04-02,SP98,1.8696,108
2025-04-03,SP98,1.8726,108
2025-04-04,SP98,1.8684,108
2025-04-05,SP98,1.8633,108
2025-04-06,SP98,1.8635,108
2025-04-07,SP98,1.8561,108
2025-04-08,SP98,1.8449,108
2025-04-09,SP98,1.8376,108
2025-04-10,SP98,1.8263,108
2025-04-11,SP98,1.8179,108
2025-04-12,SP98,1.8142,108
2025-04-13,SP98,1.8141,108
2025-04-14,SP98,1.8086,108
2025-04-15,SP98,1.8039,108
2025-04-16,SP98,1.8007,108
2025-04-17,SP98,1.7993,108
2025-04-18,SP98,1.7919,108
2025-04-19,SP98,1.7942,108
2025-04-20,SP98,1.795,108
2025-04-21,SP98,1.797,108
2025-04-22,SP98,1.7969,108
2025-04-23,SP98,1.7977,108
2025-04-24,SP98,1.7982,108
2025-04-25,SP98,1.7967,108
2025-04-26,SP98,1.7963,108
2025-04-27,SP98,1.7969,108
2025-04-28,SP98,1.7973,108
2025-04-29,SP98,1.7962,108
2025-04-30,SP98,1.7947,108
2025-05-01,SP98,1.7933,108
2025-05-02,SP98,1.7932,108
2025-05-03,SP98,1.7909,108
2025-05-04,SP98,1.7906,108
2025-05-05,SP98,1.7884,108
2025-05-06,SP98,1.7859,108
2025-05-07,SP98,1.785,108
2025-05-08,SP98,1.7852,108
2025-05-09,SP98,1.7865,108
2025-05-10,SP98,1.789,108
2025-05-11,SP98,1.7891,108
2025-05-12,SP98,1.7908,108
2025-05-13,SP98,1.7983,108
2025-05-14,SP98,1.804,108
2025-05-15,SP98,1.8117,108
2025-05-16,SP98,1.8162,108
2025-05-17,SP98,1.8173,108
2025-05-18,SP98,1.8172,108
2025-05-19,SP98,1.8168,108
2025-05-20,SP98,1.8168,108
2025-05-21,SP98,1.8168,108
2025-05-22,SP98,1.817,108
2025-05-23,SP98,1.8172,108
2025-05-24,SP98,1.8166,108
2025-05-25,SP98,1.8166,108
2025-05-26,SP98,1.8163,108
2025-05-27,SP98,1.8162,108
2025-05-28,SP98,1.8155,108
2025-05-29,SP98,1.815,108
2025-05-30,SP98,1.8152,108
2025-05-31,SP98,1.8155,108
2025-06-01,SP98,1.8155,108
2025-06-02,SP98,1.8145,108
2025-06-03,SP98,1.814,108
2025-06-04,SP98,1.8141,108
2025-06-05,SP98,1.8143,108
2025-06-06,SP98,1.8143,108
2025-06-07,SP98,1.814,108
2025-06-08,SP98,1.814,108
2025-06-09,SP98,1.814,108
2025-06-10,SP98,1.8142,109
2025-06-11,SP98,1.8165,109
2025-06-12,SP98,1.8172,109
2025-06-13,SP98,1.8236,109
2025-06-14,SP98,1.8305,110
2025-06-15,SP98,1.8309,110
2025-06-16,SP98,1.8307,110
2025-06-17,SP98,1.8349,110
2025-06-18,SP98,1.8383,110
2025-06-19,SP98,1.8431,110
2025-06-20,SP98,1.8552,110
2025-06-21,SP98,1.8586,110
2025-06-22,SP98,1.8588,110
2025-06-23,SP98,1.8605,110
2025-06-24,SP98,1.8617,110
2025-06-25,SP98,1.8555,110
2025-06-26,SP98,1.8508,110
2025-06-27,SP98,1.8473,110
2025-06-28,SP98,1.8436,110
2025-06-29,SP98,1.8435,110
2025-06-30,SP98,1.8393,110
2025-07-01,SP98,1.8313,110
2025-07-02,SP98,1.8278,110
2025-07-03,SP98,1.8226,110
2025-07-04,SP98,1.8151,110
2025-07-05,SP98,1.8165,110
2025-07-06,SP98,1.8183,110
2025-07-07,SP98,1.8157,110
2025-07-08,SP98,1.8161,110
2025-07-09,SP98,1.8167,110
2025-07-10,SP98,1.8207,110
2025-07-11,SP98,1.8247,110
2025-07-12,SP98,1.8256,110
2025-07-13,SP98,1.8256,110
2025-07-14,SP98,1.8248,110
2025-07-15,SP98,1.8238,110
2025-07-16,SP98,1.8232,110
2025-07-17,SP98,1.823,110
2025-07-18,SP98,1.8248,110
2025-07-19,SP98,1.8251,110
2025-07-20,SP98,1.8251,110
2025-07-21,SP98,1.8249,110
2025-07-22,SP98,1.8252,110
2025-07-23,SP98,1.8226,110
2025-07-24,SP98,1.8192,110
2025-07-25,SP98,1.816,110
2025-07-26,SP98,1.8147,110
2025-07-27,SP98,1.8147,110
2025-07-28,SP98,1.814,110
2025-07-29,SP98,1.8135,110
2025-07-30,SP98,1.8151,110
2025-07-31,SP98,1.8172,110
2025-08-01,SP98,1.8187,110
2025-08-02,SP98,1.8214,110
2025-08-03,SP98,1.823,110
2025-08-04,SP98,1.8235,110
2025-08-05,SP98,1.8226,110
2025-08-06,SP98,1.8231,110
2025-08-07,SP98,1.8228,110
2025-08-08,SP98,1.8228,110
2025-08-09,SP98,1.822,110
2025-08-10,SP98,1.8219,110
2025-08-11,SP98,1.8214,110
2025-08-12,SP98,1.8194,110
2025-08-13,SP98,1.8176,110
2025-08-14,SP98,1.8144,110
2025-08-15,SP98,1.8134,110
2025-08-16,SP98,1.8133,110
2025-08-17,SP98,1.8133,110
2025-08-18,SP98,1.8118,110
2025-08-19,SP98,1.8119,110
2025-08-20,SP98,1.8105,110
2025-08-21,SP98,1.8114,110
2025-08-22,SP98,1.8136,110
2025-08-23,SP98,1.8157,110
2025-08-24,SP98,1.8161,110
2025-08-25,SP98,1.8174,110
2025-08-26,SP98,1.8192,110
2025-08-27,SP98,1.8187,110
2025-08-28,SP98,1.8166,110
2025-08-29,SP98,1.8147,110
2025-08-30,SP98,1.8139,110
2025-08-31,SP98,1.8152,110
2025-09-01,SP98,1.816,110
2025-09-02,SP98,1.8185,110
2025-09-03,SP98,1.8238,110
2025-09-04,SP98,1.8267,110
2025-09-05,SP98,1.8241,110
2025-09-06,SP98,1.8267,110
2025-09-07,SP98,1.8279,110
2025-09-08,SP98,1.8294,110
2025-09-09,SP98,1.8306,110
2025-09-10,SP98,1.8316,110
2025-09-11,SP98,1.8324,110
2025-09-12,SP98,1.8333,110
2025-09-13,SP98,1.8337,110
2025-09-14,SP98,1.8337,110
2025-09-15,SP98,1.8333,110
2025-09-16,SP98,1.8337,110
2025-09-17,SP98,1.8345,110
2025-09-18,SP98,1.8344,110
2025-09-19,SP98,1.8338,110
2025-09-20,SP98,1.8337,110
2025-09-21,SP98,1.8337,110
2025-09-22,SP98,1.8322,110
2025-09-23,SP98,1.8299,110
2025-09-24,SP98,1.8286,110
2025-09-25,SP98,1.8295,110
2025-09-26,SP98,1.8319,110
2025-09-27,SP98,1.8328,110
2025-09-28,SP98,1.8328,110
2025-09-29,SP98,1.8336,110
2025-09-30,SP98,1.8353,110
2025-10-01,SP98,1.8343,110
2025-10-02,SP98,1.8299,110
2025-10-03,SP98,1.8242,110
2025-10-04,SP98,1.8208,110
2025-10-05,SP98,1.821,110
2025-10-06,SP98,1.8166,110
2025-10-07,SP98,1.8146,110
2025-10-08,SP98,1.8118,110
2025-10-09,SP98,1.8132,110
2025-10-10,SP98,1.8124,110
2025-10-11,SP98,1.8115,110
2025-10-12,SP98,1.8115,110
2025-10-13,SP98,1.8101,110
2025-10-14,SP98,1.8077,110
2025-10-15,SP98,1.8063,110
2025-10-16,SP98,1.8022,110
2025-10-17,SP98,1.7956,110
2025-10-18,SP98,1.7988,110
2025-10-19,SP98,1.7996,110
2025-10-20,SP98,1.7995,110
2025-10-21,SP98,1.7962,110
2025-10-22,SP98,1.7943,110
2025-10-23,SP98,1.7963,110
2025-10-24,SP98,1.806,110
2025-10-25,SP98,1.8083,110
2025-10-26,SP98,1.8086,110
2025-10-27,SP98,1.811,110
2025-10-28,SP98,1.8158,110
2025-10-29,SP98,1.8177,110
2025-10-30,SP98,1.8185,110
2025-10-31,SP98,1.822,110
2025-11-01,SP98,1.8237,110
2025-11-02,SP98,1.8238,110
2025-11-03,SP98,1.823,110
2025-11-04,SP98,1.8234,110
2025-11-05,SP98,1.8248,110
2025-11-06,SP98,1.8286,110
2025-11-07,SP98,1.8362,110
2025-11-08,SP98,1.8375,110
2025-11-09,SP98,1.8375,110
2025-11-10,SP98,1.8373,110
2025-11-11,SP98,1.8378,110
2025-11-12,SP98,1.8391,110
2025-11-13,SP98,1.844,110
2025-11-14,SP98,1.847,110
2025-11-15,SP98,1.8531,110
2025-11-16,SP98,1.8532,110
2025-11-17,SP98,1.854,110
2025-11-18,SP98,1.8535,110
2025-11-19,SP98,1.8555,110
2025-11-20,SP98,1.8538,110
2025-11-21,SP98,1.8549,110
2025-11-22,SP98,1.8523,110
2025-11-23,SP98,1.8523,110
2025-11-24,SP98,1.8504,110
2025-11-25,SP98,1.8489,110
2025-11-26,SP98,1.8463,110
2025-11-27,SP98,1.8439,110
2025-11-28,SP98,1.844,110
2025-11-29,SP98,1.8445,110
2025-11-30,SP98,1.8444,110
2025-12-01,SP98,1.8451,110
2025-12-02,SP98,1.8466,110
2025-12-03,SP98,1.8473,110
2025-12-04,SP98,1.8477,110
2025-12-05,SP98,1.8457,110
2025-12-06,SP98,1.8435,110
2025-12-07,SP98,1.8435,110
2025-12-08,SP98,1.8415,110
2025-12-09,SP98,1.8393,110
2025-12-10,SP98,1.8364,110
2025-12-11,SP98,1.8329,110
2025-12-12,SP98,1.8284,110
2025-12-13,SP98,1.8241,110
2025-12-14,SP98,1.8241,110
2025-12-15,SP98,1.8203,110
2025-12-16,SP98,1.8148,110
2025-12-17,SP98,1.8082,110
2025-12-18,SP98,1.8029,110
2025-12-19,SP98,1.7899,110
2025-12-20,SP98,1.7912,110
2025-12-21,SP98,1.792,110
2025-12-22,SP98,1.7915,110
2025-12-23,SP98,1.789,110
2025-12-24,SP98,1.7865,110
2025-12-25,SP98,1.7876,110
2025-12-26,SP98,1.7882,110
2025-12-27,SP98,1.788,110
2025-12-28,SP98,1.788,110
2025-12-29,SP98,1.7867,110
2025-12-30,SP98,1.7895,110
2025-12-31,SP98,1.7912,110
2026-01-01,SP98,1.7959,110
2026-01-02,SP98,1.811,110
2026-01-03,SP98,1.8141,110
2026-01-04,SP98,1.8141,110
2026-01-05,SP98,1.8163,110
2026-01-06,SP98,1.8174,110
2026-01-07,SP98,1.8187,110
2026-01-08,SP98,1.8198,110
2026-01-09,SP98,1.8206,110
2026-01-10,SP98,1.8212,110
2026-01-11,SP98,1.8212,110
2026-01-12,SP98,1.8219,110
2026-01-13,SP98,1.8268,110
2026-01-14,SP98,1.8315,110
2026-01-15,SP98,1.8367,110
2026-01-16,SP98,1.838,110
2026-01-17,SP98,1.8392,110
2026-01-18,SP98,1.8394,110
2026-01-19,SP98,1.8379,110
2026-01-20,SP98,1.8377,110
2026-01-21,SP98,1.8388,110
2026-01-22,SP98,1.8404,110
2026-01-23,SP98,1.8414,110
2026-01-24,SP98,1.8418,110
2026-01-25,SP98,1.8418,110
2026-01-26,SP98,1.8416,110
2026-01-27,SP98,1.8411,110
2026-01-28,SP98,1.8403,110
2026-01-29,SP98,1.84,110
2026-01-30,SP98,1.8442,110
2026-01-31,SP98,1.8465,108
2026-02-01,SP98,1.8465,108
2026-02-02,SP98,1.8474,108
2026-02-03,SP98,1.8487,108
2026-02-04,SP98,1.8481,108
2026-02-05,SP98,1.8472,108
2026-02-06,SP98,1.8477,108
2026-02-07,SP98,1.8475,108
2026-02-08,SP98,1.848,108
2026-02-09,SP98,1.8482,108
2026-02-10,SP98,1.8495,108
2026-02-11,SP98,1.8513,108
2026-02-12,SP98,1.8541,108
2026-02-13,SP98,1.8542,108
2026-02-14,SP98,1.8537,108
2026-02-15,SP98,1.8534,108
2026-02-16,SP98,1.8518,108
2026-02-17,SP98,1.8511,108
2026-02-18,SP98,1.8511,108
2026-02-19,SP98,1.8518,108
2026-02-20,SP98,1.8527,108
2026-02-21,SP98,1.8563,108
2026-02-22,SP98,1.8572,108
2026-02-23,SP98,1.8613,108
2026-02-24,SP98,1.8646,108
2026-02-25,SP98,1.8663,108
2026-02-26,SP98,1.8686,108
2026-02-27,SP98,1.8686,108
2026-02-28,SP98,1.8699,108
2026-03-01,SP98,1.8701,108
2026-03-02,SP98,1.8792,108
2026-03-03,SP98,1.9158,108
2026-03-04,SP98,1.942,108
2026-03-05,SP98,1.9481,108
2026-03-06,SP98,1.963,108
2026-03-07,SP98,1.9712,108
2026-03-08,SP98,1.9718,108
2026-03-09,SP98,1.9878,108
2026-03-10,SP98,2.0033,108
2026-03-11,SP98,2.0082,108
2026-03-12,SP98,2.0209,108
2026-03-13,SP98,2.0281,108
2026-03-14,SP98,2.0323,108
2026-03-15,SP98,2.0324,108
2026-03-16,SP98,2.0385,108
2026-03-17,SP98,2.0491,108
2026-03-18,SP98,2.0539,108
2026-03-19,SP98,2.061,108
2026-03-20,SP98,2.0793,108
2026-03-21,SP98,2.0874,108
2026-03-22,SP98,2.089,108
2026-03-23,SP98,2.0972,108
2026-03-24,SP98,2.1008,108
2026-03-25,SP98,2.0973,108
2026-03-26,SP98,2.0944,108
2026-03-27,SP98,2.0922,108
2026-03-28,SP98,2.0918,108
2026-03-29,SP98,2.0925,108
2026-03-30,SP98,2.1019,108
2026-03-31,SP98,2.1076,108
2026-04-01,SP98,2.1158,108
2026-04-02,SP98,2.1213,108
2026-04-03,SP98,2.1274,108
2026-04-04,SP98,2.128,108
2026-04-05,SP98,2.1278,108
2026-04-06,SP98,2.1279,108
2026-04-07,SP98,2.1319,108
2026-04-08,SP98,2.1343,108
2026-04-09,SP98,2.1248,108
2026-04-10,SP98,2.1151,108
2026-04-11,SP98,2.113,108
2026-04-12,SP98,2.1132,108
2026-04-13,SP98,2.1085,108
2026-04-14,SP98,2.107,108
2026-04-15,SP98,2.1055,108
2026-04-16,SP98,2.1042,108
2026-04-17,SP98,2.0979,108
2026-04-18,SP98,2.0954,108
2026-04-19,SP98,2.0953,108
2026-04-20,SP98,2.0938,108
2026-04-21,SP98,2.0903,108
2026-04-22,SP98,2.09,109
2026-04-23,SP98,2.0935,109
2026-04-24,SP98,2.0989,109
2026-04-25,SP98,2.0998,109
2026-04-26,SP98,2.0998,109
2026-04-27,SP98,2.1066,109
2026-04-28,SP98,2.1146,109
2026-04-29,SP98,2.1133,109
2026-04-30,SP98,2.1193,109
2026-05-01,SP98,2.122,109
2026-05-02,SP98,2.1231,109
2026-05-03,SP98,2.1231,109
2026-05-04,SP98,2.129,109
2026-05-05,SP98,2.132,109
2026-05-06,SP98,2.1331,109
2026-05-07,SP98,2.1341,109
2026-05-08,SP98,2.1336,109
2026-05-09,SP98,2.1336,109
2026-05-10,SP98,2.1336,109
2026-05-11,SP98,2.1254,109
2026-05-12,SP98,2.1247,109
2026-05-13,SP98,2.1339,109
2026-05-14,SP98,2.1361,109
2026-05-15,SP98,2.141,109
2026-05-16,SP98,2.1421,109
2026-05-17,SP98,2.1426,109
2026-05-18,SP98,2.1465,109
2026-05-19,SP98,2.1516,109
2026-05-20,SP98,2.1546,109
2026-05-21,SP98,2.1545,109
2026-05-22,SP98,2.1518,109
2026-05-23,SP98,2.1514,109
2026-05-24,SP98,2.1516,109
2026-05-25,SP98,2.1508,109
2026-05-26,SP98,2.1478,109
2026-05-27,SP98,2.1398,109
2026-05-28,SP98,2.1308,109
2026-05-29,SP98,2.1158,109
2026-05-30,SP98,2.1146,109
2026-05-31,SP98,2.1141,109
2026-06-01,SP98,2.1044,109
2026-06-02,SP98,2.0918,109
2026-06-03,SP98,2.0831,109
2026-06-04,SP98,2.0797,109
2026-06-05,SP98,2.0748,109
2026-06-06,SP98,2.0716,109
2026-06-07,SP98,2.0715,109
2026-06-08,SP98,2.0649,110
2026-06-09,SP98,2.0621,110
2026-06-10,SP98,2.0603,110
2026-06-11,SP98,2.0576,110
2026-06-12,SP98,2.057,110
2026-06-13,SP98,2.0562,110
2026-06-14,SP98,2.0563,110
2026-06-15,SP98,2.0552,110
2026-06-16,SP98,2.0401,110
2026-06-17,SP98,2.0281,110
2026-06-18,SP98,2.0199,110
2026-06-19,SP98,2.0103,110
2026-06-20,SP98,2.0042,110
2026-06-21,SP98,2.0042,110
2026-06-22,SP98,2.0015,110
2026-06-23,SP98,2.0043,110
2026-06-24,SP98,2.001,110
2026-06-25,SP98,1.9951,110
2026-06-26,SP98,2.0005,110
2026-06-27,SP98,1.997,110
2026-06-28,SP98,1.9971,110
2026-06-29,SP98,1.9985,110
2026-06-30,SP98,2.0041,110
2026-07-01,SP98,2.0028,110
2026-07-02,SP98,2.0061,110
2026-07-03,SP98,2.0007,110
2026-07-04,SP98,2.0013,110
2026-07-05,SP98,2.0026,110
2026-07-06,SP98,2.0031,110
2026-07-07,SP98,2.0059,110
2026-07-08,SP98,2.0054,110
2026-07-09,SP98,2.0127,110
2026-07-10,SP98,2.0218,110
2026-07-11,SP98,2.0221,109
2026-07-12,SP98,2.022,109
2026-07-13,SP98,2.023,109
2026-07-14,SP98,2.0259,109
2026-07-15,SP98,2.0324,109
2026-07-16,SP98,2.0464,109
2026-07-17,SP98,2.0823,109
2026-07-18,SP98,2.1024,109
2026-07-19,SP98,2.1033,109
2026-07-20,SP98,2.1106,109
2026-07-21,SP98,2.1244,109
2026-07-22,SP98,2.1264,109
2026-07-23,SP98,2.0948,109
2026-07-24,SP98,2.1088,109
2026-07-25,SP98,2.1107,109
2026-07-26,SP98,2.1109,109
2026-07-27,SP98,2.1123,109
2026-07-28,SP98,2.1099,109
2026-07-29,SP98,2.1098,109
2026-07-30,SP98,2.1101,109
2026-07-31,SP98,2.1096,109
2026-08-01,SP98,2.1104,109
2026-08-02,SP98,2.1103,109
2026-08-03,SP98,2.1081,109
2026-08-04,SP98,2.1055,109
2026-08-05,SP98,2.098,109
2026-08-06,SP98,2.0896,109
2026-08-07,SP98,2.0863,109
2026-08-08,SP98,2.086,109
2026-08-09,SP98,2.0851,109
2026-08-10,SP98,2.0826,109
2026-08-11,SP98,2.0866,109
2026-08-12,SP98,2.091,109
2026-08-13,SP98,2.0938,109
2026-08-14,SP98,2.0972,109
2026-08-15,SP98,2.0974,109
2026-08-16,SP98,2.0975,109
2026-08-17,SP98,2.0981,109
2026-08-18,SP98,2.1009,109
2026-08-19,SP98,2.1087,109
2026-08-20,SP98,2.1161,109
2026-08-21,SP98,2.1209,109
2026-08-22,SP98,2.1221,109
2026-08-23,SP98,2.1221,109
2026-08-24,SP98,2.1226,109
2026-08-25,SP98,2.1241,109
2026-08-26,SP98,2.1244,109
2026-08-27,SP98,2.1238,109
2026-08-28,SP98,2.1296,109
2026-08-29,SP98,2.128,109
2026-08-30,SP98,2.1282,109
2026-08-31,SP98,2.1316,109
2026-09-01,SP98,2.1509,109
2026-09-02,SP98,2.1603,109
2026-09-03,SP98,2.1626,109
2026-09-04,SP98,2.1703,109
2026-09-05,SP98,2.1713,109
2026-09-06,SP98,2.1713,109
2026-09-07,SP98,2.1735,109
2026-09-08,SP98,2.1788,109
2026-09-09,SP98,2.1858,109
2026-09-10,SP98,2.1987,109
2026-09-11,SP98,2.2021,109
2026-09-12,SP98,2.2077,109
2026-09-13,SP98,2.2085,109
2026-09-14,SP98,2.2196,109
2026-09-15,SP98,2.2377,109
2026-09-16,SP98,2.2442,109
2026-09-17,SP98,2.2448,109
2026-09-18,SP98,2.243,109
2026-09-19,SP98,2.243,109
