day,fuel,mean_price,n_stations
2025-01-01,E10,1.8205,150
2025-01-02,E10,1.8167,182
2025-01-03,E10,1.8248,218
2025-01-04,E10,1.8327,225
2025-01-05,E10,1.8327,225
2025-01-06,E10,1.8329,229
2025-01-07,E10,1.8401,230
2025-01-08,E10,1.8405,231
2025-01-09,E10,1.8404,233
2025-01-10,E10,1.839,233
2025-01-11,E10,1.8434,239
2025-01-12,E10,1.8437,239
2025-01-13,E10,1.843,241
2025-01-14,E10,1.8481,245
2025-01-15,E10,1.8508,245
2025-01-16,E10,1.855,245
2025-01-17,E10,1.8618,245
2025-01-18,E10,1.8647,245
2025-01-19,E10,1.8647,245
2025-01-20,E10,1.8652,245
2025-01-21,E10,1.8657,245
2025-01-22,E10,1.8661,246
2025-01-23,E10,1.8658,246
2025-01-24,E10,1.8636,246
2025-01-25,E10,1.8604,246
2025-01-26,E10,1.8606,246
2025-01-27,E10,1.8589,246
2025-01-28,E10,1.8542,246
2025-01-29,E10,1.85,246
2025-01-30,E10,1.846,246
2025-01-31,E10,1.8448,246
2025-02-01,E10,1.8451,246
2025-02-02,E10,1.8454,246
2025-02-03,E10,1.8452,246
2025-02-04,E10,1.8494,246
2025-02-05,E10,1.85,246
2025-02-06,E10,1.8496,246
2025-02-07,E10,1.8497,246
2025-02-08,E10,1.8502,246
2025-02-09,E10,1.8503,246
2025-02-10,E10,1.8504,246
2025-02-11,E10,1.853,246
2025-02-12,E10,1.8572,246
2025-02-13,E10,1.8594,246
2025-02-14,E10,1.8556,246
2025-02-15,E10,1.8534,246
2025-02-16,E10,1.8534,246
2025-02-17,E10,1.8524,246
2025-02-18,E10,1.8472,246
2025-02-19,E10,1.8453,246
2025-02-20,E10,1.8449,246
2025-02-21,E10,1.8441,246
2025-02-22,E10,1.8455,246
2025-02-23,E10,1.8455,246
2025-02-24,E10,1.8448,246
2025-02-25,E10,1.8401,246
2025-02-26,E10,1.8362,246
2025-02-27,E10,1.8312,246
2025-02-28,E10,1.8263,247
2025-03-01,E10,1.8223,247
2025-03-02,E10,1.8219,247
2025-03-03,E10,1.8206,247
2025-03-04,E10,1.818,247
2025-03-05,E10,1.8144,247
2025-03-06,E10,1.8084,247
2025-03-07,E10,1.7989,247
2025-03-08,E10,1.787,247
2025-03-09,E10,1.7863,247
2025-03-10,E10,1.7853,247
2025-03-11,E10,1.7774,247
2025-03-12,E10,1.7716,247
2025-03-13,E10,1.7696,247
2025-03-14,E10,1.7713,247
2025-03-15,E10,1.7735,247
2025-03-16,E10,1.7736,247
2025-03-17,E10,1.7732,247
2025-03-18,E10,1.775,247
2025-03-19,E10,1.7767,247
2025-03-20,E10,1.7797,248
2025-03-21,E10,1.781,248
2025-03-22,E10,1.7854,248
2025-03-23,E10,1.7855,248
2025-03-24,E10,1.7859,248
2025-03-25,E10,1.7919,248
2025-03-26,E10,1.7961,248
2025-03-27,E10,1.8037,248
2025-03-28,E10,1.8105,248
2025-03-29,E10,1.8139,248
2025-03-30,E10,1.814,248
2025-03-31,E10,1.8141,248
2025-04-01,E10,1.8165,248
2025-04-02,E10,1.8213,248
2025-04-03,E10,1.8264,248
2025-04-04,E10,1.8222,248
2025-04-05,E10,1.8141,248
2025-04-06,E10,1.8134,248
2025-04-07,E10,1.8092,249
2025-04-08,E10,1.8025,250
2025-04-09,E10,1.7953,250
2025-04-10,E10,1.7805,250
2025-04-11,E10,1.7751,250
2025-04-12,E10,1.7681,250
2025-04-13,E10,1.7678,250
2025-04-14,E10,1.7651,250
2025-04-15,E10,1.7596,251
2025-04-16,E10,1.7582,251
2025-04-17,E10,1.7559,251
2025-04-18,E10,1.7514,251
2025-04-19,E10,1.752,251
2025-04-20,E10,1.752,251
2025-04-21,E10,1.7557,251
2025-04-22,E10,1.7566,251
2025-04-23,E10,1.7584,251
2025-04-24,E10,1.7607,251
2025-04-25,E10,1.7627,251
2025-04-26,E10,1.763,251
2025-04-27,E10,1.7633,251
2025-04-28,E10,1.7623,251
2025-04-29,E10,1.7612,251
2025-04-30,E10,1.7577,251
2025-05-01,E10,1.7559,251
2025-05-02,E10,1.7554,251
2025-05-03,E10,1.7524,251
2025-05-04,E10,1.7523,251
2025-05-05,E10,1.7513,251
2025-05-06,E10,1.746,251
2025-05-07,E10,1.7397,251
2025-05-08,E10,1.74,250
2025-05-09,E10,1.7402,250
2025-05-10,E10,1.7458,250
2025-05-11,E10,1.7458,250
2025-05-12,E10,1.7464,250
2025-05-13,E10,1.7529,250
2025-05-14,E10,1.7593,250
2025-05-15,E10,1.7625,250
2025-05-16,E10,1.7642,250
2025-05-17,E10,1.7658,250
2025-05-18,E10,1.7658,250
2025-05-19,E10,1.7655,250
2025-05-20,E10,1.7667,250
2025-05-21,E10,1.7659,250
2025-05-22,E10,1.7654,250
2025-05-23,E10,1.7646,250
2025-05-24,E10,1.7621,250
2025-05-25,E10,1.7621,250
2025-05-26,E10,1.7617,250
2025-05-27,E10,1.7632,250
2025-05-28,E10,1.7633,250
2025-05-29,E10,1.7629,250
2025-05-30,E10,1.7625,250
2025-05-31,E10,1.7626,249
2025-06-01,E10,1.7626,249
2025-06-02,E10,1.7622,249
2025-06-03,E10,1.763,249
2025-06-04,E10,1.7625,249
2025-06-05,E10,1.7622,249
2025-06-06,E10,1.7622,249
2025-06-07,E10,1.7617,249
2025-06-08,E10,1.762,249
2025-06-09,E10,1.7616,249
2025-06-10,E10,1.7611,249
2025-06-11,E10,1.7655,249
2025-06-12,E10,1.7685,249
2025-06-13,E10,1.7707,249
2025-06-14,E10,1.779,249
2025-06-15,E10,1.7794,249
2025-06-16,E10,1.7802,249
2025-06-17,E10,1.7847,249
2025-06-18,E10,1.7903,249
2025-06-19,E10,1.7943,249
2025-06-20,E10,1.8053,249
2025-06-21,E10,1.8104,249
2025-06-22,E10,1.8106,249
2025-06-23,E10,1.8114,249
2025-06-24,E10,1.816,249
2025-06-25,E10,1.8069,249
2025-06-26,E10,1.8004,249
2025-06-27,E10,1.7985,249
2025-06-28,E10,1.7914,249
2025-06-29,E10,1.7914,249
2025-06-30,E10,1.7888,249
2025-07-01,E10,1.7804,249
2025-07-02,E10,1.7755,249
2025-07-03,E10,1.7726,249
2025-07-04,E10,1.7658,249
2025-07-05,E10,1.7657,249
2025-07-06,E10,1.7679,249
2025-07-07,E10,1.7678,249
2025-07-08,E10,1.7678,249
2025-07-09,E10,1.7706,249
2025-07-10,E10,1.774,249
2025-07-11,E10,1.7787,249
2025-07-12,E10,1.7796,249
2025-07-13,E10,1.7797,249
2025-07-14,E10,1.7792,249
2025-07-15,E10,1.7788,249
2025-07-16,E10,1.7757,249
2025-07-17,E10,1.7746,249
2025-07-18,E10,1.7735,249
2025-07-19,E10,1.7748,249
2025-07-20,E10,1.7748,249
2025-07-21,E10,1.7743,249
2025-07-22,E10,1.7744,249
2025-07-23,E10,1.7722,249
2025-07-24,E10,1.7692,249
2025-07-25,E10,1.7658,249
2025-07-26,E10,1.7659,248
2025-07-27,E10,1.7655,248
2025-07-28,E10,1.7647,248
2025-07-29,E10,1.767,248
2025-07-30,E10,1.7706,248
2025-07-31,E10,1.7753,248
2025-08-01,E10,1.7753,248
2025-08-02,E10,1.776,248
2025-08-03,E10,1.7787,248
2025-08-04,E10,1.7802,249
2025-08-05,E10,1.7787,249
2025-08-06,E10,1.7777,249
2025-08-07,E10,1.7777,249
2025-08-08,E10,1.7767,249
2025-08-09,E10,1.7745,249
2025-08-10,E10,1.7745,249
2025-08-11,E10,1.7735,249
2025-08-12,E10,1.774,249
2025-08-13,E10,1.7718,250
2025-08-14,E10,1.7666,250
2025-08-15,E10,1.7636,250
2025-08-16,E10,1.7636,250
2025-08-17,E10,1.7636,250
2025-08-18,E10,1.7625,250
2025-08-19,E10,1.7621,251
2025-08-20,E10,1.7646,251
2025-08-21,E10,1.7658,251
2025-08-22,E10,1.7705,251
2025-08-23,E10,1.7794,251
2025-08-24,E10,1.7794,251
2025-08-25,E10,1.7791,251
2025-08-26,E10,1.7803,251
2025-08-27,E10,1.7803,251
2025-08-28,E10,1.7778,251
2025-08-29,E10,1.7756,251
2025-08-30,E10,1.7693,251
2025-08-31,E10,1.7712,251
2025-09-01,E10,1.7722,251
2025-09-02,E10,1.7726,251
2025-09-03,E10,1.7806,251
2025-09-04,E10,1.7805,250
2025-09-05,E10,1.7774,251
2025-09-06,E10,1.7779,251
2025-09-07,E10,1.7796,251
2025-09-08,E10,1.7806,251
2025-09-09,E10,1.7815,251
2025-09-10,E10,1.7823,251
2025-09-11,E10,1.7849,251
2025-09-12,E10,1.7842,251
2025-09-13,E10,1.7833,251
2025-09-14,E10,1.7834,251
2025-09-15,E10,1.7836,251
2025-09-16,E10,1.7833,251
2025-09-17,E10,1.7859,252
2025-09-18,E10,1.7876,252
2025-09-19,E10,1.7876,252
2025-09-20,E10,1.7899,252
2025-09-21,E10,1.7899,252
2025-09-22,E10,1.7895,252
2025-09-23,E10,1.7879,252
2025-09-24,E10,1.7835,252
2025-09-25,E10,1.7856,252
2025-09-26,E10,1.7869,252
2025-09-27,E10,1.788,252
2025-09-28,E10,1.7881,252
2025-09-29,E10,1.7889,252
2025-09-30,E10,1.7904,252
2025-10-01,E10,1.7908,252
2025-10-02,E10,1.7892,252
2025-10-03,E10,1.7833,252
2025-10-04,E10,1.7763,252
2025-10-05,E10,1.7762,252
2025-10-06,E10,1.7753,252
2025-10-07,E10,1.7727,252
2025-10-08,E10,1.7712,252
2025-10-09,E10,1.7744,252
2025-10-10,E10,1.7772,252
2025-10-11,E10,1.7789,252
2025-10-12,E10,1.7792,252
2025-10-13,E10,1.7788,252
2025-10-14,E10,1.7816,252
2025-10-15,E10,1.7807,252
2025-10-16,E10,1.7768,252
2025-10-17,E10,1.773,252
2025-10-18,E10,1.7725,252
2025-10-19,E10,1.7744,252
2025-10-20,E10,1.7752,252
2025-10-21,E10,1.7692,252
2025-10-22,E10,1.7611,252
2025-10-23,E10,1.7627,252
2025-10-24,E10,1.7679,252
2025-10-25,E10,1.7683,252
2025-10-26,E10,1.7683,252
2025-10-27,E10,1.7682,252
2025-10-28,E10,1.7717,252
2025-10-29,E10,1.7725,252
2025-10-30,E10,1.7724,252
2025-10-31,E10,1.7739,252
2025-11-01,E10,1.7745,252
2025-11-02,E10,1.7746,252
2025-11-03,E10,1.7745,252
2025-11-04,E10,1.7753,252
2025-11-05,E10,1.777,252
2025-11-06,E10,1.7768,252
2025-11-07,E10,1.785,252
2025-11-08,E10,1.7895,252
2025-11-09,E10,1.7896,252
2025-11-10,E10,1.7898,252
2025-11-11,E10,1.7905,252
2025-11-12,E10,1.7911,252
2025-11-13,E10,1.7947,252
2025-11-14,E10,1.798,252
2025-11-15,E10,1.8108,252
2025-11-16,E10,1.811,252
2025-11-17,E10,1.8114,252
2025-11-18,E10,1.8154,252
2025-11-19,E10,1.8185,252
2025-11-20,E10,1.8122,252
2025-11-21,E10,1.8105,252
2025-11-22,E10,1.7994,252
2025-11-23,E10,1.7995,252
2025-11-24,E10,1.7987,252
2025-11-25,E10,1.793,252
2025-11-26,E10,1.7852,252
2025-11-27,E10,1.7752,252
2025-11-28,E10,1.7727,252
2025-11-29,E10,1.7721,252
2025-11-30,E10,1.7721,252
2025-12-01,E10,1.772,252
2025-12-02,E10,1.7753,252
2025-12-03,E10,1.7764,252
2025-12-04,E10,1.7742,252
2025-12-05,E10,1.7728,252
2025-12-06,E10,1.7683,252
2025-12-07,E10,1.7683,252
2025-12-08,E10,1.7677,252
2025-12-09,E10,1.7632,252
2025-12-10,E10,1.7608,252
2025-12-11,E10,1.7603,252
2025-12-12,E10,1.7494,252
2025-12-13,E10,1.7434,252
2025-12-14,E10,1.7429,252
2025-12-15,E10,1.7417,252
2025-12-16,E10,1.7369,252
2025-12-17,E10,1.7258,252
2025-12-18,E10,1.7232,252
2025-12-19,E10,1.7225,252
2025-12-20,E10,1.7229,252
2025-12-21,E10,1.7262,252
2025-12-22,E10,1.7256,252
2025-12-23,E10,1.7293,252
2025-12-24,E10,1.7278,252
2025-12-25,E10,1.7322,252
2025-12-26,E10,1.7324,252
2025-12-27,E10,1.7332,252
2025-12-28,E10,1.7332,252
2025-12-29,E10,1.7331,252
2025-12-30,E10,1.7335,252
2025-12-31,E10,1.7356,252
2026-01-01,E10,1.7437,252
2026-01-02,E10,1.7506,252
2026-01-03,E10,1.7527,252
2026-01-04,E10,1.7529,252
2026-01-05,E10,1.7495,252
2026-01-06,E10,1.7544,252
2026-01-07,E10,1.7532,252
2026-01-08,E10,1.7527,252
2026-01-09,E10,1.7515,252
2026-01-10,E10,1.7509,252
2026-01-11,E10,1.751,252
2026-01-12,E10,1.7507,252
2026-01-13,E10,1.7517,252
2026-01-14,E10,1.7547,252
2026-01-15,E10,1.7593,252
2026-01-16,E10,1.7606,252
2026-01-17,E10,1.7577,252
2026-01-18,E10,1.7577,252
2026-01-19,E10,1.7574,252
2026-01-20,E10,1.7517,252
2026-01-21,E10,1.7506,252
2026-01-22,E10,1.7536,252
2026-01-23,E10,1.7532,252
2026-01-24,E10,1.7522,252
2026-01-25,E10,1.7522,252
2026-01-26,E10,1.7519,252
2026-01-27,E10,1.7492,252
2026-01-28,E10,1.7465,252
2026-01-29,E10,1.7485,252
2026-01-30,E10,1.7503,252
2026-01-31,E10,1.753,242
2026-02-01,E10,1.7531,242
2026-02-02,E10,1.7516,242
2026-02-03,E10,1.7546,242
2026-02-04,E10,1.7547,242
2026-02-05,E10,1.7544,242
2026-02-06,E10,1.7548,242
2026-02-07,E10,1.7584,242
2026-02-08,E10,1.7585,242
2026-02-09,E10,1.759,242
2026-02-10,E10,1.7621,242
2026-02-11,E10,1.7659,242
2026-02-12,E10,1.7704,242
2026-02-13,E10,1.7699,242
2026-02-14,E10,1.7668,242
2026-02-15,E10,1.7669,242
2026-02-16,E10,1.7664,242
2026-02-17,E10,1.7647,242
2026-02-18,E10,1.7645,242
2026-02-19,E10,1.7646,242
2026-02-20,E10,1.7704,242
2026-02-21,E10,1.7732,242
2026-02-22,E10,1.7761,242
2026-02-23,E10,1.7761,242
2026-02-24,E10,1.7813,242
2026-02-25,E10,1.7846,242
2026-02-26,E10,1.7869,242
2026-02-27,E10,1.7884,242
2026-02-28,E10,1.794,242
2026-03-01,E10,1.7942,242
2026-03-02,E10,1.7989,242
2026-03-03,E10,1.8509,242
2026-03-04,E10,1.8748,242
2026-03-05,E10,1.871,242
2026-03-06,E10,1.8891,242
2026-03-07,E10,1.9053,242
2026-03-08,E10,1.9063,242
2026-03-09,E10,1.9218,242
2026-03-10,E10,1.9357,242
2026-03-11,E10,1.9392,242
2026-03-12,E10,1.9525,242
2026-03-13,E10,1.9663,243
2026-03-14,E10,1.9625,243
2026-03-15,E10,1.9629,243
2026-03-16,E10,1.9664,243
2026-03-17,E10,1.9878,243
2026-03-18,E10,1.9992,243
2026-03-19,E10,2.0045,243
2026-03-20,E10,2.0161,243
2026-03-21,E10,2.0191,243
2026-03-22,E10,2.0193,243
2026-03-23,E10,2.023,243
2026-03-24,E10,2.0213,243
2026-03-25,E10,2.0183,243
2026-03-26,E10,1.9987,243
2026-03-27,E10,2.0115,243
2026-03-28,E10,2.012,243
2026-03-29,E10,2.0118,243
2026-03-30,E10,2.0186,243
2026-03-31,E10,2.022,243
2026-04-01,E10,2.0258,243
2026-04-02,E10,2.0327,243
2026-04-03,E10,2.0371,243
2026-04-04,E10,2.0373,243
2026-04-05,E10,2.038,243
2026-04-06,E10,2.0387,243
2026-04-07,E10,2.0385,243
2026-04-08,E10,2.039,243
2026-04-09,E10,2.0289,243
2026-04-10,E10,2.0206,243
2026-04-11,E10,2.0205,243
2026-04-12,E10,2.0205,243
2026-04-13,E10,2.0193,243
2026-04-14,E10,2.0208,243
2026-04-15,E10,2.0128,243
2026-04-16,E10,2.012,243
2026-04-17,E10,2.0087,243
2026-04-18,E10,1.9928,243
2026-04-19,E10,1.9923,243
2026-04-20,E10,1.9865,243
2026-04-21,E10,1.9969,243
2026-04-22,E10,2.0049,243
2026-04-23,E10,2.0106,243
2026-04-24,E10,2.0153,243
2026-04-25,E10,2.0167,243
2026-04-26,E10,2.0168,243
2026-04-27,E10,2.0192,243
2026-04-28,E10,2.0221,243
2026-04-29,E10,2.0265,243
2026-04-30,E10,2.039,243
2026-05-01,E10,2.0391,243
2026-05-02,E10,2.041,243
2026-05-03,E10,2.0416,243
2026-05-04,E10,2.0409,243
2026-05-05,E10,2.0452,243
2026-05-06,E10,2.05,243
2026-05-07,E10,2.0452,243
2026-05-08,E10,2.041,243
2026-05-09,E10,2.0385,243
2026-05-10,E10,2.0385,243
2026-05-11,E10,2.0393,243
2026-05-12,E10,2.04,243
2026-05-13,E10,2.0479,243
2026-05-14,E10,2.0502,243
2026-05-15,E10,2.0497,243
2026-05-16,E10,2.0511,243
2026-05-17,E10,2.0511,243
2026-05-18,E10,2.0587,243
2026-05-19,E10,2.0668,243
2026-05-20,E10,2.0679,243
2026-05-21,E10,2.0678,243
2026-05-22,E10,2.0637,243
2026-05-23,E10,2.0625,243
2026-05-24,E10,2.0625,243
2026-05-25,E10,2.0581,243
2026-05-26,E10,2.0568,243
2026-05-27,E10,2.0449,243
2026-05-28,E10,2.0326,243
2026-05-29,E10,2.0247,243
2026-05-30,E10,2.0226,243
2026-05-31,E10,2.0218,243
2026-06-01,E10,2.0137,243
2026-06-02,E10,2.007,243
2026-06-03,E10,2.0014,243
2026-06-04,E10,2.0009,243
2026-06-05,E10,1.9944,243
2026-06-06,E10,1.9917,243
2026-06-07,E10,1.9918,243
2026-06-08,E10,1.99,243
2026-06-09,E10,1.9988,243
2026-06-10,E10,1.9898,243
2026-06-11,E10,1.9949,243
2026-06-12,E10,2.0015,243
2026-06-13,E10,1.9975,243
2026-06-14,E10,1.9972,243
2026-06-15,E10,1.9928,243
2026-06-16,E10,1.9811,243
2026-06-17,E10,1.9662,243
2026-06-18,E10,1.9608,243
2026-06-19,E10,1.9566,243
2026-06-20,E10,1.9579,243
2026-06-21,E10,1.958,243
2026-06-22,E10,1.9589,243
2026-06-23,E10,1.9586,243
2026-06-24,E10,1.9575,243
2026-06-25,E10,1.9503,243
2026-06-26,E10,1.9653,242
2026-06-27,E10,1.957,242
2026-06-28,E10,1.9571,242
2026-06-29,E10,1.9559,242
2026-06-30,E10,1.9665,242
2026-07-01,E10,1.9651,242
2026-07-02,E10,1.9695,242
2026-07-03,E10,1.9643,242
2026-07-04,E10,1.9636,242
2026-07-05,E10,1.9661,242
2026-07-06,E10,1.9689,242
2026-07-07,E10,1.9764,242
2026-07-08,E10,1.9723,242
2026-07-09,E10,1.9848,242
2026-07-10,E10,1.9903,242
2026-07-11,E10,1.9861,242
2026-07-12,E10,1.9861,242
2026-07-13,E10,1.9854,242
2026-07-14,E10,1.9938,242
2026-07-15,E10,1.9992,242
2026-07-16,E10,2.0161,242
2026-07-17,E10,2.0493,242
2026-07-18,E10,2.073,242
2026-07-19,E10,2.073,242
2026-07-20,E10,2.0778,242
2026-07-21,E10,2.0818,242
2026-07-22,E10,2.0909,242
2026-07-23,E10,2.0409,242
2026-07-24,E10,2.0437,242
2026-07-25,E10,2.0443,242
2026-07-26,E10,2.0444,242
2026-07-27,E10,2.0415,242
2026-07-28,E10,2.0377,242
2026-07-29,E10,2.0389,242
2026-07-30,E10,2.044,243
2026-07-31,E10,2.0417,243
2026-08-01,E10,2.0414,243
2026-08-02,E10,2.0413,243
2026-08-03,E10,2.0417,243
2026-08-04,E10,2.0374,243
2026-08-05,E10,2.0288,243
2026-08-06,E10,2.0143,243
2026-08-07,E10,2.0083,243
2026-08-08,E10,2.0057,243
2026-08-09,E10,2.006,243
2026-08-10,E10,2.0052,243
2026-08-11,E10,2.0138,243
2026-08-12,E10,2.0244,243
2026-08-13,E10,2.029,243
2026-08-14,E10,2.0329,243
2026-08-15,E10,2.0346,243
2026-08-16,E10,2.0346,243
2026-08-17,E10,2.0369,243
2026-08-18,E10,2.0436,243
2026-08-19,E10,2.0543,243
2026-08-20,E10,2.0579,243
2026-08-21,E10,2.0614,243
2026-08-22,E10,2.062,243
2026-08-23,E10,2.0621,243
2026-08-24,E10,2.0631,243
2026-08-25,E10,2.064,243
2026-08-26,E10,2.0645,243
2026-08-27,E10,2.063,242
2026-08-28,E10,2.0639,242
2026-08-29,E10,2.0658,241
2026-08-30,E10,2.0661,241
2026-08-31,E10,2.0672,241
2026-09-01,E10,2.0859,241
2026-09-02,E10,2.0904,241
2026-09-03,E10,2.1041,241
2026-09-04,E10,2.1157,241
2026-09-05,E10,2.119,241
2026-09-06,E10,2.1192,241
2026-09-07,E10,2.1284,241
2026-09-08,E10,2.1355,241
2026-09-09,E10,2.1372,241
2026-09-10,E10,2.1405,241
2026-09-11,E10,2.1395,241
2026-09-12,E10,2.1422,241
2026-09-13,E10,2.1423,241
2026-09-14,E10,2.1468,241
2026-09-15,E10,2.1549,241
2026-09-16,E10,2.1636,242
2026-09-17,E10,2.1666,242
2026-09-18,E10,2.1618,242
2026-09-19,E10,2.1608,242
2026-09-20,E10,2.1608,242
2025-01-01,E85,0.8546,64
2025-01-02,E85,0.855,69
2025-01-03,E85,0.8571,73
2025-01-04,E85,0.8572,75
2025-01-05,E85,0.8572,75
2025-01-06,E85,0.8571,77
2025-01-07,E85,0.8563,79
2025-01-08,E85,0.8525,80
2025-01-09,E85,0.8499,80
2025-01-10,E85,0.8448,80
2025-01-11,E85,0.8475,84
2025-01-12,E85,0.8475,84
2025-01-13,E85,0.8477,84
2025-01-14,E85,0.8482,84
2025-01-15,E85,0.8483,84
2025-01-16,E85,0.8477,84
2025-01-17,E85,0.8478,85
2025-01-18,E85,0.8472,85
2025-01-19,E85,0.8472,85
2025-01-20,E85,0.8491,86
2025-01-21,E85,0.8493,86
2025-01-22,E85,0.8483,87
2025-01-23,E85,0.848,87
2025-01-24,E85,0.8483,87
2025-01-25,E85,0.8483,87
2025-01-26,E85,0.8483,87
2025-01-27,E85,0.8482,87
2025-01-28,E85,0.8482,87
2025-01-29,E85,0.8485,87
2025-01-30,E85,0.8485,87
2025-01-31,E85,0.8484,87
2025-02-01,E85,0.848,87
2025-02-02,E85,0.848,87
2025-02-03,E85,0.8479,87
2025-02-04,E85,0.848,87
2025-02-05,E85,0.8481,87
2025-02-06,E85,0.848,87
2025-02-07,E85,0.8481,87
2025-02-08,E85,0.8481,87
2025-02-09,E85,0.8481,87
2025-02-10,E85,0.848,87
2025-02-11,E85,0.8479,87
2025-02-12,E85,0.8481,87
2025-02-13,E85,0.8473,87
2025-02-14,E85,0.8475,87
2025-02-15,E85,0.8483,87
2025-02-16,E85,0.8483,87
2025-02-17,E85,0.8469,88
2025-02-18,E85,0.8479,88
2025-02-19,E85,0.8477,88
2025-02-20,E85,0.8483,88
2025-02-21,E85,0.849,88
2025-02-22,E85,0.8519,88
2025-02-23,E85,0.8519,88
2025-02-24,E85,0.8527,88
2025-02-25,E85,0.8537,88
2025-02-26,E85,0.8546,88
2025-02-27,E85,0.8547,89
2025-02-28,E85,0.8475,90
2025-03-01,E85,0.8458,90
2025-03-02,E85,0.8458,90
2025-03-03,E85,0.8456,90
2025-03-04,E85,0.8457,90
2025-03-05,E85,0.8447,91
2025-03-06,E85,0.8446,91
2025-03-07,E85,0.8435,91
2025-03-08,E85,0.8348,91
2025-03-09,E85,0.8344,91
2025-03-10,E85,0.8344,91
2025-03-11,E85,0.8334,91
2025-03-12,E85,0.8332,91
2025-03-13,E85,0.833,91
2025-03-14,E85,0.8331,92
2025-03-15,E85,0.8328,92
2025-03-16,E85,0.8328,92
2025-03-17,E85,0.8325,92
2025-03-18,E85,0.8324,92
2025-03-19,E85,0.8316,92
2025-03-20,E85,0.8266,92
2025-03-21,E85,0.8267,92
2025-03-22,E85,0.8256,92
2025-03-23,E85,0.8257,92
2025-03-24,E85,0.8258,92
2025-03-25,E85,0.8259,92
2025-03-26,E85,0.8245,92
2025-03-27,E85,0.8219,92
2025-03-28,E85,0.8212,92
2025-03-29,E85,0.8211,92
2025-03-30,E85,0.8211,92
2025-03-31,E85,0.8211,92
2025-04-01,E85,0.8209,93
2025-04-02,E85,0.8208,93
2025-04-03,E85,0.8205,93
2025-04-04,E85,0.82,93
2025-04-05,E85,0.8195,93
2025-04-06,E85,0.8195,93
2025-04-07,E85,0.8184,93
2025-04-08,E85,0.8134,93
2025-04-09,E85,0.8132,93
2025-04-10,E85,0.8124,94
2025-04-11,E85,0.8113,95
2025-04-12,E85,0.8079,95
2025-04-13,E85,0.808,95
2025-04-14,E85,0.8076,95
2025-04-15,E85,0.8069,95
2025-04-16,E85,0.8037,95
2025-04-17,E85,0.8022,95
2025-04-18,E85,0.802,95
2025-04-19,E85,0.802,95
2025-04-20,E85,0.802,95
2025-04-21,E85,0.8035,95
2025-04-22,E85,0.8034,95
2025-04-23,E85,0.8034,95
2025-04-24,E85,0.8029,95
2025-04-25,E85,0.8005,95
2025-04-26,E85,0.8004,95
2025-04-27,E85,0.8004,95
2025-04-28,E85,0.8003,95
2025-04-29,E85,0.8003,95
2025-04-30,E85,0.8002,95
2025-05-01,E85,0.7997,95
2025-05-02,E85,0.7997,95
2025-05-03,E85,0.7993,95
2025-05-04,E85,0.7993,95
2025-05-05,E85,0.7989,95
2025-05-06,E85,0.7985,95
2025-05-07,E85,0.7982,95
2025-05-08,E85,0.7972,95
2025-05-09,E85,0.7972,95
2025-05-10,E85,0.7975,95
2025-05-11,E85,0.7975,95
2025-05-12,E85,0.7973,95
2025-05-13,E85,0.7975,95
2025-05-14,E85,0.7977,95
2025-05-15,E85,0.8018,96
2025-05-16,E85,0.8019,96
2025-05-17,E85,0.802,96
2025-05-18,E85,0.802,96
2025-05-19,E85,0.8018,96
2025-05-20,E85,0.8018,96
2025-05-21,E85,0.802,96
2025-05-22,E85,0.8023,96
2025-05-23,E85,0.8028,96
2025-05-24,E85,0.8028,96
2025-05-25,E85,0.8028,96
2025-05-26,E85,0.8028,96
2025-05-27,E85,0.8028,96
2025-05-28,E85,0.8028,96
2025-05-29,E85,0.8027,96
2025-05-30,E85,0.8027,96
2025-05-31,E85,0.8007,96
2025-06-01,E85,0.8007,96
2025-06-02,E85,0.8006,96
2025-06-03,E85,0.8003,96
2025-06-04,E85,0.8003,96
2025-06-05,E85,0.8001,96
2025-06-06,E85,0.8,96
2025-06-07,E85,0.8001,96
2025-06-08,E85,0.8001,96
2025-06-09,E85,0.8001,96
2025-06-10,E85,0.8,96
2025-06-11,E85,0.8002,96
2025-06-12,E85,0.7993,97
2025-06-13,E85,0.7994,97
2025-06-14,E85,0.8007,97
2025-06-15,E85,0.8007,97
2025-06-16,E85,0.8015,97
2025-06-17,E85,0.8017,97
2025-06-18,E85,0.8023,97
2025-06-19,E85,0.8027,97
2025-06-20,E85,0.8039,97
2025-06-21,E85,0.8043,97
2025-06-22,E85,0.8043,97
2025-06-23,E85,0.8041,97
2025-06-24,E85,0.8068,97
2025-06-25,E85,0.8043,97
2025-06-26,E85,0.8016,97
2025-06-27,E85,0.8019,98
2025-06-28,E85,0.8026,98
2025-06-29,E85,0.8026,98
2025-06-30,E85,0.8024,98
2025-07-01,E85,0.8022,98
2025-07-02,E85,0.8005,98
2025-07-03,E85,0.8004,98
2025-07-04,E85,0.7986,98
2025-07-05,E85,0.7985,98
2025-07-06,E85,0.7985,98
2025-07-07,E85,0.8004,98
2025-07-08,E85,0.8005,98
2025-07-09,E85,0.7995,98
2025-07-10,E85,0.8026,98
2025-07-11,E85,0.8048,98
2025-07-12,E85,0.8048,98
2025-07-13,E85,0.8048,98
2025-07-14,E85,0.8043,98
2025-07-15,E85,0.8041,98
2025-07-16,E85,0.8042,98
2025-07-17,E85,0.8042,98
2025-07-18,E85,0.8041,98
2025-07-19,E85,0.8041,98
2025-07-20,E85,0.8039,98
2025-07-21,E85,0.8042,98
2025-07-22,E85,0.804,98
2025-07-23,E85,0.8032,98
2025-07-24,E85,0.8031,98
2025-07-25,E85,0.8029,98
2025-07-26,E85,0.8017,98
2025-07-27,E85,0.8017,98
2025-07-28,E85,0.8017,98
2025-07-29,E85,0.8022,98
2025-07-30,E85,0.8023,98
2025-07-31,E85,0.8017,98
2025-08-01,E85,0.802,98
2025-08-02,E85,0.8021,98
2025-08-03,E85,0.8038,98
2025-08-04,E85,0.8037,98
2025-08-05,E85,0.8031,98
2025-08-06,E85,0.8028,98
2025-08-07,E85,0.8022,98
2025-08-08,E85,0.8029,98
2025-08-09,E85,0.8025,98
2025-08-10,E85,0.8025,98
2025-08-11,E85,0.8025,98
2025-08-12,E85,0.8026,98
2025-08-13,E85,0.8029,98
2025-08-14,E85,0.8018,98
2025-08-15,E85,0.8006,98
2025-08-16,E85,0.8006,98
2025-08-17,E85,0.8006,98
2025-08-18,E85,0.8002,98
2025-08-19,E85,0.8002,98
2025-08-20,E85,0.7999,98
2025-08-21,E85,0.7998,98
2025-08-22,E85,0.8006,98
2025-08-23,E85,0.8007,98
2025-08-24,E85,0.8008,98
2025-08-25,E85,0.8009,98
2025-08-26,E85,0.8009,98
2025-08-27,E85,0.8013,98
2025-08-28,E85,0.8001,98
2025-08-29,E85,0.8004,98
2025-08-30,E85,0.799,98
2025-08-31,E85,0.8004,98
2025-09-01,E85,0.8004,98
2025-09-02,E85,0.8,98
2025-09-03,E85,0.8,98
2025-09-04,E85,0.7985,98
2025-09-05,E85,0.7985,98
2025-09-06,E85,0.7985,98
2025-09-07,E85,0.7993,98
2025-09-08,E85,0.8,98
2025-09-09,E85,0.8,98
2025-09-10,E85,0.8008,98
2025-09-11,E85,0.8009,98
2025-09-12,E85,0.8005,99
2025-09-13,E85,0.8005,99
2025-09-14,E85,0.8007,99
2025-09-15,E85,0.8006,99
2025-09-16,E85,0.8006,99
2025-09-17,E85,0.8007,99
2025-09-18,E85,0.801,99
2025-09-19,E85,0.8011,99
2025-09-20,E85,0.8015,99
2025-09-21,E85,0.8015,99
2025-09-22,E85,0.8017,99
2025-09-23,E85,0.8019,99
2025-09-24,E85,0.8017,99
2025-09-25,E85,0.8017,99
2025-09-26,E85,0.8016,99
2025-09-27,E85,0.8008,99
2025-09-28,E85,0.8009,99
2025-09-29,E85,0.8009,99
2025-09-30,E85,0.8019,99
2025-10-01,E85,0.7991,99
2025-10-02,E85,0.7989,99
2025-10-03,E85,0.7989,99
2025-10-04,E85,0.7987,99
2025-10-05,E85,0.7986,99
2025-10-06,E85,0.7983,99
2025-10-07,E85,0.7982,99
2025-10-08,E85,0.7987,99
2025-10-09,E85,0.7987,99
2025-10-10,E85,0.7989,99
2025-10-11,E85,0.7984,99
2025-10-12,E85,0.7991,99
2025-10-13,E85,0.7989,99
2025-10-14,E85,0.7991,99
2025-10-15,E85,0.8012,99
2025-10-16,E85,0.7996,99
2025-10-17,E85,0.7998,99
2025-10-18,E85,0.7997,99
2025-10-19,E85,0.8013,99
2025-10-20,E85,0.8011,99
2025-10-21,E85,0.8007,99
2025-10-22,E85,0.8002,99
2025-10-23,E85,0.8004,99
2025-10-24,E85,0.8007,99
2025-10-25,E85,0.8009,99
2025-10-26,E85,0.8009,99
2025-10-27,E85,0.8011,99
2025-10-28,E85,0.8011,99
2025-10-29,E85,0.8011,99
2025-10-30,E85,0.8,99
2025-10-31,E85,0.7999,99
2025-11-01,E85,0.8,99
2025-11-02,E85,0.7999,99
2025-11-03,E85,0.7999,99
2025-11-04,E85,0.7999,99
2025-11-05,E85,0.8002,99
2025-11-06,E85,0.7996,99
2025-11-07,E85,0.8068,99
2025-11-08,E85,0.8158,99
2025-11-09,E85,0.8159,99
2025-11-10,E85,0.816,99
2025-11-11,E85,0.8162,99
2025-11-12,E85,0.8163,99
2025-11-13,E85,0.8164,99
2025-11-14,E85,0.8166,99
2025-11-15,E85,0.8168,99
2025-11-16,E85,0.817,99
2025-11-17,E85,0.8171,99
2025-11-18,E85,0.8175,99
2025-11-19,E85,0.8178,99
2025-11-20,E85,0.8176,99
2025-11-21,E85,0.8177,99
2025-11-22,E85,0.8176,99
2025-11-23,E85,0.8176,99
2025-11-24,E85,0.817,99
2025-11-25,E85,0.8147,99
2025-11-26,E85,0.8146,99
2025-11-27,E85,0.8144,99
2025-11-28,E85,0.8146,99
2025-11-29,E85,0.8146,99
2025-11-30,E85,0.8146,99
2025-12-01,E85,0.8148,99
2025-12-02,E85,0.8148,99
2025-12-03,E85,0.8144,99
2025-12-04,E85,0.8143,99
2025-12-05,E85,0.814,99
2025-12-06,E85,0.8107,99
2025-12-07,E85,0.8107,99
2025-12-08,E85,0.8106,99
2025-12-09,E85,0.8105,99
2025-12-10,E85,0.8103,99
2025-12-11,E85,0.8138,99
2025-12-12,E85,0.8096,100
2025-12-13,E85,0.8093,100
2025-12-14,E85,0.809,100
2025-12-15,E85,0.8088,100
2025-12-16,E85,0.8085,100
2025-12-17,E85,0.8085,100
2025-12-18,E85,0.8047,100
2025-12-19,E85,0.8041,100
2025-12-20,E85,0.8039,100
2025-12-21,E85,0.8056,100
2025-12-22,E85,0.8056,100
2025-12-23,E85,0.8055,100
2025-12-24,E85,0.8057,100
2025-12-25,E85,0.8054,100
2025-12-26,E85,0.8054,100
2025-12-27,E85,0.8056,100
2025-12-28,E85,0.8056,100
2025-12-29,E85,0.8054,100
2025-12-30,E85,0.8055,100
2025-12-31,E85,0.8066,100
2026-01-01,E85,0.8091,100
2026-01-02,E85,0.8133,100
2026-01-03,E85,0.8148,100
2026-01-04,E85,0.8148,100
2026-01-05,E85,0.8112,100
2026-01-06,E85,0.8109,100
2026-01-07,E85,0.8117,100
2026-01-08,E85,0.8116,100
2026-01-09,E85,0.8113,100
2026-01-10,E85,0.8121,100
2026-01-11,E85,0.8124,100
2026-01-12,E85,0.8125,100
2026-01-13,E85,0.8127,100
2026-01-14,E85,0.8133,100
2026-01-15,E85,0.8133,100
2026-01-16,E85,0.8136,100
2026-01-17,E85,0.814,100
2026-01-18,E85,0.814,100
2026-01-19,E85,0.8137,100
2026-01-20,E85,0.8133,100
2026-01-21,E85,0.8134,100
2026-01-22,E85,0.8135,100
2026-01-23,E85,0.8138,100
2026-01-24,E85,0.8166,100
2026-01-25,E85,0.8166,100
2026-01-26,E85,0.8168,100
2026-01-27,E85,0.8171,100
2026-01-28,E85,0.8171,100
2026-01-29,E85,0.8172,100
2026-01-30,E85,0.817,100
2026-01-31,E85,0.8281,95
2026-02-01,E85,0.8281,95
2026-02-02,E85,0.8183,95
2026-02-03,E85,0.8239,95
2026-02-04,E85,0.824,95
2026-02-05,E85,0.8241,95
2026-02-06,E85,0.8237,95
2026-02-07,E85,0.8238,95
2026-02-08,E85,0.8238,95
2026-02-09,E85,0.8242,95
2026-02-10,E85,0.8212,95
2026-02-11,E85,0.8221,95
2026-02-12,E85,0.8224,95
2026-02-13,E85,0.8238,95
2026-02-14,E85,0.8238,95
2026-02-15,E85,0.8238,95
2026-02-16,E85,0.824,95
2026-02-17,E85,0.8258,95
2026-02-18,E85,0.8269,95
2026-02-19,E85,0.8256,95
2026-02-20,E85,0.8271,95
2026-02-21,E85,0.8284,95
2026-02-22,E85,0.8306,95
2026-02-23,E85,0.8475,95
2026-02-24,E85,0.8488,95
2026-02-25,E85,0.8499,95
2026-02-26,E85,0.8495,95
2026-02-27,E85,0.8507,95
2026-02-28,E85,0.8518,95
2026-03-01,E85,0.8518,95
2026-03-02,E85,0.855,95
2026-03-03,E85,0.8696,95
2026-03-04,E85,0.8757,95
2026-03-05,E85,0.876,95
2026-03-06,E85,0.8827,95
2026-03-07,E85,0.8934,95
2026-03-08,E85,0.8936,95
2026-03-09,E85,0.8975,95
2026-03-10,E85,0.9057,95
2026-03-11,E85,0.9125,95
2026-03-12,E85,0.9067,95
2026-03-13,E85,0.9149,95
2026-03-14,E85,0.9155,95
2026-03-15,E85,0.9155,95
2026-03-16,E85,0.9156,95
2026-03-17,E85,0.9153,95
2026-03-18,E85,0.916,95
2026-03-19,E85,0.9167,95
2026-03-20,E85,0.9292,95
2026-03-21,E85,0.9279,95
2026-03-22,E85,0.9274,95
2026-03-23,E85,0.9289,95
2026-03-24,E85,0.9291,95
2026-03-25,E85,0.9242,96
2026-03-26,E85,0.9205,96
2026-03-27,E85,0.9211,96
2026-03-28,E85,0.9213,96
2026-03-29,E85,0.9209,96
2026-03-30,E85,0.9254,96
2026-03-31,E85,0.9278,96
2026-04-01,E85,0.9279,96
2026-04-02,E85,0.9396,96
2026-04-03,E85,0.939,96
2026-04-04,E85,0.938,96
2026-04-05,E85,0.9385,96
2026-04-06,E85,0.9383,96
2026-04-07,E85,0.9409,96
2026-04-08,E85,0.9422,96
2026-04-09,E85,0.9424,96
2026-04-10,E85,0.9441,96
2026-04-11,E85,0.944,96
2026-04-12,E85,0.9441,96
2026-04-13,E85,0.9423,96
2026-04-14,E85,0.9389,96
2026-04-15,E85,0.9353,96
2026-04-16,E85,0.9354,96
2026-04-17,E85,0.9354,96
2026-04-18,E85,0.9354,96
2026-04-19,E85,0.9355,96
2026-04-20,E85,0.9289,96
2026-04-21,E85,0.9338,96
2026-04-22,E85,0.936,96
2026-04-23,E85,0.9411,96
2026-04-24,E85,0.9429,96
2026-04-25,E85,0.9426,96
2026-04-26,E85,0.9426,96
2026-04-27,E85,0.9461,96
2026-04-28,E85,0.9524,96
2026-04-29,E85,0.9539,96
2026-04-30,E85,0.9629,96
2026-05-01,E85,0.9635,96
2026-05-02,E85,0.9637,96
2026-05-03,E85,0.9637,96
2026-05-04,E85,0.9616,96
2026-05-05,E85,0.9622,96
2026-05-06,E85,0.9639,96
2026-05-07,E85,0.9565,96
2026-05-08,E85,0.9541,96
2026-05-09,E85,0.9522,96
2026-05-10,E85,0.9522,96
2026-05-11,E85,0.955,96
2026-05-12,E85,0.959,96
2026-05-13,E85,0.976,97
2026-05-14,E85,0.9765,97
2026-05-15,E85,0.9742,97
2026-05-16,E85,0.9745,97
2026-05-17,E85,0.9745,97
2026-05-18,E85,0.9802,97
2026-05-19,E85,0.9826,97
2026-05-20,E85,0.9817,97
2026-05-21,E85,0.9805,97
2026-05-22,E85,0.9768,97
2026-05-23,E85,0.9767,97
2026-05-24,E85,0.9767,97
2026-05-25,E85,0.9745,97
2026-05-26,E85,0.9733,97
2026-05-27,E85,0.9669,97
2026-05-28,E85,0.9582,97
2026-05-29,E85,0.9568,97
2026-05-30,E85,0.9561,97
2026-05-31,E85,0.9559,97
2026-06-01,E85,0.9484,97
2026-06-02,E85,0.9504,97
2026-06-03,E85,0.9477,97
2026-06-04,E85,0.949,97
2026-06-05,E85,0.9403,97
2026-06-06,E85,0.9397,97
2026-06-07,E85,0.9397,97
2026-06-08,E85,0.9414,97
2026-06-09,E85,0.9433,97
2026-06-10,E85,0.9393,97
2026-06-11,E85,0.9436,97
2026-06-12,E85,0.9456,97
2026-06-13,E85,0.9456,97
2026-06-14,E85,0.9457,97
2026-06-15,E85,0.9399,97
2026-06-16,E85,0.9394,97
2026-06-17,E85,0.9355,97
2026-06-18,E85,0.9337,97
2026-06-19,E85,0.9325,97
2026-06-20,E85,0.931,97
2026-06-21,E85,0.931,97
2026-06-22,E85,0.9326,97
2026-06-23,E85,0.9279,97
2026-06-24,E85,0.9233,97
2026-06-25,E85,0.9219,97
2026-06-26,E85,0.9237,97
2026-06-27,E85,0.9224,97
2026-06-28,E85,0.9225,97
2026-06-29,E85,0.9201,97
2026-06-30,E85,0.9201,97
2026-07-01,E85,0.932,97
2026-07-02,E85,0.9315,97
2026-07-03,E85,0.9298,97
2026-07-04,E85,0.9294,97
2026-07-05,E85,0.9306,97
2026-07-06,E85,0.9242,96
2026-07-07,E85,0.9239,96
2026-07-08,E85,0.9242,96
2026-07-09,E85,0.9243,96
2026-07-10,E85,0.9275,96
2026-07-11,E85,0.9269,96
2026-07-12,E85,0.9269,96
2026-07-13,E85,0.9265,96
2026-07-14,E85,0.9275,96
2026-07-15,E85,0.9338,96
2026-07-16,E85,0.9402,96
2026-07-17,E85,0.9419,96
2026-07-18,E85,0.9426,96
2026-07-19,E85,0.9427,96
2026-07-20,E85,0.9454,96
2026-07-21,E85,0.9458,96
2026-07-22,E85,0.9514,96
2026-07-23,E85,0.9506,96
2026-07-24,E85,0.9532,96
2026-07-25,E85,0.9536,96
2026-07-26,E85,0.9537,96
2026-07-27,E85,0.9505,96
2026-07-28,E85,0.9487,96
2026-07-29,E85,0.9507,96
2026-07-30,E85,0.9538,96
2026-07-31,E85,0.9491,96
2026-08-01,E85,0.9491,96
2026-08-02,E85,0.949,96
2026-08-03,E85,0.9489,96
2026-08-04,E85,0.9482,96
2026-08-05,E85,0.9422,96
2026-08-06,E85,0.9374,96
2026-08-07,E85,0.9322,96
2026-08-08,E85,0.9323,96
2026-08-09,E85,0.9324,96
2026-08-10,E85,0.9351,96
2026-08-11,E85,0.9419,96
2026-08-12,E85,0.9448,96
2026-08-13,E85,0.9461,96
2026-08-14,E85,0.9477,96
2026-08-15,E85,0.9497,96
2026-08-16,E85,0.9497,96
2026-08-17,E85,0.9557,96
2026-08-18,E85,0.9559,96
2026-08-19,E85,0.9559,96
2026-08-20,E85,0.9584,96
2026-08-21,E85,0.9601,96
2026-08-22,E85,0.9602,96
2026-08-23,E85,0.9573,94
2026-08-24,E85,0.9573,94
2026-08-25,E85,0.9578,94
2026-08-26,E85,0.9595,94
2026-08-27,E85,0.9578,94
2026-08-28,E85,0.9581,94
2026-08-29,E85,0.9582,94
2026-08-30,E85,0.9582,94
2026-08-31,E85,0.9584,94
2026-09-01,E85,0.9643,94
2026-09-02,E85,0.9644,94
2026-09-03,E85,0.9653,94
2026-09-04,E85,0.9643,94
2026-09-05,E85,0.9648,94
2026-09-06,E85,0.9648,94
2026-09-07,E85,0.9648,94
2026-09-08,E85,0.9648,94
2026-09-09,E85,0.9669,94
2026-09-10,E85,0.967,94
2026-09-11,E85,0.9665,94
2026-09-12,E85,0.9665,94
2026-09-13,E85,0.9665,94
2026-09-14,E85,0.9664,94
2026-09-15,E85,0.9679,94
2026-09-16,E85,0.9686,94
2026-09-17,E85,0.9689,94
2026-09-18,E85,0.9687,94
2026-09-19,E85,0.9689,94
2026-09-20,E85,0.9689,94
2025-01-01,GPLc,1.034,22
2025-01-02,GPLc,1.0344,24
2025-01-03,GPLc,1.0366,25
2025-01-04,GPLc,1.0315,27
2025-01-05,GPLc,1.0315,27
2025-01-06,GPLc,1.0318,27
2025-01-07,GPLc,1.0319,27
2025-01-08,GPLc,1.0304,27
2025-01-09,GPLc,1.0304,27
2025-01-10,GPLc,1.0304,27
2025-01-11,GPLc,1.0414,30
2025-01-12,GPLc,1.0414,30
2025-01-13,GPLc,1.0415,30
2025-01-14,GPLc,1.0434,31
2025-01-15,GPLc,1.0413,32
2025-01-16,GPLc,1.0413,32
2025-01-17,GPLc,1.0415,32
2025-01-18,GPLc,1.0415,32
2025-01-19,GPLc,1.0415,32
2025-01-20,GPLc,1.0416,32
2025-01-21,GPLc,1.0416,32
2025-01-22,GPLc,1.0416,32
2025-01-23,GPLc,1.0416,32
2025-01-24,GPLc,1.0414,32
2025-01-25,GPLc,1.0414,32
2025-01-26,GPLc,1.0414,32
2025-01-27,GPLc,1.0412,32
2025-01-28,GPLc,1.0414,32
2025-01-29,GPLc,1.0414,32
2025-01-30,GPLc,1.0413,32
2025-01-31,GPLc,1.0413,32
2025-02-01,GPLc,1.0413,32
2025-02-02,GPLc,1.0413,32
2025-02-03,GPLc,1.0413,32
2025-02-04,GPLc,1.0413,32
2025-02-05,GPLc,1.0413,32
2025-02-06,GPLc,1.0412,32
2025-02-07,GPLc,1.0411,32
2025-02-08,GPLc,1.0411,32
2025-02-09,GPLc,1.0411,32
2025-02-10,GPLc,1.0411,32
2025-02-11,GPLc,1.0409,32
2025-02-12,GPLc,1.0409,32
2025-02-13,GPLc,1.0409,32
2025-02-14,GPLc,1.0409,32
2025-02-15,GPLc,1.0409,32
2025-02-16,GPLc,1.0409,32
2025-02-17,GPLc,1.0409,32
2025-02-18,GPLc,1.0409,32
2025-02-19,GPLc,1.0409,32
2025-02-20,GPLc,1.0409,32
2025-02-21,GPLc,1.0409,32
2025-02-22,GPLc,1.0409,32
2025-02-23,GPLc,1.0409,32
2025-02-24,GPLc,1.0409,32
2025-02-25,GPLc,1.0409,32
2025-02-26,GPLc,1.0409,32
2025-02-27,GPLc,1.0409,32
2025-02-28,GPLc,1.0409,32
2025-03-01,GPLc,1.0409,32
2025-03-02,GPLc,1.0409,32
2025-03-03,GPLc,1.0412,32
2025-03-04,GPLc,1.0412,32
2025-03-05,GPLc,1.0412,32
2025-03-06,GPLc,1.0411,32
2025-03-07,GPLc,1.0405,32
2025-03-08,GPLc,1.0405,32
2025-03-09,GPLc,1.0405,32
2025-03-10,GPLc,1.0405,32
2025-03-11,GPLc,1.0405,32
2025-03-12,GPLc,1.0383,32
2025-03-13,GPLc,1.0383,32
2025-03-14,GPLc,1.0388,32
2025-03-15,GPLc,1.0388,32
2025-03-16,GPLc,1.0388,32
2025-03-17,GPLc,1.0388,32
2025-03-18,GPLc,1.0388,32
2025-03-19,GPLc,1.0388,32
2025-03-20,GPLc,1.0383,32
2025-03-21,GPLc,1.0383,32
2025-03-22,GPLc,1.0383,32
2025-03-23,GPLc,1.0383,32
2025-03-24,GPLc,1.0383,32
2025-03-25,GPLc,1.0383,32
2025-03-26,GPLc,1.0383,32
2025-03-27,GPLc,1.0383,32
2025-03-28,GPLc,1.0374,32
2025-03-29,GPLc,1.0374,32
2025-03-30,GPLc,1.0374,32
2025-03-31,GPLc,1.0374,32
2025-04-01,GPLc,1.0375,32
2025-04-02,GPLc,1.0375,32
2025-04-03,GPLc,1.0375,32
2025-04-04,GPLc,1.0375,32
2025-04-05,GPLc,1.0375,32
2025-04-06,GPLc,1.0375,32
2025-04-07,GPLc,1.0341,32
2025-04-08,GPLc,1.0338,32
2025-04-09,GPLc,1.0338,32
2025-04-10,GPLc,1.0338,32
2025-04-11,GPLc,1.0326,32
2025-04-12,GPLc,1.0326,32
2025-04-13,GPLc,1.0326,32
2025-04-14,GPLc,1.0326,32
2025-04-15,GPLc,1.0312,33
2025-04-16,GPLc,1.0312,33
2025-04-17,GPLc,1.0312,33
2025-04-18,GPLc,1.0314,33
2025-04-19,GPLc,1.0314,33
2025-04-20,GPLc,1.0314,33
2025-04-21,GPLc,1.0314,33
2025-04-22,GPLc,1.0314,33
2025-04-23,GPLc,1.0314,33
2025-04-24,GPLc,1.0314,33
2025-04-25,GPLc,1.0296,33
2025-04-26,GPLc,1.0296,33
2025-04-27,GPLc,1.0296,33
2025-04-28,GPLc,1.0296,33
2025-04-29,GPLc,1.0296,33
2025-04-30,GPLc,1.0296,33
2025-05-01,GPLc,1.029,33
2025-05-02,GPLc,1.029,33
2025-05-03,GPLc,1.029,33
2025-05-04,GPLc,1.029,33
2025-05-05,GPLc,1.029,33
2025-05-06,GPLc,1.0285,33
2025-05-07,GPLc,1.0285,33
2025-05-08,GPLc,1.0235,33
2025-05-09,GPLc,1.0235,33
2025-05-10,GPLc,1.0235,33
2025-05-11,GPLc,1.0235,33
2025-05-12,GPLc,1.0397,35
2025-05-13,GPLc,1.0398,35
2025-05-14,GPLc,1.0381,35
2025-05-15,GPLc,1.0415,35
2025-05-16,GPLc,1.0415,35
2025-05-17,GPLc,1.0415,35
2025-05-18,GPLc,1.0415,35
2025-05-19,GPLc,1.0415,35
2025-05-20,GPLc,1.0415,35
2025-05-21,GPLc,1.0415,35
2025-05-22,GPLc,1.0415,35
2025-05-23,GPLc,1.0421,35
2025-05-24,GPLc,1.0415,35
2025-05-25,GPLc,1.0409,35
2025-05-26,GPLc,1.0415,35
2025-05-27,GPLc,1.0415,35
2025-05-28,GPLc,1.0415,35
2025-05-29,GPLc,1.0415,35
2025-05-30,GPLc,1.0415,35
2025-05-31,GPLc,1.0415,35
2025-06-01,GPLc,1.0415,35
2025-06-02,GPLc,1.0415,35
2025-06-03,GPLc,1.0421,35
2025-06-04,GPLc,1.0421,35
2025-06-05,GPLc,1.0427,35
2025-06-06,GPLc,1.0427,35
2025-06-07,GPLc,1.0427,35
2025-06-08,GPLc,1.0432,35
2025-06-09,GPLc,1.0432,35
2025-06-10,GPLc,1.0432,35
2025-06-11,GPLc,1.0417,36
2025-06-12,GPLc,1.0209,35
2025-06-13,GPLc,1.0209,35
2025-06-14,GPLc,1.0211,35
2025-06-15,GPLc,1.0211,35
2025-06-16,GPLc,1.0211,35
2025-06-17,GPLc,1.0211,35
2025-06-18,GPLc,1.0223,35
2025-06-19,GPLc,1.0223,35
2025-06-20,GPLc,1.0269,35
2025-06-21,GPLc,1.0269,35
2025-06-22,GPLc,1.0275,35
2025-06-23,GPLc,1.0275,35
2025-06-24,GPLc,1.0275,35
2025-06-25,GPLc,1.0224,35
2025-06-26,GPLc,1.023,35
2025-06-27,GPLc,1.0281,35
2025-06-28,GPLc,1.0281,35
2025-06-29,GPLc,1.0281,35
2025-06-30,GPLc,1.0281,35
2025-07-01,GPLc,1.0281,35
2025-07-02,GPLc,1.0281,35
2025-07-03,GPLc,1.0281,35
2025-07-04,GPLc,1.0282,35
2025-07-05,GPLc,1.0284,35
2025-07-06,GPLc,1.0279,35
2025-07-07,GPLc,1.0284,35
2025-07-08,GPLc,1.0284,35
2025-07-09,GPLc,1.0284,35
2025-07-10,GPLc,1.0284,35
2025-07-11,GPLc,1.0285,35
2025-07-12,GPLc,1.0285,35
2025-07-13,GPLc,1.0285,35
2025-07-14,GPLc,1.0285,35
2025-07-15,GPLc,1.0285,35
2025-07-16,GPLc,1.0285,35
2025-07-17,GPLc,1.0279,35
2025-07-18,GPLc,1.0279,35
2025-07-19,GPLc,1.0285,35
2025-07-20,GPLc,1.0285,35
2025-07-21,GPLc,1.0285,35
2025-07-22,GPLc,1.0285,35
2025-07-23,GPLc,1.0285,35
2025-07-24,GPLc,1.0285,35
2025-07-25,GPLc,1.0283,35
2025-07-26,GPLc,1.0283,35
2025-07-27,GPLc,1.0283,35
2025-07-28,GPLc,1.0283,35
2025-07-29,GPLc,1.0281,35
2025-07-30,GPLc,1.0281,35
2025-07-31,GPLc,1.0283,35
2025-08-01,GPLc,1.0288,35
2025-08-02,GPLc,1.0294,35
2025-08-03,GPLc,1.03,35
2025-08-04,GPLc,1.0305,35
2025-08-05,GPLc,1.0305,35
2025-08-06,GPLc,1.0305,35
2025-08-07,GPLc,1.03,35
2025-08-08,GPLc,1.0305,35
2025-08-09,GPLc,1.0311,35
2025-08-10,GPLc,1.0311,35
2025-08-11,GPLc,1.0311,35
2025-08-12,GPLc,1.0311,35
2025-08-13,GPLc,1.0305,36
2025-08-14,GPLc,1.0305,36
2025-08-15,GPLc,1.0305,36
2025-08-16,GPLc,1.0305,36
2025-08-17,GPLc,1.0305,36
2025-08-18,GPLc,1.0305,36
2025-08-19,GPLc,1.0305,36
2025-08-20,GPLc,1.0299,36
2025-08-21,GPLc,1.0305,36
2025-08-22,GPLc,1.0305,36
2025-08-23,GPLc,1.0305,36
2025-08-24,GPLc,1.0299,36
2025-08-25,GPLc,1.0299,36
2025-08-26,GPLc,1.0305,36
2025-08-27,GPLc,1.0305,36
2025-08-28,GPLc,1.0305,36
2025-08-29,GPLc,1.0305,36
2025-08-30,GPLc,1.0305,36
2025-08-31,GPLc,1.0305,36
2025-09-01,GPLc,1.0305,36
2025-09-02,GPLc,1.0305,36
2025-09-03,GPLc,1.0311,36
2025-09-04,GPLc,1.0252,37
2025-09-05,GPLc,1.0252,37
2025-09-06,GPLc,1.0252,37
2025-09-07,GPLc,1.0241,37
2025-09-08,GPLc,1.0252,37
2025-09-09,GPLc,1.0252,37
2025-09-10,GPLc,1.0252,37
2025-09-11,GPLc,1.0247,37
2025-09-12,GPLc,1.0241,37
2025-09-13,GPLc,1.0241,37
2025-09-14,GPLc,1.0247,37
2025-09-15,GPLc,1.0247,37
2025-09-16,GPLc,1.0247,37
2025-09-17,GPLc,1.0247,37
2025-09-18,GPLc,1.0247,37
2025-09-19,GPLc,1.0247,37
2025-09-20,GPLc,1.0252,37
2025-09-21,GPLc,1.0252,37
2025-09-22,GPLc,1.0258,37
2025-09-23,GPLc,1.0263,37
2025-09-24,GPLc,1.0263,37
2025-09-25,GPLc,1.0263,37
2025-09-26,GPLc,1.0263,37
2025-09-27,GPLc,1.0263,37
2025-09-28,GPLc,1.0268,37
2025-09-29,GPLc,1.0268,37
2025-09-30,GPLc,1.0268,37
2025-10-01,GPLc,1.0263,37
2025-10-02,GPLc,1.0268,37
2025-10-03,GPLc,1.0268,37
2025-10-04,GPLc,1.0268,37
2025-10-05,GPLc,1.0324,36
2025-10-06,GPLc,1.033,36
2025-10-07,GPLc,1.0336,36
2025-10-08,GPLc,1.0326,37
2025-10-09,GPLc,1.0332,37
2025-10-10,GPLc,1.0332,37
2025-10-11,GPLc,1.0324,37
2025-10-12,GPLc,1.0329,37
2025-10-13,GPLc,1.0324,37
2025-10-14,GPLc,1.0331,37
2025-10-15,GPLc,1.0331,37
2025-10-16,GPLc,1.0331,37
2025-10-17,GPLc,1.0331,37
2025-10-18,GPLc,1.0331,37
2025-10-19,GPLc,1.0331,37
2025-10-20,GPLc,1.0331,37
2025-10-21,GPLc,1.0331,37
2025-10-22,GPLc,1.0336,37
2025-10-23,GPLc,1.0336,37
2025-10-24,GPLc,1.0342,37
2025-10-25,GPLc,1.0342,37
2025-10-26,GPLc,1.0342,37
2025-10-27,GPLc,1.0342,37
2025-10-28,GPLc,1.0342,37
2025-10-29,GPLc,1.0342,37
2025-10-30,GPLc,1.0342,37
2025-10-31,GPLc,1.0342,37
2025-11-01,GPLc,1.0342,37
2025-11-02,GPLc,1.0342,37
2025-11-03,GPLc,1.0342,37
2025-11-04,GPLc,1.0342,37
2025-11-05,GPLc,1.0336,37
2025-11-06,GPLc,1.0336,37
2025-11-07,GPLc,1.0336,37
2025-11-08,GPLc,1.0336,37
2025-11-09,GPLc,1.0336,37
2025-11-10,GPLc,1.0336,37
2025-11-11,GPLc,1.0336,37
2025-11-12,GPLc,1.0336,37
2025-11-13,GPLc,1.0336,37
2025-11-14,GPLc,1.0336,37
2025-11-15,GPLc,1.0336,37
2025-11-16,GPLc,1.0336,37
2025-11-17,GPLc,1.0336,37
2025-11-18,GPLc,1.0372,38
2025-11-19,GPLc,1.0372,38
2025-11-20,GPLc,1.0372,38
2025-11-21,GPLc,1.037,38
2025-11-22,GPLc,1.0375,38
2025-11-23,GPLc,1.0375,38
2025-11-24,GPLc,1.0375,38
2025-11-25,GPLc,1.0375,38
2025-11-26,GPLc,1.0375,38
2025-11-27,GPLc,1.0375,38
2025-11-28,GPLc,1.0375,38
2025-11-29,GPLc,1.0375,38
2025-11-30,GPLc,1.037,38
2025-12-01,GPLc,1.0375,38
2025-12-02,GPLc,1.0375,38
2025-12-03,GPLc,1.0375,38
2025-12-04,GPLc,1.0338,38
2025-12-05,GPLc,1.0375,38
2025-12-06,GPLc,1.0377,38
2025-12-07,GPLc,1.0377,38
2025-12-08,GPLc,1.0377,38
2025-12-09,GPLc,1.038,38
2025-12-10,GPLc,1.038,38
2025-12-11,GPLc,1.038,38
2025-12-12,GPLc,1.0414,38
2025-12-13,GPLc,1.041,38
2025-12-14,GPLc,1.041,38
2025-12-15,GPLc,1.0404,38
2025-12-16,GPLc,1.0409,38
2025-12-17,GPLc,1.0409,38
2025-12-18,GPLc,1.0409,38
2025-12-19,GPLc,1.0409,38
2025-12-20,GPLc,1.0404,38
2025-12-21,GPLc,1.0409,38
2025-12-22,GPLc,1.0409,38
2025-12-23,GPLc,1.0409,38
2025-12-24,GPLc,1.041,38
2025-12-25,GPLc,1.041,38
2025-12-26,GPLc,1.041,38
2025-12-27,GPLc,1.0415,38
2025-12-28,GPLc,1.0415,38
2025-12-29,GPLc,1.041,38
2025-12-30,GPLc,1.041,38
2025-12-31,GPLc,1.041,38
2026-01-01,GPLc,1.041,38
2026-01-02,GPLc,1.041,38
2026-01-03,GPLc,1.041,38
2026-01-04,GPLc,1.041,38
2026-01-05,GPLc,1.041,38
2026-01-06,GPLc,1.0415,38
2026-01-07,GPLc,1.042,38
2026-01-08,GPLc,1.0434,38
2026-01-09,GPLc,1.042,38
2026-01-10,GPLc,1.042,38
2026-01-11,GPLc,1.042,38
2026-01-12,GPLc,1.042,38
2026-01-13,GPLc,1.042,38
2026-01-14,GPLc,1.042,38
2026-01-15,GPLc,1.042,38
2026-01-16,GPLc,1.042,38
2026-01-17,GPLc,1.042,38
2026-01-18,GPLc,1.042,38
2026-01-19,GPLc,1.042,38
2026-01-20,GPLc,1.042,38
2026-01-21,GPLc,1.042,38
2026-01-22,GPLc,1.042,38
2026-01-23,GPLc,1.0429,38
2026-01-24,GPLc,1.0429,38
2026-01-25,GPLc,1.0429,38
2026-01-26,GPLc,1.0429,38
2026-01-27,GPLc,1.0429,38
2026-01-28,GPLc,1.0429,38
2026-01-29,GPLc,1.0434,38
2026-01-30,GPLc,1.0434,38
2026-01-31,GPLc,1.0426,35
2026-02-01,GPLc,1.0426,35
2026-02-02,GPLc,1.0426,35
2026-02-03,GPLc,1.0461,35
2026-02-04,GPLc,1.0438,35
2026-02-05,GPLc,1.0435,35
2026-02-06,GPLc,1.0435,35
2026-02-07,GPLc,1.0435,35
2026-02-08,GPLc,1.0435,35
2026-02-09,GPLc,1.0435,35
2026-02-10,GPLc,1.0429,35
2026-02-11,GPLc,1.0448,35
2026-02-12,GPLc,1.0459,35
2026-02-13,GPLc,1.0465,35
2026-02-14,GPLc,1.0465,35
2026-02-15,GPLc,1.0465,35
2026-02-16,GPLc,1.0465,35
2026-02-17,GPLc,1.0465,35
2026-02-18,GPLc,1.0461,35
2026-02-19,GPLc,1.0463,35
2026-02-20,GPLc,1.0435,35
2026-02-21,GPLc,1.0441,35
2026-02-22,GPLc,1.0441,35
2026-02-23,GPLc,1.0435,35
2026-02-24,GPLc,1.0432,35
2026-02-25,GPLc,1.0432,35
2026-02-26,GPLc,1.0432,35
2026-02-27,GPLc,1.0426,35
2026-02-28,GPLc,1.0432,35
2026-03-01,GPLc,1.0432,35
2026-03-02,GPLc,1.0435,35
2026-03-03,GPLc,1.0375,35
2026-03-04,GPLc,1.0401,35
2026-03-05,GPLc,1.0395,35
2026-03-06,GPLc,1.0401,35
2026-03-07,GPLc,1.0415,35
2026-03-08,GPLc,1.0426,35
2026-03-09,GPLc,1.0399,35
2026-03-10,GPLc,1.04,35
2026-03-11,GPLc,1.0402,35
2026-03-12,GPLc,1.0397,35
2026-03-13,GPLc,1.0397,35
2026-03-14,GPLc,1.0399,35
2026-03-15,GPLc,1.0399,35
2026-03-16,GPLc,1.0399,35
2026-03-17,GPLc,1.0399,35
2026-03-18,GPLc,1.0399,35
2026-03-19,GPLc,1.0399,35
2026-03-20,GPLc,1.0419,35
2026-03-21,GPLc,1.0419,35
2026-03-22,GPLc,1.0419,35
2026-03-23,GPLc,1.0426,35
2026-03-24,GPLc,1.0434,35
2026-03-25,GPLc,1.0437,35
2026-03-26,GPLc,1.0434,35
2026-03-27,GPLc,1.0477,35
2026-03-28,GPLc,1.048,35
2026-03-29,GPLc,1.048,35
2026-03-30,GPLc,1.0456,36
2026-03-31,GPLc,1.0469,36
2026-04-01,GPLc,1.0469,36
2026-04-02,GPLc,1.055,36
2026-04-03,GPLc,1.0625,36
2026-04-04,GPLc,1.0678,36
2026-04-05,GPLc,1.0672,35
2026-04-06,GPLc,1.0672,35
2026-04-07,GPLc,1.0704,35
2026-04-08,GPLc,1.0844,35
2026-04-09,GPLc,1.087,35
2026-04-10,GPLc,1.1097,35
2026-04-11,GPLc,1.1129,35
2026-04-12,GPLc,1.1129,35
2026-04-13,GPLc,1.1129,35
2026-04-14,GPLc,1.1135,35
2026-04-15,GPLc,1.1261,35
2026-04-16,GPLc,1.1307,35
2026-04-17,GPLc,1.1382,35
2026-04-18,GPLc,1.1411,35
2026-04-19,GPLc,1.1411,35
2026-04-20,GPLc,1.1408,35
2026-04-21,GPLc,1.1439,35
2026-04-22,GPLc,1.1439,35
2026-04-23,GPLc,1.1439,35
2026-04-24,GPLc,1.1448,35
2026-04-25,GPLc,1.1448,35
2026-04-26,GPLc,1.1448,35
2026-04-27,GPLc,1.1448,35
2026-04-28,GPLc,1.1459,35
2026-04-29,GPLc,1.1459,35
2026-04-30,GPLc,1.1477,35
2026-05-01,GPLc,1.1477,35
2026-05-02,GPLc,1.1477,35
2026-05-03,GPLc,1.1477,35
2026-05-04,GPLc,1.1481,35
2026-05-05,GPLc,1.1454,35
2026-05-06,GPLc,1.1441,35
2026-05-07,GPLc,1.1429,35
2026-05-08,GPLc,1.1429,35
2026-05-09,GPLc,1.1429,35
2026-05-10,GPLc,1.1429,35
2026-05-11,GPLc,1.1421,35
2026-05-12,GPLc,1.1412,35
2026-05-13,GPLc,1.1412,35
2026-05-14,GPLc,1.1324,35
2026-05-15,GPLc,1.1324,35
2026-05-16,GPLc,1.1324,35
2026-05-17,GPLc,1.1324,35
2026-05-18,GPLc,1.1324,35
2026-05-19,GPLc,1.1327,35
2026-05-20,GPLc,1.1327,35
2026-05-21,GPLc,1.1324,35
2026-05-22,GPLc,1.1324,35
2026-05-23,GPLc,1.1324,35
2026-05-24,GPLc,1.1324,35
2026-05-25,GPLc,1.1324,35
2026-05-26,GPLc,1.1324,35
2026-05-27,GPLc,1.1324,35
2026-05-28,GPLc,1.1307,35
2026-05-29,GPLc,1.1307,35
2026-05-30,GPLc,1.1261,35
2026-05-31,GPLc,1.1261,35
2026-06-01,GPLc,1.1261,35
2026-06-02,GPLc,1.1261,35
2026-06-03,GPLc,1.1195,35
2026-06-04,GPLc,1.1195,35
2026-06-05,GPLc,1.1137,35
2026-06-06,GPLc,1.1131,35
2026-06-07,GPLc,1.1131,35
2026-06-08,GPLc,1.1131,35
2026-06-09,GPLc,1.1129,35
2026-06-10,GPLc,1.1107,35
2026-06-11,GPLc,1.1107,35
2026-06-12,GPLc,1.1092,35
2026-06-13,GPLc,1.1098,35
2026-06-14,GPLc,1.1098,35
2026-06-15,GPLc,1.1098,35
2026-06-16,GPLc,1.1098,35
2026-06-17,GPLc,1.1021,35
2026-06-18,GPLc,1.1001,35
2026-06-19,GPLc,1.1001,35
2026-06-20,GPLc,1.1001,35
2026-06-21,GPLc,1.1001,35
2026-06-22,GPLc,1.1001,35
2026-06-23,GPLc,1.0977,35
2026-06-24,GPLc,1.0965,35
2026-06-25,GPLc,1.0957,35
2026-06-26,GPLc,1.0931,35
2026-06-27,GPLc,1.0931,35
2026-06-28,GPLc,1.0931,35
2026-06-29,GPLc,1.0931,35
2026-06-30,GPLc,1.0925,35
2026-07-01,GPLc,1.0931,35
2026-07-02,GPLc,1.0931,35
2026-07-03,GPLc,1.0859,35
2026-07-04,GPLc,1.0859,35
2026-07-05,GPLc,1.0853,35
2026-07-06,GPLc,1.0851,35
2026-07-07,GPLc,1.0851,35
2026-07-08,GPLc,1.0842,35
2026-07-09,GPLc,1.0842,35
2026-07-10,GPLc,1.0842,35
2026-07-11,GPLc,1.0842,35
2026-07-12,GPLc,1.0842,35
2026-07-13,GPLc,1.0848,35
2026-07-14,GPLc,1.0835,35
2026-07-15,GPLc,1.0835,35
2026-07-16,GPLc,1.0835,35
2026-07-17,GPLc,1.0835,35
2026-07-18,GPLc,1.0835,35
2026-07-19,GPLc,1.0835,35
2026-07-20,GPLc,1.0835,35
2026-07-21,GPLc,1.0835,35
2026-07-22,GPLc,1.0835,35
2026-07-23,GPLc,1.0835,35
2026-07-24,GPLc,1.0835,35
2026-07-25,GPLc,1.0866,35
2026-07-26,GPLc,1.0861,35
2026-07-27,GPLc,1.0863,35
2026-07-28,GPLc,1.0858,35
2026-07-29,GPLc,1.0871,36
2026-07-30,GPLc,1.0827,36
2026-07-31,GPLc,1.0821,36
2026-08-01,GPLc,1.0821,36
2026-08-02,GPLc,1.0821,36
2026-08-03,GPLc,1.0821,36
2026-08-04,GPLc,1.0828,36
2026-08-05,GPLc,1.0808,37
2026-08-06,GPLc,1.0808,37
2026-08-07,GPLc,1.0772,37
2026-08-08,GPLc,1.0772,37
2026-08-09,GPLc,1.0772,37
2026-08-10,GPLc,1.0772,37
2026-08-11,GPLc,1.0773,37
2026-08-12,GPLc,1.0773,37
2026-08-13,GPLc,1.0772,37
2026-08-14,GPLc,1.0767,37
2026-08-15,GPLc,1.0767,37
2026-08-16,GPLc,1.0767,37
2026-08-17,GPLc,1.0767,37
2026-08-18,GPLc,1.0767,37
2026-08-19,GPLc,1.0767,37
2026-08-20,GPLc,1.0767,37
2026-08-21,GPLc,1.0767,37
2026-08-22,GPLc,1.0767,37
2026-08-23,GPLc,1.0767,37
2026-08-24,GPLc,1.0767,37
2026-08-25,GPLc,1.0767,37
2026-08-26,GPLc,1.0762,37
2026-08-27,GPLc,1.0762,37
2026-08-28,GPLc,1.0762,37
2026-08-29,GPLc,1.0762,37
2026-08-30,GPLc,1.0762,37
2026-08-31,GPLc,1.0789,37
2026-09-01,GPLc,1.0793,36
2026-09-02,GPLc,1.0809,36
2026-09-03,GPLc,1.0812,36
2026-09-04,GPLc,1.0816,36
2026-09-05,GPLc,1.0816,36
2026-09-06,GPLc,1.0816,36
2026-09-07,GPLc,1.0877,35
2026-09-08,GPLc,1.0877,35
2026-09-09,GPLc,1.0877,35
2026-09-10,GPLc,1.0877,35
2026-09-11,GPLc,1.0877,35
2026-09-12,GPLc,1.0877,35
2026-09-13,GPLc,1.0871,35
2026-09-14,GPLc,1.0741,32
2026-09-15,GPLc,1.0741,32
2026-09-16,GPLc,1.0741,32
2026-09-17,GPLc,1.0645,31
2026-09-18,GPLc,1.0554,30
2026-09-19,GPLc,1.0558,30
2026-09-20,GPLc,1.0558,30
2025-01-01,Gazole,1.7711,151
2025-01-02,Gazole,1.7672,182
2025-01-03,Gazole,1.7751,219
2025-01-04,Gazole,1.7815,227
2025-01-05,Gazole,1.7815,227
2025-01-06,Gazole,1.7806,234
2025-01-07,Gazole,1.7848,237
2025-01-08,Gazole,1.7857,239
2025-01-09,Gazole,1.7856,239
2025-01-10,Gazole,1.7854,239
2025-01-11,Gazole,1.7898,246
2025-01-12,Gazole,1.7902,246
2025-01-13,Gazole,1.7908,247
2025-01-14,Gazole,1.8101,252
2025-01-15,Gazole,1.8153,253
2025-01-16,Gazole,1.8264,254
2025-01-17,Gazole,1.8352,254
2025-01-18,Gazole,1.8414,254
2025-01-19,Gazole,1.8414,254
2025-01-20,Gazole,1.842,255
2025-01-21,Gazole,1.8451,255
2025-01-22,Gazole,1.8432,255
2025-01-23,Gazole,1.8395,255
2025-01-24,Gazole,1.8346,255
2025-01-25,Gazole,1.8294,255
2025-01-26,Gazole,1.8295,255
2025-01-27,Gazole,1.8264,255
2025-01-28,Gazole,1.8198,255
2025-01-29,Gazole,1.8146,255
2025-01-30,Gazole,1.8107,255
2025-01-31,Gazole,1.8079,255
2025-02-01,Gazole,1.8069,255
2025-02-02,Gazole,1.8071,255
2025-02-03,Gazole,1.806,255
2025-02-04,Gazole,1.8066,255
2025-02-05,Gazole,1.8073,255
2025-02-06,Gazole,1.807,255
2025-02-07,Gazole,1.8041,255
2025-02-08,Gazole,1.8028,255
2025-02-09,Gazole,1.8029,255
2025-02-10,Gazole,1.8029,255
2025-02-11,Gazole,1.8061,255
2025-02-12,Gazole,1.8107,255
2025-02-13,Gazole,1.8147,255
2025-02-14,Gazole,1.8136,255
2025-02-15,Gazole,1.8129,255
2025-02-16,Gazole,1.8128,255
2025-02-17,Gazole,1.8123,255
2025-02-18,Gazole,1.8088,255
2025-02-19,Gazole,1.8088,255
2025-02-20,Gazole,1.8105,255
2025-02-21,Gazole,1.8124,255
2025-02-22,Gazole,1.8133,255
2025-02-23,Gazole,1.8133,255
2025-02-24,Gazole,1.8138,256
2025-02-25,Gazole,1.8126,256
2025-02-26,Gazole,1.8103,256
2025-02-27,Gazole,1.8042,256
2025-02-28,Gazole,1.799,257
2025-03-01,Gazole,1.7954,257
2025-03-02,Gazole,1.7947,257
2025-03-03,Gazole,1.7935,257
2025-03-04,Gazole,1.7924,257
2025-03-05,Gazole,1.7857,257
2025-03-06,Gazole,1.7776,257
2025-03-07,Gazole,1.7704,257
2025-03-08,Gazole,1.76,257
2025-03-09,Gazole,1.7594,257
2025-03-10,Gazole,1.7585,257
2025-03-11,Gazole,1.7545,257
2025-03-12,Gazole,1.7497,257
2025-03-13,Gazole,1.7467,257
2025-03-14,Gazole,1.7452,257
2025-03-15,Gazole,1.7421,257
2025-03-16,Gazole,1.7421,257
2025-03-17,Gazole,1.7407,257
2025-03-18,Gazole,1.7392,257
2025-03-19,Gazole,1.7368,257
2025-03-20,Gazole,1.7358,258
2025-03-21,Gazole,1.7352,258
2025-03-22,Gazole,1.735,258
2025-03-23,Gazole,1.735,258
2025-03-24,Gazole,1.7351,258
2025-03-25,Gazole,1.7376,258
2025-03-26,Gazole,1.7393,258
2025-03-27,Gazole,1.7423,258
2025-03-28,Gazole,1.7453,258
2025-03-29,Gazole,1.7463,259
2025-03-30,Gazole,1.7465,259
2025-03-31,Gazole,1.7462,259
2025-04-01,Gazole,1.7462,259
2025-04-02,Gazole,1.747,259
2025-04-03,Gazole,1.7478,259
2025-04-04,Gazole,1.7411,259
2025-04-05,Gazole,1.7272,259
2025-04-06,Gazole,1.7266,259
2025-04-07,Gazole,1.7208,259
2025-04-08,Gazole,1.7121,259
2025-04-09,Gazole,1.7044,259
2025-04-10,Gazole,1.6847,260
2025-04-11,Gazole,1.6813,260
2025-04-12,Gazole,1.6741,260
2025-04-13,Gazole,1.6738,260
2025-04-14,Gazole,1.6714,260
2025-04-15,Gazole,1.6675,260
2025-04-16,Gazole,1.6662,260
2025-04-17,Gazole,1.6664,260
2025-04-18,Gazole,1.6591,260
2025-04-19,Gazole,1.6594,260
2025-04-20,Gazole,1.6594,260
2025-04-21,Gazole,1.6637,260
2025-04-22,Gazole,1.6637,260
2025-04-23,Gazole,1.6657,261
2025-04-24,Gazole,1.6696,261
2025-04-25,Gazole,1.671,261
2025-04-26,Gazole,1.6693,261
2025-04-27,Gazole,1.6694,261
2025-04-28,Gazole,1.6685,261
2025-04-29,Gazole,1.6683,261
2025-04-30,Gazole,1.6658,261
2025-05-01,Gazole,1.6641,261
2025-05-02,Gazole,1.6635,261
2025-05-03,Gazole,1.6608,261
2025-05-04,Gazole,1.6606,261
2025-05-05,Gazole,1.6587,261
2025-05-06,Gazole,1.6527,261
2025-05-07,Gazole,1.6462,261
2025-05-08,Gazole,1.6422,261
2025-05-09,Gazole,1.641,261
2025-05-10,Gazole,1.6439,261
2025-05-11,Gazole,1.6439,261
2025-05-12,Gazole,1.6441,261
2025-05-13,Gazole,1.6491,261
2025-05-14,Gazole,1.656,262
2025-05-15,Gazole,1.6621,262
2025-05-16,Gazole,1.6637,262
2025-05-17,Gazole,1.6671,262
2025-05-18,Gazole,1.667,262
2025-05-19,Gazole,1.6669,262
2025-05-20,Gazole,1.6683,262
2025-05-21,Gazole,1.6686,262
2025-05-22,Gazole,1.668,262
2025-05-23,Gazole,1.6657,262
2025-05-24,Gazole,1.6617,262
2025-05-25,Gazole,1.6617,262
2025-05-26,Gazole,1.6612,262
2025-05-27,Gazole,1.6596,262
2025-05-28,Gazole,1.659,262
2025-05-29,Gazole,1.6595,262
2025-05-30,Gazole,1.6592,262
2025-05-31,Gazole,1.6596,261
2025-06-01,Gazole,1.6596,261
2025-06-02,Gazole,1.6589,261
2025-06-03,Gazole,1.6592,261
2025-06-04,Gazole,1.6599,261
2025-06-05,Gazole,1.66,260
2025-06-06,Gazole,1.6605,260
2025-06-07,Gazole,1.6607,260
2025-06-08,Gazole,1.661,260
2025-06-09,Gazole,1.6609,260
2025-06-10,Gazole,1.6609,260
2025-06-11,Gazole,1.6672,260
2025-06-12,Gazole,1.6703,260
2025-06-13,Gazole,1.6757,261
2025-06-14,Gazole,1.68,260
2025-06-15,Gazole,1.6803,260
2025-06-16,Gazole,1.6834,260
2025-06-17,Gazole,1.6928,260
2025-06-18,Gazole,1.7115,260
2025-06-19,Gazole,1.7289,260
2025-06-20,Gazole,1.7646,260
2025-06-21,Gazole,1.7724,260
2025-06-22,Gazole,1.7727,260
2025-06-23,Gazole,1.7746,260
2025-06-24,Gazole,1.7822,260
2025-06-25,Gazole,1.7613,260
2025-06-26,Gazole,1.7537,260
2025-06-27,Gazole,1.7513,260
2025-06-28,Gazole,1.7437,260
2025-06-29,Gazole,1.7437,260
2025-06-30,Gazole,1.7407,260
2025-07-01,Gazole,1.7335,260
2025-07-02,Gazole,1.7294,260
2025-07-03,Gazole,1.7258,260
2025-07-04,Gazole,1.7254,260
2025-07-05,Gazole,1.7261,260
2025-07-06,Gazole,1.7282,260
2025-07-07,Gazole,1.7294,260
2025-07-08,Gazole,1.7351,260
2025-07-09,Gazole,1.7469,260
2025-07-10,Gazole,1.7537,260
2025-07-11,Gazole,1.7593,260
2025-07-12,Gazole,1.768,260
2025-07-13,Gazole,1.7682,260
2025-07-14,Gazole,1.7687,260
2025-07-15,Gazole,1.7679,260
2025-07-16,Gazole,1.7621,260
2025-07-17,Gazole,1.7567,260
2025-07-18,Gazole,1.7577,260
2025-07-19,Gazole,1.7583,260
2025-07-20,Gazole,1.7582,260
2025-07-21,Gazole,1.7584,260
2025-07-22,Gazole,1.7615,260
2025-07-23,Gazole,1.7651,260
2025-07-24,Gazole,1.7631,260
2025-07-25,Gazole,1.7535,260
2025-07-26,Gazole,1.7489,259
2025-07-27,Gazole,1.7489,259
2025-07-28,Gazole,1.7476,259
2025-07-29,Gazole,1.7493,259
2025-07-30,Gazole,1.7504,259
2025-07-31,Gazole,1.7527,259
2025-08-01,Gazole,1.7504,259
2025-08-02,Gazole,1.7507,259
2025-08-03,Gazole,1.7533,259
2025-08-04,Gazole,1.7546,260
2025-08-05,Gazole,1.7479,260
2025-08-06,Gazole,1.7408,260
2025-08-07,Gazole,1.7345,260
2025-08-08,Gazole,1.726,260
2025-08-09,Gazole,1.7195,260
2025-08-10,Gazole,1.7195,260
2025-08-11,Gazole,1.7182,260
2025-08-12,Gazole,1.7147,260
2025-08-13,Gazole,1.7102,261
2025-08-14,Gazole,1.7071,261
2025-08-15,Gazole,1.6987,261
2025-08-16,Gazole,1.698,261
2025-08-17,Gazole,1.6981,261
2025-08-18,Gazole,1.697,261
2025-08-19,Gazole,1.6934,262
2025-08-20,Gazole,1.6908,262
2025-08-21,Gazole,1.6941,262
2025-08-22,Gazole,1.7026,262
2025-08-23,Gazole,1.7104,262
2025-08-24,Gazole,1.7105,262
2025-08-25,Gazole,1.7106,262
2025-08-26,Gazole,1.7149,262
2025-08-27,Gazole,1.7157,262
2025-08-28,Gazole,1.7134,262
2025-08-29,Gazole,1.7115,262
2025-08-30,Gazole,1.7105,262
2025-08-31,Gazole,1.7123,262
2025-09-01,Gazole,1.7134,262
2025-09-02,Gazole,1.7111,262
2025-09-03,Gazole,1.7179,262
2025-09-04,Gazole,1.7226,262
2025-09-05,Gazole,1.7197,262
2025-09-06,Gazole,1.7199,262
2025-09-07,Gazole,1.7214,262
2025-09-08,Gazole,1.7235,262
2025-09-09,Gazole,1.7245,262
2025-09-10,Gazole,1.7275,262
2025-09-11,Gazole,1.7293,262
2025-09-12,Gazole,1.7282,263
2025-09-13,Gazole,1.728,263
2025-09-14,Gazole,1.7282,263
2025-09-15,Gazole,1.7282,263
2025-09-16,Gazole,1.7285,263
2025-09-17,Gazole,1.7311,264
2025-09-18,Gazole,1.7345,264
2025-09-19,Gazole,1.7337,264
2025-09-20,Gazole,1.7341,264
2025-09-21,Gazole,1.7341,264
2025-09-22,Gazole,1.734,264
2025-09-23,Gazole,1.7329,264
2025-09-24,Gazole,1.7327,264
2025-09-25,Gazole,1.7372,264
2025-09-26,Gazole,1.7415,264
2025-09-27,Gazole,1.747,264
2025-09-28,Gazole,1.7471,264
2025-09-29,Gazole,1.7484,264
2025-09-30,Gazole,1.7502,264
2025-10-01,Gazole,1.7465,264
2025-10-02,Gazole,1.7395,264
2025-10-03,Gazole,1.7318,264
2025-10-04,Gazole,1.7248,264
2025-10-05,Gazole,1.7247,264
2025-10-06,Gazole,1.7237,264
2025-10-07,Gazole,1.7232,264
2025-10-08,Gazole,1.7202,264
2025-10-09,Gazole,1.7195,264
2025-10-10,Gazole,1.7249,264
2025-10-11,Gazole,1.7196,264
2025-10-12,Gazole,1.7198,264
2025-10-13,Gazole,1.719,264
2025-10-14,Gazole,1.7214,264
2025-10-15,Gazole,1.7156,264
2025-10-16,Gazole,1.7112,264
2025-10-17,Gazole,1.7075,264
2025-10-18,Gazole,1.7066,264
2025-10-19,Gazole,1.7086,264
2025-10-20,Gazole,1.7019,264
2025-10-21,Gazole,1.6971,264
2025-10-22,Gazole,1.6905,264
2025-10-23,Gazole,1.6909,264
2025-10-24,Gazole,1.7051,264
2025-10-25,Gazole,1.7086,264
2025-10-26,Gazole,1.7088,264
2025-10-27,Gazole,1.7129,264
2025-10-28,Gazole,1.7221,264
2025-10-29,Gazole,1.7296,264
2025-10-30,Gazole,1.7372,264
2025-10-31,Gazole,1.7439,264
2025-11-01,Gazole,1.7457,264
2025-11-02,Gazole,1.7456,264
2025-11-03,Gazole,1.746,264
2025-11-04,Gazole,1.7551,264
2025-11-05,Gazole,1.7657,264
2025-11-06,Gazole,1.7733,264
2025-11-07,Gazole,1.7816,264
2025-11-08,Gazole,1.7975,264
2025-11-09,Gazole,1.7976,264
2025-11-10,Gazole,1.799,264
2025-11-11,Gazole,1.798,264
2025-11-12,Gazole,1.7986,264
2025-11-13,Gazole,1.7992,264
2025-11-14,Gazole,1.7927,264
2025-11-15,Gazole,1.7996,264
2025-11-16,Gazole,1.7998,264
2025-11-17,Gazole,1.7998,264
2025-11-18,Gazole,1.8008,264
2025-11-19,Gazole,1.8179,264
2025-11-20,Gazole,1.8162,264
2025-11-21,Gazole,1.8222,264
2025-11-22,Gazole,1.8125,264
2025-11-23,Gazole,1.8126,264
2025-11-24,Gazole,1.8117,264
2025-11-25,Gazole,1.8003,264
2025-11-26,Gazole,1.7911,264
2025-11-27,Gazole,1.7735,264
2025-11-28,Gazole,1.7649,264
2025-11-29,Gazole,1.7583,264
2025-11-30,Gazole,1.7582,264
2025-12-01,Gazole,1.7575,264
2025-12-02,Gazole,1.7556,264
2025-12-03,Gazole,1.7518,264
2025-12-04,Gazole,1.7464,264
2025-12-05,Gazole,1.7366,264
2025-12-06,Gazole,1.7364,264
2025-12-07,Gazole,1.7364,264
2025-12-08,Gazole,1.7357,264
2025-12-09,Gazole,1.7342,264
2025-12-10,Gazole,1.7276,264
2025-12-11,Gazole,1.7272,264
2025-12-12,Gazole,1.7091,264
2025-12-13,Gazole,1.7038,264
2025-12-14,Gazole,1.7027,264
2025-12-15,Gazole,1.7001,264
2025-12-16,Gazole,1.695,264
2025-12-17,Gazole,1.6839,264
2025-12-18,Gazole,1.6824,264
2025-12-19,Gazole,1.6784,264
2025-12-20,Gazole,1.6783,264
2025-12-21,Gazole,1.6816,264
2025-12-22,Gazole,1.6806,264
2025-12-23,Gazole,1.6819,264
2025-12-24,Gazole,1.6771,264
2025-12-25,Gazole,1.6842,264
2025-12-26,Gazole,1.6844,264
2025-12-27,Gazole,1.6879,264
2025-12-28,Gazole,1.688,264
2025-12-29,Gazole,1.6878,264
2025-12-30,Gazole,1.6878,264
2025-12-31,Gazole,1.6898,264
2026-01-01,Gazole,1.7109,264
2026-01-02,Gazole,1.723,264
2026-01-03,Gazole,1.7245,264
2026-01-04,Gazole,1.7247,264
2026-01-05,Gazole,1.7169,264
2026-01-06,Gazole,1.7194,264
2026-01-07,Gazole,1.7177,264
2026-01-08,Gazole,1.7189,264
2026-01-09,Gazole,1.7168,264
2026-01-10,Gazole,1.715,264
2026-01-11,Gazole,1.7151,264
2026-01-12,Gazole,1.7155,264
2026-01-13,Gazole,1.7182,264
2026-01-14,Gazole,1.7239,264
2026-01-15,Gazole,1.7346,264
2026-01-16,Gazole,1.736,264
2026-01-17,Gazole,1.7372,264
2026-01-18,Gazole,1.7372,264
2026-01-19,Gazole,1.737,264
2026-01-20,Gazole,1.7401,264
2026-01-21,Gazole,1.7429,264
2026-01-22,Gazole,1.7533,264
2026-01-23,Gazole,1.7495,264
2026-01-24,Gazole,1.7503,264
2026-01-25,Gazole,1.7504,264
2026-01-26,Gazole,1.7506,264
2026-01-27,Gazole,1.7499,264
2026-01-28,Gazole,1.7457,264
2026-01-29,Gazole,1.7501,264
2026-01-30,Gazole,1.753,264
2026-01-31,Gazole,1.7627,254
2026-02-01,Gazole,1.763,254
2026-02-02,Gazole,1.7649,254
2026-02-03,Gazole,1.7678,254
2026-02-04,Gazole,1.7667,254
2026-02-05,Gazole,1.7658,254
2026-02-06,Gazole,1.764,254
2026-02-07,Gazole,1.7637,254
2026-02-08,Gazole,1.7637,254
2026-02-09,Gazole,1.7638,254
2026-02-10,Gazole,1.7626,254
2026-02-11,Gazole,1.7615,254
2026-02-12,Gazole,1.7632,254
2026-02-13,Gazole,1.7614,254
2026-02-14,Gazole,1.7575,254
2026-02-15,Gazole,1.7574,254
2026-02-16,Gazole,1.7568,254
2026-02-17,Gazole,1.7555,254
2026-02-18,Gazole,1.756,254
2026-02-19,Gazole,1.7586,254
2026-02-20,Gazole,1.7775,254
2026-02-21,Gazole,1.7793,254
2026-02-22,Gazole,1.7817,254
2026-02-23,Gazole,1.7829,254
2026-02-24,Gazole,1.7893,254
2026-02-25,Gazole,1.792,254
2026-02-26,Gazole,1.7927,254
2026-02-27,Gazole,1.7987,254
2026-02-28,Gazole,1.8032,254
2026-03-01,Gazole,1.8034,254
2026-03-02,Gazole,1.8119,254
2026-03-03,Gazole,1.9051,254
2026-03-04,Gazole,1.9847,254
2026-03-05,Gazole,1.9912,254
2026-03-06,Gazole,2.0275,254
2026-03-07,Gazole,2.0303,254
2026-03-08,Gazole,2.0311,254
2026-03-09,Gazole,2.06,255
2026-03-10,Gazole,2.068,255
2026-03-11,Gazole,2.0641,255
2026-03-12,Gazole,2.0618,255
2026-03-13,Gazole,2.092,256
2026-03-14,Gazole,2.0931,256
2026-03-15,Gazole,2.0936,256
2026-03-16,Gazole,2.0969,256
2026-03-17,Gazole,2.1302,256
2026-03-18,Gazole,2.1412,256
2026-03-19,Gazole,2.1704,256
2026-03-20,Gazole,2.1979,256
2026-03-21,Gazole,2.2047,256
2026-03-22,Gazole,2.2063,256
2026-03-23,Gazole,2.2239,256
2026-03-24,Gazole,2.2261,256
2026-03-25,Gazole,2.2215,256
2026-03-26,Gazole,2.213,256
2026-03-27,Gazole,2.2147,256
2026-03-28,Gazole,2.2166,256
2026-03-29,Gazole,2.2165,256
2026-03-30,Gazole,2.231,256
2026-03-31,Gazole,2.2365,256
2026-04-01,Gazole,2.245,256
2026-04-02,Gazole,2.262,256
2026-04-03,Gazole,2.2918,256
2026-04-04,Gazole,2.2982,256
2026-04-05,Gazole,2.3036,256
2026-04-06,Gazole,2.3059,256
2026-04-07,Gazole,2.3173,256
2026-04-08,Gazole,2.3727,256
2026-04-09,Gazole,2.3667,256
2026-04-10,Gazole,2.3429,256
2026-04-11,Gazole,2.3258,256
2026-04-12,Gazole,2.3299,256
2026-04-13,Gazole,2.3184,256
2026-04-14,Gazole,2.3141,256
2026-04-15,Gazole,2.2972,256
2026-04-16,Gazole,2.281,256
2026-04-17,Gazole,2.2673,256
2026-04-18,Gazole,2.2155,256
2026-04-19,Gazole,2.2149,256
2026-04-20,Gazole,2.1981,256
2026-04-21,Gazole,2.1958,256
2026-04-22,Gazole,2.1955,256
2026-04-23,Gazole,2.2172,256
2026-04-24,Gazole,2.2233,256
2026-04-25,Gazole,2.2307,256
2026-04-26,Gazole,2.2316,256
2026-04-27,Gazole,2.2361,256
2026-04-28,Gazole,2.2486,256
2026-04-29,Gazole,2.2458,256
2026-04-30,Gazole,2.2632,256
2026-05-01,Gazole,2.2022,255
2026-05-02,Gazole,2.2016,255
2026-05-03,Gazole,2.2027,255
2026-05-04,Gazole,2.2634,255
2026-05-05,Gazole,2.2687,255
2026-05-06,Gazole,2.2655,255
2026-05-07,Gazole,2.2331,255
2026-05-08,Gazole,2.1808,255
2026-05-09,Gazole,2.1733,255
2026-05-10,Gazole,2.1741,255
2026-05-11,Gazole,2.1958,255
2026-05-12,Gazole,2.1999,255
2026-05-13,Gazole,2.2115,255
2026-05-14,Gazole,2.1598,255
2026-05-15,Gazole,2.1487,255
2026-05-16,Gazole,2.1481,255
2026-05-17,Gazole,2.1488,255
2026-05-18,Gazole,2.2085,255
2026-05-19,Gazole,2.2223,255
2026-05-20,Gazole,2.2171,255
2026-05-21,Gazole,2.1985,255
2026-05-22,Gazole,2.1866,255
2026-05-23,Gazole,2.1475,255
2026-05-24,Gazole,2.1468,255
2026-05-25,Gazole,2.1399,255
2026-05-26,Gazole,2.1577,255
2026-05-27,Gazole,2.122,255
2026-05-28,Gazole,2.0978,255
2026-05-29,Gazole,2.0783,255
2026-05-30,Gazole,2.1173,255
2026-05-31,Gazole,2.1166,255
2026-06-01,Gazole,2.064,255
2026-06-02,Gazole,2.1079,255
2026-06-03,Gazole,2.097,255
2026-06-04,Gazole,2.13,255
2026-06-05,Gazole,2.1123,255
2026-06-06,Gazole,2.0959,255
2026-06-07,Gazole,2.0958,255
2026-06-08,Gazole,2.093,255
2026-06-09,Gazole,2.103,255
2026-06-10,Gazole,2.0761,255
2026-06-11,Gazole,2.0821,255
2026-06-12,Gazole,2.0833,255
2026-06-13,Gazole,2.0574,255
2026-06-14,Gazole,2.0577,255
2026-06-15,Gazole,2.0447,255
2026-06-16,Gazole,2.0244,255
2026-06-17,Gazole,1.9953,255
2026-06-18,Gazole,1.9889,255
2026-06-19,Gazole,1.9635,255
2026-06-20,Gazole,1.9779,255
2026-06-21,Gazole,1.9778,255
2026-06-22,Gazole,1.9773,255
2026-06-23,Gazole,1.9637,255
2026-06-24,Gazole,1.9593,255
2026-06-25,Gazole,1.9609,255
2026-06-26,Gazole,1.9767,254
2026-06-27,Gazole,1.9521,254
2026-06-28,Gazole,1.9522,254
2026-06-29,Gazole,1.9497,254
2026-06-30,Gazole,1.9686,254
2026-07-01,Gazole,1.9688,254
2026-07-02,Gazole,1.972,254
2026-07-03,Gazole,1.9669,254
2026-07-04,Gazole,1.9668,254
2026-07-05,Gazole,1.969,254
2026-07-06,Gazole,1.9706,254
2026-07-07,Gazole,1.9789,254
2026-07-08,Gazole,1.979,254
2026-07-09,Gazole,1.9992,254
2026-07-10,Gazole,2.0298,254
2026-07-11,Gazole,2.0481,254
2026-07-12,Gazole,2.0483,254
2026-07-13,Gazole,2.0499,254
2026-07-14,Gazole,2.0709,254
2026-07-15,Gazole,2.0887,254
2026-07-16,Gazole,2.1213,254
2026-07-17,Gazole,2.1635,254
2026-07-18,Gazole,2.1872,254
2026-07-19,Gazole,2.1873,254
2026-07-20,Gazole,2.1917,254
2026-07-21,Gazole,2.21,254
2026-07-22,Gazole,2.2151,254
2026-07-23,Gazole,2.2227,254
2026-07-24,Gazole,2.2404,254
2026-07-25,Gazole,2.2459,254
2026-07-26,Gazole,2.2475,254
2026-07-27,Gazole,2.2422,254
2026-07-28,Gazole,2.239,254
2026-07-29,Gazole,2.2378,254
2026-07-30,Gazole,2.2507,255
2026-07-31,Gazole,2.2529,255
2026-08-01,Gazole,2.2521,255
2026-08-02,Gazole,2.2522,255
2026-08-03,Gazole,2.2618,255
2026-08-04,Gazole,2.2544,255
2026-08-05,Gazole,2.2371,255
2026-08-06,Gazole,2.2183,255
2026-08-07,Gazole,2.2102,255
2026-08-08,Gazole,2.2084,255
2026-08-09,Gazole,2.2088,255
2026-08-10,Gazole,2.2089,255
2026-08-11,Gazole,2.2246,255
2026-08-12,Gazole,2.2361,255
2026-08-13,Gazole,2.2488,255
2026-08-14,Gazole,2.2548,255
2026-08-15,Gazole,2.248,255
2026-08-16,Gazole,2.2479,255
2026-08-17,Gazole,2.2553,254
2026-08-18,Gazole,2.264,254
2026-08-19,Gazole,2.2735,254
2026-08-20,Gazole,2.2802,254
2026-08-21,Gazole,2.2827,254
2026-08-22,Gazole,2.2831,254
2026-08-23,Gazole,2.2834,252
2026-08-24,Gazole,2.283,252
2026-08-25,Gazole,2.283,252
2026-08-26,Gazole,2.2788,252
2026-08-27,Gazole,2.2694,252
2026-08-28,Gazole,2.26,251
2026-08-29,Gazole,2.2531,250
2026-08-30,Gazole,2.2531,250
2026-08-31,Gazole,2.2601,250
2026-09-01,Gazole,2.2709,250
2026-09-02,Gazole,2.2948,250
2026-09-03,Gazole,2.3093,250
2026-09-04,Gazole,2.3214,250
2026-09-05,Gazole,2.3236,250
2026-09-06,Gazole,2.3235,250
2026-09-07,Gazole,2.329,250
2026-09-08,Gazole,2.3357,250
2026-09-09,Gazole,2.3425,250
2026-09-10,Gazole,2.3466,250
2026-09-11,Gazole,2.3506,250
2026-09-12,Gazole,2.3547,250
2026-09-13,Gazole,2.3548,250
2026-09-14,Gazole,2.3643,250
2026-09-15,Gazole,2.3746,250
2026-09-16,Gazole,2.3881,250
2026-09-17,Gazole,2.402,250
2026-09-18,Gazole,2.4054,250
2026-09-19,Gazole,2.4069,250
2026-09-20,Gazole,2.4069,250
2025-01-01,SP95,1.8757,3
2025-01-02,SP95,1.8218,12
2025-01-03,SP95,1.8194,18
2025-01-04,SP95,1.8261,19
2025-01-05,SP95,1.8261,19
2025-01-06,SP95,1.8262,25
2025-01-07,SP95,1.8285,26
2025-01-08,SP95,1.8264,26
2025-01-09,SP95,1.8236,26
2025-01-10,SP95,1.8245,26
2025-01-11,SP95,1.8299,27
2025-01-12,SP95,1.8299,27
2025-01-13,SP95,1.8316,27
2025-01-14,SP95,1.8451,28
2025-01-15,SP95,1.8465,28
2025-01-16,SP95,1.8479,28
2025-01-17,SP95,1.8562,28
2025-01-18,SP95,1.857,28
2025-01-19,SP95,1.857,28
2025-01-20,SP95,1.8578,28
2025-01-21,SP95,1.8581,28
2025-01-22,SP95,1.8573,28
2025-01-23,SP95,1.8565,28
2025-01-24,SP95,1.8545,28
2025-01-25,SP95,1.8535,28
2025-01-26,SP95,1.8535,28
2025-01-27,SP95,1.8536,28
2025-01-28,SP95,1.8474,28
2025-01-29,SP95,1.8474,29
2025-01-30,SP95,1.8458,29
2025-01-31,SP95,1.8452,29
2025-02-01,SP95,1.8459,29
2025-02-02,SP95,1.8466,29
2025-02-03,SP95,1.8474,29
2025-02-04,SP95,1.8462,28
2025-02-05,SP95,1.8447,28
2025-02-06,SP95,1.8454,28
2025-02-07,SP95,1.8452,28
2025-02-08,SP95,1.8455,28
2025-02-09,SP95,1.8455,28
2025-02-10,SP95,1.8455,28
2025-02-11,SP95,1.847,28
2025-02-12,SP95,1.8506,28
2025-02-13,SP95,1.8515,28
2025-02-14,SP95,1.8472,28
2025-02-15,SP95,1.8461,28
2025-02-16,SP95,1.8458,28
2025-02-17,SP95,1.8452,28
2025-02-18,SP95,1.841,28
2025-02-19,SP95,1.8435,28
2025-02-20,SP95,1.8445,28
2025-02-21,SP95,1.8378,28
2025-02-22,SP95,1.8391,28
2025-02-23,SP95,1.8391,28
2025-02-24,SP95,1.8388,28
2025-02-25,SP95,1.8364,28
2025-02-26,SP95,1.8315,28
2025-02-27,SP95,1.827,28
2025-02-28,SP95,1.8206,28
2025-03-01,SP95,1.816,27
2025-03-02,SP95,1.816,27
2025-03-03,SP95,1.8159,27
2025-03-04,SP95,1.8127,27
2025-03-05,SP95,1.8073,27
2025-03-06,SP95,1.8003,27
2025-03-07,SP95,1.7833,27
2025-03-08,SP95,1.7819,27
2025-03-09,SP95,1.7819,27
2025-03-10,SP95,1.7801,27
2025-03-11,SP95,1.7733,27
2025-03-12,SP95,1.769,27
2025-03-13,SP95,1.7649,27
2025-03-14,SP95,1.77,27
2025-03-15,SP95,1.7703,27
2025-03-16,SP95,1.7703,27
2025-03-17,SP95,1.7676,27
2025-03-18,SP95,1.767,27
2025-03-19,SP95,1.7677,27
2025-03-20,SP95,1.7666,27
2025-03-21,SP95,1.7675,27
2025-03-22,SP95,1.7683,27
2025-03-23,SP95,1.7693,27
2025-03-24,SP95,1.7696,27
2025-03-25,SP95,1.7736,27
2025-03-26,SP95,1.7767,27
2025-03-27,SP95,1.7804,27
2025-03-28,SP95,1.7949,27
2025-03-29,SP95,1.8008,28
2025-03-30,SP95,1.8008,28
2025-03-31,SP95,1.8027,28
2025-04-01,SP95,1.8086,28
2025-04-02,SP95,1.8102,28
2025-04-03,SP95,1.8129,28
2025-04-04,SP95,1.8105,28
2025-04-05,SP95,1.8089,28
2025-04-06,SP95,1.8088,28
2025-04-07,SP95,1.8036,28
2025-04-08,SP95,1.7856,28
2025-04-09,SP95,1.779,28
2025-04-10,SP95,1.787,29
2025-04-11,SP95,1.7716,29
2025-04-12,SP95,1.7661,29
2025-04-13,SP95,1.7654,29
2025-04-14,SP95,1.7643,29
2025-04-15,SP95,1.7598,29
2025-04-16,SP95,1.764,29
2025-04-17,SP95,1.7621,29
2025-04-18,SP95,1.7363,29
2025-04-19,SP95,1.7395,29
2025-04-20,SP95,1.7409,29
2025-04-21,SP95,1.7596,29
2025-04-22,SP95,1.7623,29
2025-04-23,SP95,1.7613,29
2025-04-24,SP95,1.7621,29
2025-04-25,SP95,1.7632,29
2025-04-26,SP95,1.7644,29
2025-04-27,SP95,1.7644,29
2025-04-28,SP95,1.7661,29
2025-04-29,SP95,1.7646,29
2025-04-30,SP95,1.7622,29
2025-05-01,SP95,1.7616,29
2025-05-02,SP95,1.7602,29
2025-05-03,SP95,1.7599,29
2025-05-04,SP95,1.7599,29
2025-05-05,SP95,1.7823,30
2025-05-06,SP95,1.7723,30
2025-05-07,SP95,1.7673,30
2025-05-08,SP95,1.7678,30
2025-05-09,SP95,1.7674,30
2025-05-10,SP95,1.7707,30
2025-05-11,SP95,1.7707,30
2025-05-12,SP95,1.7731,30
2025-05-13,SP95,1.7798,30
2025-05-14,SP95,1.8072,31
2025-05-15,SP95,1.8113,31
2025-05-16,SP95,1.8135,31
2025-05-17,SP95,1.8129,31
2025-05-18,SP95,1.8126,31
2025-05-19,SP95,1.8125,31
2025-05-20,SP95,1.8129,31
2025-05-21,SP95,1.8146,31
2025-05-22,SP95,1.8143,31
2025-05-23,SP95,1.815,31
2025-05-24,SP95,1.816,31
2025-05-25,SP95,1.816,31
2025-05-26,SP95,1.8159,31
2025-05-27,SP95,1.8151,31
2025-05-28,SP95,1.8147,31
2025-05-29,SP95,1.814,31
2025-05-30,SP95,1.8116,31
2025-05-31,SP95,1.8117,31
2025-06-01,SP95,1.8117,31
2025-06-02,SP95,1.8108,31
2025-06-03,SP95,1.8113,31
2025-06-04,SP95,1.8111,31
2025-06-05,SP95,1.7892,30
2025-06-06,SP95,1.7888,30
2025-06-07,SP95,1.7888,30
2025-06-08,SP95,1.7888,30
2025-06-09,SP95,1.7888,30
2025-06-10,SP95,1.7893,30
2025-06-11,SP95,1.7907,30
2025-06-12,SP95,1.7932,30
2025-06-13,SP95,1.7935,30
2025-06-14,SP95,1.7735,29
2025-06-15,SP95,1.7735,29
2025-06-16,SP95,1.7795,29
2025-06-17,SP95,1.7847,29
2025-06-18,SP95,1.7847,29
2025-06-19,SP95,1.789,29
2025-06-20,SP95,1.7994,29
2025-06-21,SP95,1.804,29
2025-06-22,SP95,1.804,29
2025-06-23,SP95,1.8113,29
2025-06-24,SP95,1.8119,29
2025-06-25,SP95,1.8102,29
2025-06-26,SP95,1.8031,29
2025-06-27,SP95,1.8002,29
2025-06-28,SP95,1.7953,29
2025-06-29,SP95,1.7953,29
2025-06-30,SP95,1.7887,29
2025-07-01,SP95,1.7846,29
2025-07-02,SP95,1.7797,29
2025-07-03,SP95,1.7774,28
2025-07-04,SP95,1.7504,28
2025-07-05,SP95,1.7515,28
2025-07-06,SP95,1.7636,28
2025-07-07,SP95,1.7715,28
2025-07-08,SP95,1.7727,28
2025-07-09,SP95,1.773,28
2025-07-10,SP95,1.7788,28
2025-07-11,SP95,1.7816,28
2025-07-12,SP95,1.7822,28
2025-07-13,SP95,1.7822,28
2025-07-14,SP95,1.7815,28
2025-07-15,SP95,1.7818,28
2025-07-16,SP95,1.7815,28
2025-07-17,SP95,1.7783,28
2025-07-18,SP95,1.7765,28
2025-07-19,SP95,1.7779,28
2025-07-20,SP95,1.7783,28
2025-07-21,SP95,1.7781,28
2025-07-22,SP95,1.778,28
2025-07-23,SP95,1.7756,28
2025-07-24,SP95,1.7747,28
2025-07-25,SP95,1.7737,28
2025-07-26,SP95,1.7733,28
2025-07-27,SP95,1.7734,28
2025-07-28,SP95,1.7761,29
2025-07-29,SP95,1.776,29
2025-07-30,SP95,1.7789,29
2025-07-31,SP95,1.7782,29
2025-08-01,SP95,1.7644,29
2025-08-02,SP95,1.7648,29
2025-08-03,SP95,1.7764,29
2025-08-04,SP95,1.7894,29
2025-08-05,SP95,1.7889,29
2025-08-06,SP95,1.7844,29
2025-08-07,SP95,1.7835,29
2025-08-08,SP95,1.781,29
2025-08-09,SP95,1.781,29
2025-08-10,SP95,1.7809,29
2025-08-11,SP95,1.7809,29
2025-08-12,SP95,1.7799,29
2025-08-13,SP95,1.7806,29
2025-08-14,SP95,1.7787,29
2025-08-15,SP95,1.7782,29
2025-08-16,SP95,1.7805,29
2025-08-17,SP95,1.7805,29
2025-08-18,SP95,1.7773,29
2025-08-19,SP95,1.7723,29
2025-08-20,SP95,1.7724,29
2025-08-21,SP95,1.7724,29
2025-08-22,SP95,1.7719,29
2025-08-23,SP95,1.773,29
2025-08-24,SP95,1.7737,29
2025-08-25,SP95,1.7743,29
2025-08-26,SP95,1.7752,29
2025-08-27,SP95,1.775,29
2025-08-28,SP95,1.7719,28
2025-08-29,SP95,1.7516,28
2025-08-30,SP95,1.7517,28
2025-08-31,SP95,1.7609,28
2025-09-01,SP95,1.7704,28
2025-09-02,SP95,1.7705,28
2025-09-03,SP95,1.7718,28
2025-09-04,SP95,1.7701,28
2025-09-05,SP95,1.7607,28
2025-09-06,SP95,1.7606,28
2025-09-07,SP95,1.769,28
2025-09-08,SP95,1.7804,28
2025-09-09,SP95,1.7821,28
2025-09-10,SP95,1.7835,28
2025-09-11,SP95,1.7831,28
2025-09-12,SP95,1.785,28
2025-09-13,SP95,1.7854,28
2025-09-14,SP95,1.7851,28
2025-09-15,SP95,1.7853,28
2025-09-16,SP95,1.7858,28
2025-09-17,SP95,1.7863,28
2025-09-18,SP95,1.7896,27
2025-09-19,SP95,1.7918,27
2025-09-20,SP95,1.7914,27
2025-09-21,SP95,1.7879,28
2025-09-22,SP95,1.7874,28
2025-09-23,SP95,1.7879,28
2025-09-24,SP95,1.7868,28
2025-09-25,SP95,1.7868,28
2025-09-26,SP95,1.7849,28
2025-09-27,SP95,1.7849,28
2025-09-28,SP95,1.7847,28
2025-09-29,SP95,1.786,28
2025-09-30,SP95,1.7873,28
2025-10-01,SP95,1.7861,28
2025-10-02,SP95,1.7863,28
2025-10-03,SP95,1.7853,28
2025-10-04,SP95,1.786,28
2025-10-05,SP95,1.7871,27
2025-10-06,SP95,1.784,27
2025-10-07,SP95,1.7804,27
2025-10-08,SP95,1.7785,27
2025-10-09,SP95,1.7784,27
2025-10-10,SP95,1.7797,27
2025-10-11,SP95,1.7805,27
2025-10-12,SP95,1.7809,27
2025-10-13,SP95,1.7807,27
2025-10-14,SP95,1.7817,27
2025-10-15,SP95,1.7805,27
2025-10-16,SP95,1.7784,27
2025-10-17,SP95,1.7528,27
2025-10-18,SP95,1.7523,27
2025-10-19,SP95,1.7628,27
2025-10-20,SP95,1.7727,27
2025-10-21,SP95,1.7711,27
2025-10-22,SP95,1.771,26
2025-10-23,SP95,1.7712,26
2025-10-24,SP95,1.7733,26
2025-10-25,SP95,1.7741,26
2025-10-26,SP95,1.775,26
2025-10-27,SP95,1.7778,26
2025-10-28,SP95,1.7793,26
2025-10-29,SP95,1.7805,26
2025-10-30,SP95,1.7816,26
2025-10-31,SP95,1.7831,26
2025-11-01,SP95,1.7831,26
2025-11-02,SP95,1.7826,26
2025-11-03,SP95,1.7839,26
2025-11-04,SP95,1.7862,26
2025-11-05,SP95,1.7868,26
2025-11-06,SP95,1.7873,26
2025-11-07,SP95,1.7882,26
2025-11-08,SP95,1.7887,26
2025-11-09,SP95,1.7887,26
2025-11-10,SP95,1.7886,26
2025-11-11,SP95,1.7889,26
2025-11-12,SP95,1.7903,26
2025-11-13,SP95,1.7949,26
2025-11-14,SP95,1.801,26
2025-11-15,SP95,1.8037,26
2025-11-16,SP95,1.804,26
2025-11-17,SP95,1.8071,27
2025-11-18,SP95,1.809,27
2025-11-19,SP95,1.8127,27
2025-11-20,SP95,1.8153,27
2025-11-21,SP95,1.8157,27
2025-11-22,SP95,1.8156,27
2025-11-23,SP95,1.815,27
2025-11-24,SP95,1.8138,27
2025-11-25,SP95,1.8124,27
2025-11-26,SP95,1.81,27
2025-11-27,SP95,1.8023,27
2025-11-28,SP95,1.7959,27
2025-11-29,SP95,1.7917,27
2025-11-30,SP95,1.7919,27
2025-12-01,SP95,1.7927,27
2025-12-02,SP95,1.792,27
2025-12-03,SP95,1.7913,27
2025-12-04,SP95,1.7891,27
2025-12-05,SP95,1.7881,27
2025-12-06,SP95,1.7877,27
2025-12-07,SP95,1.7875,27
2025-12-08,SP95,1.7858,27
2025-12-09,SP95,1.7801,27
2025-12-10,SP95,1.7788,27
2025-12-11,SP95,1.7761,27
2025-12-12,SP95,1.7725,27
2025-12-13,SP95,1.7707,27
2025-12-14,SP95,1.7707,27
2025-12-15,SP95,1.7626,27
2025-12-16,SP95,1.7557,27
2025-12-17,SP95,1.7535,27
2025-12-18,SP95,1.7391,26
2025-12-19,SP95,1.7056,26
2025-12-20,SP95,1.7016,26
2025-12-21,SP95,1.7228,26
2025-12-22,SP95,1.7302,26
2025-12-23,SP95,1.7319,26
2025-12-24,SP95,1.731,26
2025-12-25,SP95,1.7311,26
2025-12-26,SP95,1.7306,26
2025-12-27,SP95,1.7313,26
2025-12-28,SP95,1.7313,26
2025-12-29,SP95,1.7347,27
2025-12-30,SP95,1.7337,27
2025-12-31,SP95,1.7359,27
2026-01-01,SP95,1.7395,27
2026-01-02,SP95,1.7533,27
2026-01-03,SP95,1.7556,27
2026-01-04,SP95,1.7556,27
2026-01-05,SP95,1.7572,27
2026-01-06,SP95,1.7571,27
2026-01-07,SP95,1.7587,27
2026-01-08,SP95,1.7606,27
2026-01-09,SP95,1.7586,27
2026-01-10,SP95,1.7586,27
2026-01-11,SP95,1.759,27
2026-01-12,SP95,1.7607,27
2026-01-13,SP95,1.7611,27
2026-01-14,SP95,1.7631,27
2026-01-15,SP95,1.7644,27
2026-01-16,SP95,1.7684,27
2026-01-17,SP95,1.7679,27
2026-01-18,SP95,1.7672,27
2026-01-19,SP95,1.7683,27
2026-01-20,SP95,1.7677,27
2026-01-21,SP95,1.7664,27
2026-01-22,SP95,1.7675,27
2026-01-23,SP95,1.7653,27
2026-01-24,SP95,1.7653,27
2026-01-25,SP95,1.7651,27
2026-01-26,SP95,1.7687,27
2026-01-27,SP95,1.7691,27
2026-01-28,SP95,1.7689,27
2026-01-29,SP95,1.7687,26
2026-01-30,SP95,1.7686,26
2026-01-31,SP95,1.7703,26
2026-02-01,SP95,1.7703,26
2026-02-02,SP95,1.772,26
2026-02-03,SP95,1.7725,26
2026-02-04,SP95,1.7721,26
2026-02-05,SP95,1.7738,26
2026-02-06,SP95,1.7747,26
2026-02-07,SP95,1.7776,26
2026-02-08,SP95,1.7776,26
2026-02-09,SP95,1.7797,26
2026-02-10,SP95,1.7805,26
2026-02-11,SP95,1.7819,26
2026-02-12,SP95,1.7841,26
2026-02-13,SP95,1.7874,26
2026-02-14,SP95,1.7877,26
2026-02-15,SP95,1.7877,26
2026-02-16,SP95,1.7861,26
2026-02-17,SP95,1.7857,26
2026-02-18,SP95,1.7854,26
2026-02-19,SP95,1.7849,26
2026-02-20,SP95,1.7599,26
2026-02-21,SP95,1.7628,26
2026-02-22,SP95,1.772,26
2026-02-23,SP95,1.7847,26
2026-02-24,SP95,1.794,26
2026-02-25,SP95,1.7993,26
2026-02-26,SP95,1.8067,26
2026-02-27,SP95,1.8067,26
2026-02-28,SP95,1.8099,26
2026-03-01,SP95,1.8102,26
2026-03-02,SP95,1.8127,26
2026-03-03,SP95,1.8491,26
2026-03-04,SP95,1.8773,26
2026-03-05,SP95,1.8891,26
2026-03-06,SP95,1.8965,26
2026-03-07,SP95,1.8987,26
2026-03-08,SP95,1.9004,26
2026-03-09,SP95,1.9126,26
2026-03-10,SP95,1.9373,26
2026-03-11,SP95,1.9459,26
2026-03-12,SP95,1.9388,26
2026-03-13,SP95,1.9359,27
2026-03-14,SP95,1.9444,27
2026-03-15,SP95,1.9463,27
2026-03-16,SP95,1.9593,27
2026-03-17,SP95,1.9756,27
2026-03-18,SP95,1.9835,27
2026-03-19,SP95,2.0004,27
2026-03-20,SP95,2.0352,27
2026-03-21,SP95,2.0412,27
2026-03-22,SP95,2.0392,27
2026-03-23,SP95,2.0504,27
2026-03-24,SP95,2.0562,27
2026-03-25,SP95,2.0434,27
2026-03-26,SP95,2.0318,27
2026-03-27,SP95,2.0312,27
2026-03-28,SP95,2.0323,27
2026-03-29,SP95,2.0323,27
2026-03-30,SP95,2.0471,27
2026-03-31,SP95,2.0575,29
2026-04-01,SP95,2.0707,29
2026-04-02,SP95,2.0724,29
2026-04-03,SP95,2.0728,29
2026-04-04,SP95,2.0747,29
2026-04-05,SP95,2.0747,29
2026-04-06,SP95,2.0786,29
2026-04-07,SP95,2.0816,30
2026-04-08,SP95,2.0955,31
2026-04-09,SP95,2.085,31
2026-04-10,SP95,2.0648,32
2026-04-11,SP95,2.0621,32
2026-04-12,SP95,2.0621,32
2026-04-13,SP95,2.0686,31
2026-04-14,SP95,2.0672,31
2026-04-15,SP95,2.0652,31
2026-04-16,SP95,2.0581,31
2026-04-17,SP95,2.0524,31
2026-04-18,SP95,2.0519,31
2026-04-19,SP95,2.0524,31
2026-04-20,SP95,2.0494,31
2026-04-21,SP95,2.0445,31
2026-04-22,SP95,2.0434,31
2026-04-23,SP95,2.0438,31
2026-04-24,SP95,2.0456,31
2026-04-25,SP95,2.0473,31
2026-04-26,SP95,2.0488,31
2026-04-27,SP95,2.0563,31
2026-04-28,SP95,2.0656,31
2026-04-29,SP95,2.0745,31
2026-04-30,SP95,2.0805,31
2026-05-01,SP95,2.0846,29
2026-05-02,SP95,2.0946,29
2026-05-03,SP95,2.0946,29
2026-05-04,SP95,2.1069,30
2026-05-05,SP95,2.1075,30
2026-05-06,SP95,2.1051,30
2026-05-07,SP95,2.108,30
2026-05-08,SP95,2.109,29
2026-05-09,SP95,2.1094,28
2026-05-10,SP95,2.1094,28
2026-05-11,SP95,2.1021,27
2026-05-12,SP95,2.101,27
2026-05-13,SP95,2.1096,27
2026-05-14,SP95,2.1111,27
2026-05-15,SP95,2.116,27
2026-05-16,SP95,2.1164,27
2026-05-17,SP95,2.1164,27
2026-05-18,SP95,2.1199,27
2026-05-19,SP95,2.1234,28
2026-05-20,SP95,2.1332,28
2026-05-21,SP95,2.1354,28
2026-05-22,SP95,2.1349,28
2026-05-23,SP95,2.135,28
2026-05-24,SP95,2.135,28
2026-05-25,SP95,2.135,28
2026-05-26,SP95,2.1312,28
2026-05-27,SP95,2.1239,28
2026-05-28,SP95,2.1138,28
2026-05-29,SP95,2.0891,28
2026-05-30,SP95,2.0802,28
2026-05-31,SP95,2.0798,28
2026-06-01,SP95,2.0678,28
2026-06-02,SP95,2.0574,28
2026-06-03,SP95,2.0484,28
2026-06-04,SP95,2.047,28
2026-06-05,SP95,2.046,28
2026-06-06,SP95,2.0441,28
2026-06-07,SP95,2.0441,28
2026-06-08,SP95,2.0426,28
2026-06-09,SP95,2.0511,28
2026-06-10,SP95,2.0458,27
2026-06-11,SP95,2.0437,27
2026-06-12,SP95,2.0391,27
2026-06-13,SP95,2.0364,27
2026-06-14,SP95,2.0369,27
2026-06-15,SP95,2.0355,27
2026-06-16,SP95,2.0241,27
2026-06-17,SP95,2.0165,27
2026-06-18,SP95,2.0124,27
2026-06-19,SP95,2.004,26
2026-06-20,SP95,2.0035,26
2026-06-21,SP95,2.0035,26
2026-06-22,SP95,2.002,26
2026-06-23,SP95,2.0032,26
2026-06-24,SP95,2.0015,26
2026-06-25,SP95,1.9979,26
2026-06-26,SP95,1.9958,26
2026-06-27,SP95,1.9921,26
2026-06-28,SP95,1.9921,26
2026-06-29,SP95,1.9933,26
2026-06-30,SP95,1.9919,26
2026-07-01,SP95,1.997,26
2026-07-02,SP95,1.9993,26
2026-07-03,SP95,1.9798,26
2026-07-04,SP95,1.9795,26
2026-07-05,SP95,1.9937,26
2026-07-06,SP95,1.9976,26
2026-07-07,SP95,2.008,27
2026-07-08,SP95,2.0179,27
2026-07-09,SP95,2.0268,27
2026-07-10,SP95,2.0302,27
2026-07-11,SP95,2.0318,27
2026-07-12,SP95,2.0313,27
2026-07-13,SP95,2.0315,27
2026-07-14,SP95,2.031,27
2026-07-15,SP95,2.0307,27
2026-07-16,SP95,2.0349,27
2026-07-17,SP95,2.0646,27
2026-07-18,SP95,2.0687,27
2026-07-19,SP95,2.0691,27
2026-07-20,SP95,2.0861,27
2026-07-21,SP95,2.0948,28
2026-07-22,SP95,2.093,28
2026-07-23,SP95,2.0977,27
2026-07-24,SP95,2.0943,27
2026-07-25,SP95,2.0951,27
2026-07-26,SP95,2.096,27
2026-07-27,SP95,2.0937,27
2026-07-28,SP95,2.088,27
2026-07-29,SP95,2.089,27
2026-07-30,SP95,2.0943,27
2026-07-31,SP95,2.1239,27
2026-08-01,SP95,2.1246,27
2026-08-02,SP95,2.1235,27
2026-08-03,SP95,2.0964,27
2026-08-04,SP95,2.0929,27
2026-08-05,SP95,2.0816,27
2026-08-06,SP95,2.0702,27
2026-08-07,SP95,2.0558,26
2026-08-08,SP95,2.0489,26
2026-08-09,SP95,2.0497,26
2026-08-10,SP95,2.0407,26
2026-08-11,SP95,2.0441,26
2026-08-12,SP95,2.0623,26
2026-08-13,SP95,2.0734,26
2026-08-14,SP95,2.0803,26
2026-08-15,SP95,2.0807,26
2026-08-16,SP95,2.0811,26
2026-08-17,SP95,2.0876,26
2026-08-18,SP95,2.0898,26
2026-08-19,SP95,2.0913,26
2026-08-20,SP95,2.0958,26
2026-08-21,SP95,2.1048,25
2026-08-22,SP95,2.1105,24
2026-08-23,SP95,2.1105,24
2026-08-24,SP95,2.1139,24
2026-08-25,SP95,2.1144,24
2026-08-26,SP95,2.1144,24
2026-08-27,SP95,2.1153,24
2026-08-28,SP95,2.1136,24
2026-08-29,SP95,2.1204,24
2026-08-30,SP95,2.1218,24
2026-08-31,SP95,2.1264,24
2026-09-01,SP95,2.143,24
2026-09-02,SP95,2.1589,24
2026-09-03,SP95,2.1795,24
2026-09-04,SP95,2.215,24
2026-09-05,SP95,2.2231,24
2026-09-06,SP95,2.2235,24
2026-09-07,SP95,2.2302,24
2026-09-08,SP95,2.2493,24
2026-09-09,SP95,2.2432,24
2026-09-10,SP95,2.2423,24
2026-09-11,SP95,2.2372,24
2026-09-12,SP95,2.2373,24
2026-09-13,SP95,2.2373,24
2026-09-14,SP95,2.2384,24
2026-09-15,SP95,2.248,24
2026-09-16,SP95,2.2489,25
2026-09-17,SP95,2.2601,25
2026-09-18,SP95,2.2474,25
2026-09-19,SP95,2.2472,25
2026-09-20,SP95,2.2472,25
2025-01-01,SP98,1.9365,150
2025-01-02,SP98,1.9326,181
2025-01-03,SP98,1.9452,217
2025-01-04,SP98,1.9516,223
2025-01-05,SP98,1.9517,223
2025-01-06,SP98,1.9499,230
2025-01-07,SP98,1.9543,232
2025-01-08,SP98,1.9548,233
2025-01-09,SP98,1.9549,233
2025-01-10,SP98,1.9535,233
2025-01-11,SP98,1.9575,240
2025-01-12,SP98,1.9581,240
2025-01-13,SP98,1.9575,241
2025-01-14,SP98,1.9621,246
2025-01-15,SP98,1.9644,247
2025-01-16,SP98,1.9674,248
2025-01-17,SP98,1.9757,248
2025-01-18,SP98,1.9773,248
2025-01-19,SP98,1.9773,248
2025-01-20,SP98,1.9779,248
2025-01-21,SP98,1.9781,248
2025-01-22,SP98,1.9779,248
2025-01-23,SP98,1.9776,248
2025-01-24,SP98,1.9761,248
2025-01-25,SP98,1.9747,248
2025-01-26,SP98,1.9749,248
2025-01-27,SP98,1.9735,248
2025-01-28,SP98,1.9705,248
2025-01-29,SP98,1.9675,248
2025-01-30,SP98,1.9647,248
2025-01-31,SP98,1.9639,248
2025-02-01,SP98,1.9643,248
2025-02-02,SP98,1.9644,248
2025-02-03,SP98,1.9639,248
2025-02-04,SP98,1.9665,249
2025-02-05,SP98,1.9674,250
2025-02-06,SP98,1.967,250
2025-02-07,SP98,1.9669,250
2025-02-08,SP98,1.9671,250
2025-02-09,SP98,1.9672,250
2025-02-10,SP98,1.9672,250
2025-02-11,SP98,1.9688,250
2025-02-12,SP98,1.9715,250
2025-02-13,SP98,1.9728,250
2025-02-14,SP98,1.971,250
2025-02-15,SP98,1.9698,250
2025-02-16,SP98,1.9698,250
2025-02-17,SP98,1.9689,250
2025-02-18,SP98,1.9654,250
2025-02-19,SP98,1.9641,250
2025-02-20,SP98,1.9638,250
2025-02-21,SP98,1.963,250
2025-02-22,SP98,1.9636,250
2025-02-23,SP98,1.9636,250
2025-02-24,SP98,1.9629,250
2025-02-25,SP98,1.9596,250
2025-02-26,SP98,1.956,250
2025-02-27,SP98,1.9519,250
2025-02-28,SP98,1.9475,251
2025-03-01,SP98,1.9441,251
2025-03-02,SP98,1.9437,251
2025-03-03,SP98,1.9424,251
2025-03-04,SP98,1.9399,251
2025-03-05,SP98,1.9366,251
2025-03-06,SP98,1.9298,251
2025-03-07,SP98,1.9214,251
2025-03-08,SP98,1.9102,251
2025-03-09,SP98,1.9095,251
2025-03-10,SP98,1.9084,251
2025-03-11,SP98,1.9004,251
2025-03-12,SP98,1.894,251
2025-03-13,SP98,1.8914,251
2025-03-14,SP98,1.8932,251
2025-03-15,SP98,1.8949,251
2025-03-16,SP98,1.8949,251
2025-03-17,SP98,1.894,251
2025-03-18,SP98,1.8953,251
2025-03-19,SP98,1.8967,252
2025-03-20,SP98,1.8982,253
2025-03-21,SP98,1.8992,253
2025-03-22,SP98,1.9037,253
2025-03-23,SP98,1.9037,253
2025-03-24,SP98,1.9041,253
2025-03-25,SP98,1.9095,253
2025-03-26,SP98,1.9139,253
2025-03-27,SP98,1.9202,253
2025-03-28,SP98,1.9263,253
2025-03-29,SP98,1.9295,254
2025-03-30,SP98,1.9297,254
2025-03-31,SP98,1.9301,254
2025-04-01,SP98,1.9326,254
2025-04-02,SP98,1.937,254
2025-04-03,SP98,1.941,254
2025-04-04,SP98,1.938,254
2025-04-05,SP98,1.9306,254
2025-04-06,SP98,1.9299,254
2025-04-07,SP98,1.9269,253
2025-04-08,SP98,1.9201,254
2025-04-09,SP98,1.9129,254
2025-04-10,SP98,1.8998,255
2025-04-11,SP98,1.8955,255
2025-04-12,SP98,1.888,255
2025-04-13,SP98,1.8877,255
2025-04-14,SP98,1.8852,255
2025-04-15,SP98,1.8789,255
2025-04-16,SP98,1.877,255
2025-04-17,SP98,1.8752,255
2025-04-18,SP98,1.869,255
2025-04-19,SP98,1.8698,255
2025-04-20,SP98,1.8698,255
2025-04-21,SP98,1.8727,255
2025-04-22,SP98,1.8732,255
2025-04-23,SP98,1.8741,256
2025-04-24,SP98,1.876,256
2025-04-25,SP98,1.8772,256
2025-04-26,SP98,1.8775,256
2025-04-27,SP98,1.8776,256
2025-04-28,SP98,1.8766,256
2025-04-29,SP98,1.8757,256
2025-04-30,SP98,1.874,256
2025-05-01,SP98,1.8722,256
2025-05-02,SP98,1.8716,256
2025-05-03,SP98,1.8691,256
2025-05-04,SP98,1.869,256
2025-05-05,SP98,1.8704,257
2025-05-06,SP98,1.8652,257
2025-05-07,SP98,1.8598,257
2025-05-08,SP98,1.8592,257
2025-05-09,SP98,1.8593,257
2025-05-10,SP98,1.8636,257
2025-05-11,SP98,1.8636,257
2025-05-12,SP98,1.8637,257
2025-05-13,SP98,1.8701,257
2025-05-14,SP98,1.8791,258
2025-05-15,SP98,1.8815,258
2025-05-16,SP98,1.8836,258
2025-05-17,SP98,1.8849,258
2025-05-18,SP98,1.8848,258
2025-05-19,SP98,1.8847,258
2025-05-20,SP98,1.8851,258
2025-05-21,SP98,1.8848,258
2025-05-22,SP98,1.884,258
2025-05-23,SP98,1.8828,258
2025-05-24,SP98,1.8808,258
2025-05-25,SP98,1.8807,258
2025-05-26,SP98,1.8799,258
2025-05-27,SP98,1.8811,258
2025-05-28,SP98,1.8806,258
2025-05-29,SP98,1.88,258
2025-05-30,SP98,1.8795,258
2025-05-31,SP98,1.8797,257
2025-06-01,SP98,1.8797,257
2025-06-02,SP98,1.8792,257
2025-06-03,SP98,1.8802,257
2025-06-04,SP98,1.8801,257
2025-06-05,SP98,1.8774,256
2025-06-06,SP98,1.8774,256
2025-06-07,SP98,1.877,256
2025-06-08,SP98,1.8772,256
2025-06-09,SP98,1.8768,256
2025-06-10,SP98,1.8764,256
2025-06-11,SP98,1.8805,256
2025-06-12,SP98,1.8836,256
2025-06-13,SP98,1.8859,256
2025-06-14,SP98,1.8928,255
2025-06-15,SP98,1.8932,255
2025-06-16,SP98,1.8943,255
2025-06-17,SP98,1.8982,255
2025-06-18,SP98,1.9033,255
2025-06-19,SP98,1.9074,255
2025-06-20,SP98,1.9193,255
2025-06-21,SP98,1.924,255
2025-06-22,SP98,1.9242,255
2025-06-23,SP98,1.9252,255
2025-06-24,SP98,1.9297,255
2025-06-25,SP98,1.9208,255
2025-06-26,SP98,1.915,255
2025-06-27,SP98,1.9128,255
2025-06-28,SP98,1.9063,255
2025-06-29,SP98,1.9063,255
2025-06-30,SP98,1.9037,255
2025-07-01,SP98,1.8953,255
2025-07-02,SP98,1.8909,255
2025-07-03,SP98,1.8875,255
2025-07-04,SP98,1.8805,255
2025-07-05,SP98,1.8803,255
2025-07-06,SP98,1.8826,255
2025-07-07,SP98,1.8822,255
2025-07-08,SP98,1.882,255
2025-07-09,SP98,1.8846,255
2025-07-10,SP98,1.8878,255
2025-07-11,SP98,1.8927,255
2025-07-12,SP98,1.8934,255
2025-07-13,SP98,1.8934,255
2025-07-14,SP98,1.8932,255
2025-07-15,SP98,1.8927,255
2025-07-16,SP98,1.8899,255
2025-07-17,SP98,1.8885,255
2025-07-18,SP98,1.8875,255
2025-07-19,SP98,1.8884,255
2025-07-20,SP98,1.8883,255
2025-07-21,SP98,1.888,255
2025-07-22,SP98,1.8882,255
2025-07-23,SP98,1.8859,255
2025-07-24,SP98,1.8832,255
2025-07-25,SP98,1.8799,256
2025-07-26,SP98,1.88,255
2025-07-27,SP98,1.8797,255
2025-07-28,SP98,1.8791,255
2025-07-29,SP98,1.8813,255
2025-07-30,SP98,1.8845,255
2025-07-31,SP98,1.8887,255
2025-08-01,SP98,1.8877,255
2025-08-02,SP98,1.8882,255
2025-08-03,SP98,1.8911,255
2025-08-04,SP98,1.8925,256
2025-08-05,SP98,1.8912,256
2025-08-06,SP98,1.8905,256
2025-08-07,SP98,1.8904,256
2025-08-08,SP98,1.8884,256
2025-08-09,SP98,1.8863,256
2025-08-10,SP98,1.8863,256
2025-08-11,SP98,1.8858,256
2025-08-12,SP98,1.8863,256
2025-08-13,SP98,1.8841,256
2025-08-14,SP98,1.8789,256
2025-08-15,SP98,1.8767,256
2025-08-16,SP98,1.8769,256
2025-08-17,SP98,1.8769,256
2025-08-18,SP98,1.8762,256
2025-08-19,SP98,1.8757,257
2025-08-20,SP98,1.8782,257
2025-08-21,SP98,1.8794,257
2025-08-22,SP98,1.8836,257
2025-08-23,SP98,1.8919,257
2025-08-24,SP98,1.8919,257
2025-08-25,SP98,1.8918,257
2025-08-26,SP98,1.8924,257
2025-08-27,SP98,1.8922,257
2025-08-28,SP98,1.89,257
2025-08-29,SP98,1.8871,257
2025-08-30,SP98,1.881,257
2025-08-31,SP98,1.8834,257
2025-09-01,SP98,1.8836,257
2025-09-02,SP98,1.8847,257
2025-09-03,SP98,1.892,257
2025-09-04,SP98,1.8923,257
2025-09-05,SP98,1.8894,258
2025-09-06,SP98,1.8896,258
2025-09-07,SP98,1.8914,258
2025-09-08,SP98,1.8927,258
2025-09-09,SP98,1.8936,258
2025-09-10,SP98,1.8942,258
2025-09-11,SP98,1.8967,258
2025-09-12,SP98,1.8961,258
2025-09-13,SP98,1.8952,258
2025-09-14,SP98,1.8952,258
2025-09-15,SP98,1.8954,258
2025-09-16,SP98,1.895,258
2025-09-17,SP98,1.8972,259
2025-09-18,SP98,1.8988,259
2025-09-19,SP98,1.8989,259
2025-09-20,SP98,1.901,259
2025-09-21,SP98,1.901,259
2025-09-22,SP98,1.9008,259
2025-09-23,SP98,1.8991,259
2025-09-24,SP98,1.8945,260
2025-09-25,SP98,1.8956,260
2025-09-26,SP98,1.8976,260
2025-09-27,SP98,1.8989,260
2025-09-28,SP98,1.8991,260
2025-09-29,SP98,1.8998,260
2025-09-30,SP98,1.9009,260
2025-10-01,SP98,1.9009,261
2025-10-02,SP98,1.8993,261
2025-10-03,SP98,1.8941,261
2025-10-04,SP98,1.888,261
2025-10-05,SP98,1.8879,261
2025-10-06,SP98,1.8871,261
2025-10-07,SP98,1.8849,261
2025-10-08,SP98,1.8835,261
2025-10-09,SP98,1.8864,261
2025-10-10,SP98,1.8885,261
2025-10-11,SP98,1.8902,261
2025-10-12,SP98,1.8905,261
2025-10-13,SP98,1.8901,261
2025-10-14,SP98,1.8927,261
2025-10-15,SP98,1.8915,261
2025-10-16,SP98,1.8879,261
2025-10-17,SP98,1.8839,261
2025-10-18,SP98,1.8834,261
2025-10-19,SP98,1.8859,261
2025-10-20,SP98,1.8865,261
2025-10-21,SP98,1.881,261
2025-10-22,SP98,1.8732,261
2025-10-23,SP98,1.8751,261
2025-10-24,SP98,1.8807,261
2025-10-25,SP98,1.8807,261
2025-10-26,SP98,1.8807,261
2025-10-27,SP98,1.8808,261
2025-10-28,SP98,1.884,261
2025-10-29,SP98,1.8841,261
2025-10-30,SP98,1.8841,261
2025-10-31,SP98,1.8854,261
2025-11-01,SP98,1.8859,261
2025-11-02,SP98,1.8861,261
2025-11-03,SP98,1.8859,261
2025-11-04,SP98,1.8867,261
2025-11-05,SP98,1.888,261
2025-11-06,SP98,1.888,261
2025-11-07,SP98,1.8962,261
2025-11-08,SP98,1.8995,261
2025-11-09,SP98,1.8995,261
2025-11-10,SP98,1.8998,261
2025-11-11,SP98,1.9003,261
2025-11-12,SP98,1.9008,261
2025-11-13,SP98,1.9068,261
2025-11-14,SP98,1.9104,261
2025-11-15,SP98,1.9226,261
2025-11-16,SP98,1.9227,261
2025-11-17,SP98,1.9233,261
2025-11-18,SP98,1.9249,261
2025-11-19,SP98,1.9282,261
2025-11-20,SP98,1.9228,261
2025-11-21,SP98,1.9221,261
2025-11-22,SP98,1.9113,261
2025-11-23,SP98,1.9112,261
2025-11-24,SP98,1.9104,261
2025-11-25,SP98,1.9054,261
2025-11-26,SP98,1.8979,261
2025-11-27,SP98,1.8881,261
2025-11-28,SP98,1.8859,261
2025-11-29,SP98,1.885,261
2025-11-30,SP98,1.8849,261
2025-12-01,SP98,1.8845,261
2025-12-02,SP98,1.8874,261
2025-12-03,SP98,1.8882,261
2025-12-04,SP98,1.8863,261
2025-12-05,SP98,1.8852,261
2025-12-06,SP98,1.881,261
2025-12-07,SP98,1.881,261
2025-12-08,SP98,1.8804,261
2025-12-09,SP98,1.8762,261
2025-12-10,SP98,1.8741,261
2025-12-11,SP98,1.8732,261
2025-12-12,SP98,1.8627,261
2025-12-13,SP98,1.8568,261
2025-12-14,SP98,1.8566,261
2025-12-15,SP98,1.8553,261
2025-12-16,SP98,1.851,261
2025-12-17,SP98,1.8416,261
2025-12-18,SP98,1.8382,261
2025-12-19,SP98,1.8356,261
2025-12-20,SP98,1.8361,261
2025-12-21,SP98,1.8392,261
2025-12-22,SP98,1.8386,261
2025-12-23,SP98,1.8414,261
2025-12-24,SP98,1.8404,262
2025-12-25,SP98,1.8444,262
2025-12-26,SP98,1.8445,262
2025-12-27,SP98,1.845,262
2025-12-28,SP98,1.845,262
2025-12-29,SP98,1.8448,262
2025-12-30,SP98,1.8453,262
2025-12-31,SP98,1.8477,262
2026-01-01,SP98,1.8557,262
2026-01-02,SP98,1.8639,262
2026-01-03,SP98,1.866,262
2026-01-04,SP98,1.866,262
2026-01-05,SP98,1.8616,262
2026-01-06,SP98,1.8671,262
2026-01-07,SP98,1.8667,262
2026-01-08,SP98,1.8661,262
2026-01-09,SP98,1.8649,262
2026-01-10,SP98,1.8641,262
2026-01-11,SP98,1.8642,262
2026-01-12,SP98,1.8645,262
2026-01-13,SP98,1.8665,262
2026-01-14,SP98,1.8693,262
2026-01-15,SP98,1.8727,262
2026-01-16,SP98,1.8737,262
2026-01-17,SP98,1.8729,262
2026-01-18,SP98,1.8729,262
2026-01-19,SP98,1.8729,261
2026-01-20,SP98,1.8701,261
2026-01-21,SP98,1.87,261
2026-01-22,SP98,1.8729,261
2026-01-23,SP98,1.8717,261
2026-01-24,SP98,1.8702,261
2026-01-25,SP98,1.8702,261
2026-01-26,SP98,1.8702,261
2026-01-27,SP98,1.8677,261
2026-01-28,SP98,1.8662,261
2026-01-29,SP98,1.8679,261
2026-01-30,SP98,1.8702,261
2026-01-31,SP98,1.8718,252
2026-02-01,SP98,1.8719,252
2026-02-02,SP98,1.8712,252
2026-02-03,SP98,1.8731,252
2026-02-04,SP98,1.8733,252
2026-02-05,SP98,1.8732,252
2026-02-06,SP98,1.8731,252
2026-02-07,SP98,1.8763,252
2026-02-08,SP98,1.8763,252
2026-02-09,SP98,1.8767,252
2026-02-10,SP98,1.8795,252
2026-02-11,SP98,1.883,252
2026-02-12,SP98,1.8875,252
2026-02-13,SP98,1.8875,252
2026-02-14,SP98,1.8849,252
2026-02-15,SP98,1.885,252
2026-02-16,SP98,1.8845,252
2026-02-17,SP98,1.8832,252
2026-02-18,SP98,1.883,252
2026-02-19,SP98,1.8832,252
2026-02-20,SP98,1.8878,252
2026-02-21,SP98,1.8903,252
2026-02-22,SP98,1.8932,252
2026-02-23,SP98,1.8935,252
2026-02-24,SP98,1.8984,252
2026-02-25,SP98,1.9019,252
2026-02-26,SP98,1.9048,252
2026-02-27,SP98,1.9056,252
2026-02-28,SP98,1.9103,252
2026-03-01,SP98,1.9105,252
2026-03-02,SP98,1.9152,252
2026-03-03,SP98,1.9622,252
2026-03-04,SP98,1.9805,252
2026-03-05,SP98,1.9786,252
2026-03-06,SP98,1.9903,252
2026-03-07,SP98,1.9996,252
2026-03-08,SP98,2.0005,252
2026-03-09,SP98,2.0176,253
2026-03-10,SP98,2.0284,253
2026-03-11,SP98,2.0297,253
2026-03-12,SP98,2.0401,253
2026-03-13,SP98,2.0467,254
2026-03-14,SP98,2.0474,254
2026-03-15,SP98,2.0479,254
2026-03-16,SP98,2.0518,254
2026-03-17,SP98,2.0569,254
2026-03-18,SP98,2.0642,254
2026-03-19,SP98,2.0712,254
2026-03-20,SP98,2.0798,254
2026-03-21,SP98,2.0855,254
2026-03-22,SP98,2.0859,254
2026-03-23,SP98,2.0924,254
2026-03-24,SP98,2.0964,254
2026-03-25,SP98,2.0936,254
2026-03-26,SP98,2.0871,254
2026-03-27,SP98,2.0874,254
2026-03-28,SP98,2.0884,254
2026-03-29,SP98,2.0883,254
2026-03-30,SP98,2.0948,254
2026-03-31,SP98,2.1,254
2026-04-01,SP98,2.1038,254
2026-04-02,SP98,2.1094,254
2026-04-03,SP98,2.114,254
2026-04-04,SP98,2.1144,254
2026-04-05,SP98,2.1151,254
2026-04-06,SP98,2.1156,254
2026-04-07,SP98,2.1156,254
2026-04-08,SP98,2.1178,254
2026-04-09,SP98,2.1114,254
2026-04-10,SP98,2.1014,254
2026-04-11,SP98,2.0987,254
2026-04-12,SP98,2.0987,254
2026-04-13,SP98,2.097,254
2026-04-14,SP98,2.0971,254
2026-04-15,SP98,2.0922,254
2026-04-16,SP98,2.0899,254
2026-04-17,SP98,2.0876,254
2026-04-18,SP98,2.0815,254
2026-04-19,SP98,2.0813,254
2026-04-20,SP98,2.0755,254
2026-04-21,SP98,2.0793,254
2026-04-22,SP98,2.0831,254
2026-04-23,SP98,2.0881,254
2026-04-24,SP98,2.0916,254
2026-04-25,SP98,2.0932,254
2026-04-26,SP98,2.0932,254
2026-04-27,SP98,2.0964,254
2026-04-28,SP98,2.099,254
2026-04-29,SP98,2.103,254
2026-04-30,SP98,2.1158,254
2026-05-01,SP98,2.1166,253
2026-05-02,SP98,2.1182,253
2026-05-03,SP98,2.1187,253
2026-05-04,SP98,2.1193,253
2026-05-05,SP98,2.123,253
2026-05-06,SP98,2.1275,253
2026-05-07,SP98,2.1237,253
2026-05-08,SP98,2.1201,253
2026-05-09,SP98,2.1175,253
2026-05-10,SP98,2.1175,253
2026-05-11,SP98,2.1186,253
2026-05-12,SP98,2.1191,253
2026-05-13,SP98,2.1259,253
2026-05-14,SP98,2.128,253
2026-05-15,SP98,2.1267,253
2026-05-16,SP98,2.128,253
2026-05-17,SP98,2.128,253
2026-05-18,SP98,2.135,253
2026-05-19,SP98,2.1427,253
2026-05-20,SP98,2.1433,253
2026-05-21,SP98,2.1427,253
2026-05-22,SP98,2.1382,253
2026-05-23,SP98,2.1371,253
2026-05-24,SP98,2.137,252
2026-05-25,SP98,2.1329,252
2026-05-26,SP98,2.1319,252
2026-05-27,SP98,2.1209,252
2026-05-28,SP98,2.1092,251
2026-05-29,SP98,2.1026,251
2026-05-30,SP98,2.1007,251
2026-05-31,SP98,2.1002,251
2026-06-01,SP98,2.0932,251
2026-06-02,SP98,2.0875,251
2026-06-03,SP98,2.0827,251
2026-06-04,SP98,2.0821,251
2026-06-05,SP98,2.0797,251
2026-06-06,SP98,2.0767,251
2026-06-07,SP98,2.0769,251
2026-06-08,SP98,2.0755,251
2026-06-09,SP98,2.0805,251
2026-06-10,SP98,2.0752,251
2026-06-11,SP98,2.0781,251
2026-06-12,SP98,2.0819,251
2026-06-13,SP98,2.0804,251
2026-06-14,SP98,2.0805,251
2026-06-15,SP98,2.0766,251
2026-06-16,SP98,2.0712,251
2026-06-17,SP98,2.0619,251
2026-06-18,SP98,2.0576,251
2026-06-19,SP98,2.053,251
2026-06-20,SP98,2.053,251
2026-06-21,SP98,2.053,251
2026-06-22,SP98,2.0536,251
2026-06-23,SP98,2.0519,251
2026-06-24,SP98,2.0508,251
2026-06-25,SP98,2.0469,251
2026-06-26,SP98,2.0538,250
2026-06-27,SP98,2.0485,250
2026-06-28,SP98,2.0485,250
2026-06-29,SP98,2.0473,250
2026-06-30,SP98,2.0524,250
2026-07-01,SP98,2.0523,250
2026-07-02,SP98,2.0561,250
2026-07-03,SP98,2.0517,250
2026-07-04,SP98,2.0514,250
2026-07-05,SP98,2.054,250
2026-07-06,SP98,2.0562,250
2026-07-07,SP98,2.0606,250
2026-07-08,SP98,2.0592,250
2026-07-09,SP98,2.0648,250
2026-07-10,SP98,2.0702,250
2026-07-11,SP98,2.0684,250
2026-07-12,SP98,2.0684,250
2026-07-13,SP98,2.0674,250
2026-07-14,SP98,2.072,250
2026-07-15,SP98,2.0775,250
2026-07-16,SP98,2.0903,250
2026-07-17,SP98,2.1376,250
2026-07-18,SP98,2.1656,250
2026-07-19,SP98,2.1656,250
2026-07-20,SP98,2.1723,250
2026-07-21,SP98,2.1857,250
2026-07-22,SP98,2.196,250
2026-07-23,SP98,2.1156,250
2026-07-24,SP98,2.1216,250
2026-07-25,SP98,2.1226,250
2026-07-26,SP98,2.1227,250
2026-07-27,SP98,2.1202,250
2026-07-28,SP98,2.1164,250
2026-07-29,SP98,2.1175,250
2026-07-30,SP98,2.1208,250
2026-07-31,SP98,2.1172,250
2026-08-01,SP98,2.1169,250
2026-08-02,SP98,2.1168,250
2026-08-03,SP98,2.1172,250
2026-08-04,SP98,2.1134,250
2026-08-05,SP98,2.1049,250
2026-08-06,SP98,2.0955,250
2026-08-07,SP98,2.0903,250
2026-08-08,SP98,2.0889,250
2026-08-09,SP98,2.0892,250
2026-08-10,SP98,2.0882,250
2026-08-11,SP98,2.0932,250
2026-08-12,SP98,2.0985,250
2026-08-13,SP98,2.1021,250
2026-08-14,SP98,2.1055,250
2026-08-15,SP98,2.1079,250
2026-08-16,SP98,2.1082,250
2026-08-17,SP98,2.11,249
2026-08-18,SP98,2.1159,249
2026-08-19,SP98,2.126,249
2026-08-20,SP98,2.1299,249
2026-08-21,SP98,2.1344,249
2026-08-22,SP98,2.1357,248
2026-08-23,SP98,2.1358,248
2026-08-24,SP98,2.137,247
2026-08-25,SP98,2.1379,247
2026-08-26,SP98,2.1386,247
2026-08-27,SP98,2.137,247
2026-08-28,SP98,2.1382,247
2026-08-29,SP98,2.1408,246
2026-08-30,SP98,2.1408,246
2026-08-31,SP98,2.1436,246
2026-09-01,SP98,2.161,246
2026-09-02,SP98,2.1643,246
2026-09-03,SP98,2.1794,246
2026-09-04,SP98,2.1915,246
2026-09-05,SP98,2.1956,246
2026-09-06,SP98,2.1957,246
2026-09-07,SP98,2.2041,246
2026-09-08,SP98,2.2113,246
2026-09-09,SP98,2.2165,246
2026-09-10,SP98,2.2213,246
2026-09-11,SP98,2.2203,246
2026-09-12,SP98,2.2226,246
2026-09-13,SP98,2.2226,246
2026-09-14,SP98,2.2274,246
2026-09-15,SP98,2.2356,246
2026-09-16,SP98,2.2424,246
2026-09-17,SP98,2.2444,246
2026-09-18,SP98,2.2399,246
2026-09-19,SP98,2.2392,246
2026-09-20,SP98,2.2392,246
