id,fuel,debut,fin
34130006,E10,2021-05-25,
34130006,Gazole,2021-05-17,
69200010,E10,2016-06-03,
69200010,Gazole,2016-06-03,
69200010,SP98,2016-06-03,
75001003,E10,2012-02-07,
75001003,E85,2018-10-05,
75001003,GPLc,2018-10-05,
75004001,E10,2022-03-22,
75004001,E85,2022-03-22,
75004001,GPLc,2022-03-22,
75004001,SP95,2022-03-22,
75004001,SP98,2022-03-22,
75005001,E10,2016-05-09,
75005001,Gazole,2016-05-09,
75005001,SP95,2009-10-08,
75005001,SP98,2016-05-09,
75007001,E85,2012-09-07,
75007001,GPLc,2012-09-07,
75007001,SP95,2009-04-03,
75007003,E10,2022-10-21,
75007003,E85,2022-10-21,
75007003,GPLc,2022-10-21,
75007003,SP95,2023-04-06,
75007004,E10,2026-09-08,2026-09-09
75007004,E10,2026-09-14,2026-09-14
75007004,E85,2018-06-13,
75007004,GPLc,2018-06-13,
75007004,Gazole,2026-09-14,2026-09-15
75007004,SP95,2018-06-13,
75007004,SP98,2026-09-08,2026-09-09
75007004,SP98,2026-09-09,2026-09-10
75007004,SP98,2026-09-14,2026-09-17
75008002,SP95,2010-11-12,
75008004,SP95,2009-11-26,
75008006,E10,2017-08-31,2025-01-09
75008006,E10,2026-04-08,2026-04-09
75008006,E85,2017-08-31,
75008006,GPLc,2017-08-31,
75008006,SP95,2025-01-07,
75008008,E85,2012-01-01,
75008008,GPLc,2010-02-01,
75008008,SP95,2012-01-01,
75008009,E10,2025-06-10,2025-06-11
75008009,E10,2025-06-16,2025-06-17
75008009,E10,2026-04-03,2026-04-04
75008009,E10,2026-04-06,2026-04-08
75008009,E10,2026-04-20,2026-04-29
75008009,E10,2026-04-30,2026-05-07
75008009,E10,2026-05-08,2026-05-26
75008009,E10,2026-05-26,
75008009,E85,2017-09-27,
75008009,GPLc,2017-09-27,
75008009,Gazole,2026-04-23,2026-04-29
75008009,Gazole,2026-05-02,2026-05-07
75008009,Gazole,2026-05-09,2026-05-26
75008009,Gazole,2026-05-27,
75008009,SP95,2017-09-27,
75008009,SP98,2025-06-10,2025-06-11
75008009,SP98,2025-06-16,2025-06-17
75008009,SP98,2026-04-02,2026-04-04
75008009,SP98,2026-04-05,2026-04-08
75008009,SP98,2026-04-11,2026-04-14
75008009,SP98,2026-04-16,2026-04-17
75008009,SP98,2026-04-19,2026-04-29
75008009,SP98,2026-04-30,2026-05-26
75008009,SP98,2026-05-26,
75008010,E10,2025-06-29,2025-07-02
75008010,E10,2025-08-04,2025-08-06
75008010,E10,2025-09-08,2025-09-09
75008010,E10,2025-12-15,2025-12-31
75008010,E10,2026-01-06,2026-01-08
75008010,E10,2026-01-11,2026-01-12
75008010,E10,2026-02-09,2026-02-10
75008010,E10,2026-03-30,2026-03-31
75008010,E10,2026-04-02,2026-04-03
75008010,E10,2026-04-04,2026-04-08
75008010,E10,2026-04-12,2026-04-14
75008010,E10,2026-04-20,2026-04-21
75008010,E10,2026-04-27,2026-04-28
75008010,E10,2026-05-02,2026-05-05
75008010,E10,2026-05-10,2026-05-12
75008010,E10,2026-05-17,2026-05-19
75008010,E10,2026-05-23,2026-06-28
75008010,E10,2026-06-28,2026-06-29
75008010,E10,2026-07-03,2026-07-21
75008010,E10,2026-07-27,
75008010,E85,2022-05-06,
75008010,GPLc,2022-05-06,
75008010,Gazole,2026-05-26,2026-06-28
75008010,Gazole,2026-07-09,2026-07-21
75008010,Gazole,2026-07-28,
75008010,SP95,2022-05-06,
75008010,SP98,2025-03-31,2025-04-22
75008010,SP98,2025-05-18,2025-05-19
75008010,SP98,2025-05-25,2025-06-18
75008010,SP98,2025-06-22,2025-06-23
75008010,SP98,2025-06-29,2025-06-30
75008010,SP98,2025-08-04,2025-08-06
75008010,SP98,2025-08-17,2025-08-18
75008010,SP98,2025-09-07,2025-09-09
75008010,SP98,2025-09-16,2025-09-16
75008010,SP98,2025-09-22,2025-09-23
75008010,SP98,2025-09-29,2025-09-30
75008010,SP98,2025-11-12,2025-11-13
75008010,SP98,2025-12-02,2025-12-03
75008010,SP98,2025-12-08,2025-12-10
75008010,SP98,2025-12-15,2025-12-31
75008010,SP98,2026-01-06,2026-01-08
75008010,SP98,2026-01-11,2026-01-12
75008010,SP98,2026-01-12,2026-01-13
75008010,SP98,2026-02-08,2026-02-10
75008010,SP98,2026-02-16,2026-02-17
75008010,SP98,2026-02-23,2026-02-24
75008010,SP98,2026-03-22,2026-03-23
75008010,SP98,2026-03-25,2026-03-26
75008010,SP98,2026-03-29,2026-03-31
75008010,SP98,2026-04-01,2026-04-03
75008010,SP98,2026-04-04,2026-04-08
75008010,SP98,2026-04-10,2026-04-14
75008010,SP98,2026-04-15,2026-04-16
75008010,SP98,2026-04-19,2026-04-21
75008010,SP98,2026-04-22,2026-04-23
75008010,SP98,2026-04-23,2026-04-24
75008010,SP98,2026-04-25,2026-04-28
75008010,SP98,2026-04-30,2026-05-05
75008010,SP98,2026-05-06,2026-05-07
75008010,SP98,2026-05-09,2026-05-12
75008010,SP98,2026-05-12,2026-05-15
75008010,SP98,2026-05-17,2026-05-19
75008010,SP98,2026-05-22,2026-06-29
75008010,SP98,2026-07-02,2026-07-21
75008010,SP98,2026-07-24,
75010002,E10,2021-10-29,
75010002,E85,2017-10-13,
75010002,GPLc,2017-10-13,
75010003,E10,2025-03-02,2025-03-02
75010003,E10,2025-04-22,2025-04-22
75010003,E10,2025-07-06,2025-07-06
75010003,E10,2025-07-14,2025-07-15
75010003,E10,2026-01-08,2026-01-08
75010003,E10,2026-04-06,2026-04-06
75010003,Gazole,2025-01-21,2025-01-22
75010003,Gazole,2025-04-14,2025-04-14
75010003,Gazole,2025-04-15,2025-04-15
75010003,Gazole,2025-05-03,2025-05-03
75010003,Gazole,2025-05-05,2025-05-05
75010003,SP95,2011-02-22,
75010003,SP98,2025-01-21,2025-01-21
75010003,SP98,2025-03-02,2025-03-02
75010003,SP98,2025-07-06,2025-07-06
75010003,SP98,2026-01-08,2026-01-08
75010007,E10,2019-03-05,
75010007,E85,2019-03-05,
75010007,GPLc,2019-03-05,
75010007,Gazole,2019-12-16,
75010007,SP95,2019-12-16,
75010007,SP98,2019-03-05,
75012002,SP95,2012-11-26,
75012004,E85,2009-09-03,
75012004,GPLc,2009-09-03,
75012005,E10,2026-04-02,2026-04-02
75012005,E10,2026-04-03,2026-04-08
75012005,E10,2026-05-04,2026-05-05
75012005,E10,2026-05-09,2026-05-11
75012005,E10,2026-05-17,2026-05-20
75012005,E10,2026-05-25,2026-05-26
75012005,E10,2026-05-27,2026-05-27
75012005,E85,2023-03-16,
75012005,GPLc,2023-03-16,
75012005,Gazole,2026-04-04,2026-04-04
75012005,Gazole,2026-04-06,2026-04-08
75012005,SP95,2023-03-16,
75012005,SP98,2026-04-02,2026-04-02
75012005,SP98,2026-04-03,2026-04-08
75012005,SP98,2026-05-02,2026-05-05
75012005,SP98,2026-05-07,2026-05-11
75012005,SP98,2026-05-17,2026-05-20
75012005,SP98,2026-05-25,2026-05-26
75012005,SP98,2026-05-27,2026-05-27
75012005,SP98,2026-05-30,2026-06-01
75012007,E85,2018-05-19,
75012007,GPLc,2018-05-19,
75012007,SP95,2018-05-19,
75012008,SP98,2016-07-20,
75012010,E85,2023-06-28,
75012010,GPLc,2023-06-28,
75012010,SP95,2009-07-02,
75012010,SP98,2025-10-27,2025-10-27
75012010,SP98,2026-04-07,2026-04-08
75012011,SP95,2010-05-06,
75012017,E85,2013-12-13,
75012017,GPLc,2013-12-13,
75012017,SP95,2011-12-29,
75012018,E85,2013-10-25,
75012018,GPLc,2013-10-25,
75012018,SP95,2013-10-25,
75012020,E10,2026-04-02,2026-04-07
75012020,E10,2026-04-07,2026-04-08
75012020,E10,2026-04-08,2026-04-15
75012020,E10,2026-05-14,2026-05-18
75012020,E10,2026-05-19,2026-05-22
75012020,E10,2026-09-09,2026-09-12
75012020,E10,2026-09-13,2026-09-15
75012020,E10,2026-09-17,
75012020,E85,2015-02-19,2026-03-13
75012020,E85,2026-04-02,2026-04-07
75012020,E85,2026-04-07,
75012020,GPLc,2015-02-19,2026-03-13
75012020,GPLc,2026-04-02,2026-04-07
75012020,GPLc,2026-04-07,
75012020,Gazole,2026-04-02,2026-04-07
75012020,Gazole,2026-04-07,2026-04-08
75012020,Gazole,2026-04-12,2026-04-15
75012020,SP95,2023-04-10,2026-03-13
75012020,SP95,2026-04-02,2026-04-07
75012020,SP95,2026-04-07,2026-04-08
75012020,SP95,2026-04-08,2026-04-30
75012020,SP95,2026-04-30,
75012020,SP98,2026-04-02,2026-04-07
75012020,SP98,2026-04-07,2026-04-08
75012020,SP98,2026-04-08,2026-04-15
75012020,SP98,2026-04-18,2026-04-30
75012020,SP98,2026-05-10,2026-05-13
75012020,SP98,2026-05-13,2026-05-18
75012020,SP98,2026-05-19,2026-05-22
75012020,SP98,2026-09-09,2026-09-12
75012020,SP98,2026-09-13,2026-09-15
75012020,SP98,2026-09-16,
75012021,E10,2026-03-30,2026-04-02
75012021,E10,2026-04-07,2026-04-08
75012021,E10,2026-04-09,2026-04-14
75012021,E10,2026-05-01,2026-05-06
75012021,E10,2026-05-13,2026-05-18
75012021,E10,2026-09-09,2026-09-12
75012021,E10,2026-09-12,2026-09-15
75012021,E85,2026-03-30,2026-04-02
75012021,E85,2026-04-07,2026-04-14
75012021,E85,2026-05-01,
75012021,GPLc,2026-03-30,2026-04-02
75012021,GPLc,2026-04-07,2026-04-14
75012021,GPLc,2026-05-01,
75012021,Gazole,2026-04-07,2026-04-08
75012021,Gazole,2026-04-09,2026-04-14
75012021,Gazole,2026-05-04,2026-05-06
75012021,Gazole,2026-05-15,2026-05-18
75012021,SP95,2026-03-30,2026-04-02
75012021,SP95,2026-04-07,2026-04-08
75012021,SP95,2026-04-08,
75012021,SP98,2026-03-30,2026-04-02
75012021,SP98,2026-04-07,2026-04-08
75012021,SP98,2026-05-01,2026-05-06
75012021,SP98,2026-05-10,2026-05-18
75012021,SP98,2026-09-09,2026-09-12
75012021,SP98,2026-09-13,2026-09-15
75012022,SP98,2016-07-20,
75012023,E85,2017-08-31,
75012023,GPLc,2017-08-31,
75012023,SP95,2017-08-31,
75012024,SP98,2016-11-03,
75012025,SP98,2016-12-05,
75012026,SP98,2017-09-05,
75013001,SP95,2011-11-23,
75013005,E10,2013-09-28,
75013005,E85,2013-09-26,
75013005,GPLc,2013-09-25,
75013005,Gazole,2013-09-28,
75013005,SP95,2010-02-18,
75013005,SP98,2013-09-28,
75013006,E85,2009-10-14,
75013006,GPLc,2009-10-14,
75013006,SP95,2010-02-19,
75013007,E85,2010-11-13,
75013007,GPLc,2010-11-13,
75013007,SP95,2009-05-20,
75013008,SP95,2009-05-21,
75013009,E10,2011-08-17,
75013009,E85,2011-08-17,
75013009,GPLc,2011-08-17,
75013009,Gazole,2011-08-17,
75013009,SP95,2009-10-28,
75013011,SP95,2009-11-25,
75013012,SP95,2009-04-17,
75013013,SP95,2012-04-11,
75013015,SP95,2009-04-17,
75013019,SP95,2011-01-23,
75013019,SP98,2016-07-20,
75013020,GPLc,2014-07-29,
75013021,SP95,2014-06-03,
75013022,E10,2026-04-03,2026-04-03
75013022,E10,2026-04-05,2026-04-07
75013022,E10,2026-04-08,2026-04-09
75013022,E10,2026-04-11,2026-04-13
75013022,E10,2026-04-15,2026-04-16
75013022,E10,2026-05-03,2026-05-04
75013022,E10,2026-05-11,2026-05-12
75013022,E10,2026-05-15,2026-05-18
75013022,E10,2026-05-24,2026-05-26
75013022,E10,2026-06-01,2026-06-01
75013022,E10,2026-06-02,2026-06-02
75013022,E10,2026-07-06,2026-07-06
75013022,E10,2026-07-09,2026-07-09
75013022,E10,2026-07-12,2026-07-13
75013022,E10,2026-07-17,2026-07-20
75013022,E10,2026-08-08,2026-08-10
75013022,E10,2026-08-17,2026-08-17
75013022,E10,2026-08-24,2026-08-25
75013022,E10,2026-08-31,2026-08-31
75013022,E10,2026-09-08,2026-09-08
75013022,E10,2026-09-13,2026-09-14
75013022,E10,2026-09-15,2026-09-16
75013022,E10,2026-09-17,2026-09-17
75013022,E85,2026-04-03,2026-04-03
75013022,E85,2026-04-05,2026-04-07
75013022,E85,2026-04-09,2026-04-09
75013022,E85,2026-04-11,2026-04-13
75013022,E85,2026-04-16,2026-04-16
75013022,E85,2026-05-17,2026-05-21
75013022,E85,2026-05-27,2026-05-28
75013022,E85,2026-06-01,2026-06-01
75013022,E85,2026-07-12,2026-07-13
75013022,E85,2026-08-10,2026-09-07
75013022,GPLc,2023-04-19,2026-08-10
75013022,GPLc,2026-08-24,
75013022,Gazole,2026-04-05,2026-04-06
75013022,Gazole,2026-04-06,2026-04-07
75013022,Gazole,2026-04-11,2026-04-13
75013022,SP95,2023-07-16,
75013022,SP98,2026-04-02,2026-04-03
75013022,SP98,2026-04-03,2026-04-03
75013022,SP98,2026-04-04,2026-04-07
75013022,SP98,2026-04-08,2026-04-09
75013022,SP98,2026-04-10,2026-04-13
75013022,SP98,2026-04-14,2026-04-16
75013022,SP98,2026-04-19,2026-04-20
75013022,SP98,2026-04-23,2026-04-24
75013022,SP98,2026-04-26,2026-04-27
75013022,SP98,2026-04-29,2026-04-29
75013022,SP98,2026-05-02,2026-05-05
75013022,SP98,2026-05-08,2026-05-09
75013022,SP98,2026-05-10,2026-05-12
75013022,SP98,2026-05-13,2026-05-13
75013022,SP98,2026-05-14,2026-05-19
75013022,SP98,2026-05-21,2026-05-22
75013022,SP98,2026-05-24,2026-05-26
75013022,SP98,2026-05-27,2026-05-28
75013022,SP98,2026-05-28,2026-05-29
75013022,SP98,2026-05-29,2026-06-01
75013022,SP98,2026-06-01,2026-06-02
75013022,SP98,2026-06-04,2026-06-04
75013022,SP98,2026-06-05,2026-06-06
75013022,SP98,2026-06-07,2026-06-08
75013022,SP98,2026-06-09,2026-06-12
75013022,SP98,2026-06-14,2026-06-15
75013022,SP98,2026-06-16,2026-06-18
75013022,SP98,2026-06-22,2026-06-23
75013022,SP98,2026-06-28,2026-06-29
75013022,SP98,2026-06-30,2026-06-30
75013022,SP98,2026-07-02,2026-07-02
75013022,SP98,2026-07-03,2026-07-06
75013022,SP98,2026-07-09,2026-07-09
75013022,SP98,2026-07-10,2026-07-13
75013022,SP98,2026-07-15,2026-07-20
75013022,SP98,2026-07-31,2026-08-03
75013022,SP98,2026-08-05,2026-08-10
75013022,SP98,2026-08-17,2026-08-17
75013022,SP98,2026-08-24,2026-08-25
75013022,SP98,2026-08-26,2026-08-28
75013022,SP98,2026-08-29,2026-08-31
75013022,SP98,2026-09-01,2026-09-07
75013022,SP98,2026-09-08,2026-09-08
75013022,SP98,2026-09-09,2026-09-11
75013022,SP98,2026-09-12,2026-09-14
75013022,SP98,2026-09-15,2026-09-17
75013023,E10,2026-04-03,2026-04-08
75013023,E10,2026-04-10,2026-04-14
75013023,E10,2026-04-14,2026-04-15
75013023,E10,2026-05-05,2026-05-06
75013023,E10,2026-05-11,2026-06-26
75013023,E10,2026-09-15,2026-09-17
75013023,E85,2022-10-10,
75013023,GPLc,2022-10-10,
75013023,Gazole,2026-04-07,2026-04-08
75013023,Gazole,2026-04-14,2026-04-15
75013023,SP95,2022-10-10,
75013023,SP98,2026-04-03,2026-04-08
75013023,SP98,2026-04-10,2026-04-15
75013023,SP98,2026-05-05,2026-05-06
75013023,SP98,2026-05-11,2026-06-26
75013023,SP98,2026-09-15,2026-09-17
75013024,E10,2025-01-25,2025-06-03
75013024,E10,2025-12-15,2025-12-15
75013024,E10,2025-12-22,2025-12-23
75013024,E10,2025-12-28,2025-12-29
75013024,E10,2026-01-07,2026-01-14
75013024,E10,2026-04-02,2026-04-03
75013024,E10,2026-04-07,2026-04-09
75013024,E10,2026-04-10,2026-04-11
75013024,E10,2026-04-13,2026-04-13
75013024,E10,2026-05-11,2026-05-12
75013024,E10,2026-05-13,2026-05-15
75013024,E10,2026-05-25,2026-05-26
75013024,E10,2026-05-31,2026-06-01
75013024,E10,2026-06-01,2026-06-03
75013024,E10,2026-06-06,2026-06-06
75013024,E10,2026-06-08,2026-06-09
75013024,E10,2026-06-28,2026-06-30
75013024,E10,2026-07-12,2026-07-16
75013024,E10,2026-07-20,2026-07-20
75013024,E10,2026-07-27,2026-07-28
75013024,E10,2026-08-31,2026-09-01
75013024,E10,2026-09-07,2026-09-07
75013024,E10,2026-09-08,2026-09-09
75013024,E10,2026-09-15,2026-09-16
75013024,E85,2025-06-09,2025-06-10
75013024,E85,2025-07-07,2025-07-08
75013024,E85,2025-07-15,2025-07-21
75013024,E85,2025-12-08,2025-12-08
75013024,E85,2026-05-18,2026-05-19
75013024,E85,2026-05-31,2026-06-04
75013024,E85,2026-07-20,2026-07-20
75013024,GPLc,2020-03-04,
75013024,SP95,2020-03-04,2025-01-29
75013024,SP95,2025-10-27,2025-10-28
75013024,SP95,2025-10-28,
75013024,SP98,2025-06-03,2025-06-03
75013024,SP98,2025-06-08,2025-06-10
75013024,SP98,2025-07-15,2025-07-21
75013024,SP98,2025-09-29,2025-09-30
75013024,SP98,2025-10-02,2025-10-03
75013024,SP98,2025-10-27,2025-10-28
75013024,SP98,2025-12-15,2025-12-15
75013024,SP98,2025-12-22,2025-12-23
75013024,SP98,2025-12-28,2025-12-29
75013024,SP98,2026-01-08,2026-01-14
75013024,SP98,2026-03-31,2026-04-01
75013024,SP98,2026-04-02,2026-04-03
75013024,SP98,2026-04-07,2026-04-09
75013024,SP98,2026-04-09,2026-04-11
75013024,SP98,2026-04-12,2026-04-13
75013024,SP98,2026-04-15,2026-04-15
75013024,SP98,2026-04-27,2026-04-28
75013024,SP98,2026-05-01,2026-05-04
75013024,SP98,2026-05-07,2026-05-07
75013024,SP98,2026-05-11,2026-05-12
75013024,SP98,2026-05-17,2026-05-19
75013024,SP98,2026-05-19,2026-05-20
75013024,SP98,2026-05-25,2026-05-26
75013024,SP98,2026-05-27,2026-06-01
75013024,SP98,2026-06-03,2026-06-04
75013024,SP98,2026-06-04,2026-06-06
75013024,SP98,2026-06-07,2026-06-09
75013024,SP98,2026-06-10,2026-06-10
75013024,SP98,2026-06-11,2026-06-11
75013024,SP98,2026-06-16,2026-06-17
75013024,SP98,2026-06-23,2026-06-23
75013024,SP98,2026-06-26,2026-06-30
75013024,SP98,2026-07-11,2026-07-16
75013024,SP98,2026-07-20,2026-07-20
75013024,SP98,2026-07-27,2026-07-28
75013024,SP98,2026-08-03,2026-08-04
75013024,SP98,2026-08-05,2026-08-05
75013024,SP98,2026-08-26,2026-08-28
75013024,SP98,2026-08-31,2026-09-02
75013024,SP98,2026-09-02,2026-09-04
75013024,SP98,2026-09-04,2026-09-07
75013024,SP98,2026-09-08,2026-09-10
75013024,SP98,2026-09-14,2026-09-16
75013025,E10,2025-12-15,2026-01-22
75013025,E10,2026-04-01,2026-04-03
75013025,E10,2026-04-07,2026-04-08
75013025,E10,2026-04-08,2026-04-09
75013025,E10,2026-04-10,2026-04-11
75013025,E10,2026-04-27,2026-04-29
75013025,E10,2026-04-30,2026-04-30
75013025,E10,2026-05-03,2026-05-04
75013025,E10,2026-05-11,2026-05-12
75013025,E10,2026-05-14,2026-05-18
75013025,E10,2026-06-05,2026-06-06
75013025,E10,2026-06-22,2026-06-25
75013025,E10,2026-07-06,2026-07-06
75013025,E10,2026-07-12,2026-07-13
75013025,E10,2026-07-15,2026-07-15
75013025,E10,2026-07-18,2026-07-20
75013025,E10,2026-07-20,2026-07-21
75013025,E10,2026-07-26,2026-07-27
75013025,E10,2026-08-03,2026-08-03
75013025,E10,2026-08-09,2026-08-11
75013025,E10,2026-08-16,2026-08-18
75013025,E10,2026-08-30,2026-09-01
75013025,E10,2026-09-03,2026-09-04
75013025,E10,2026-09-06,2026-09-08
75013025,E10,2026-09-09,2026-09-09
75013025,E10,2026-09-11,2026-09-12
75013025,E10,2026-09-13,2026-09-15
75013025,E10,2026-09-17,
75013025,E85,2023-01-30,
75013025,GPLc,2026-06-22,2026-06-25
75013025,GPLc,2026-09-01,2026-09-02
75013025,Gazole,2025-12-15,2026-01-08
75013025,Gazole,2026-04-07,2026-04-08
75013025,SP95,2023-01-30,
75013025,SP98,2025-12-15,2026-01-22
75013025,SP98,2026-04-01,2026-04-03
75013025,SP98,2026-04-03,2026-04-08
75013025,SP98,2026-04-10,2026-04-11
75013025,SP98,2026-04-27,2026-04-29
75013025,SP98,2026-04-30,2026-04-30
75013025,SP98,2026-05-03,2026-05-04
75013025,SP98,2026-05-11,2026-05-12
75013025,SP98,2026-05-14,2026-05-18
75013025,SP98,2026-06-08,2026-06-09
75013025,SP98,2026-06-22,2026-06-29
75013025,SP98,2026-07-06,2026-07-06
75013025,SP98,2026-07-09,2026-07-10
75013025,SP98,2026-07-10,2026-07-13
75013025,SP98,2026-07-13,2026-07-15
75013025,SP98,2026-07-18,2026-07-20
75013025,SP98,2026-07-25,2026-07-27
75013025,SP98,2026-07-31,2026-07-31
75013025,SP98,2026-08-03,2026-08-04
75013025,SP98,2026-08-06,2026-08-06
75013025,SP98,2026-08-09,2026-08-11
75013025,SP98,2026-08-12,2026-08-18
75013025,SP98,2026-08-22,2026-08-27
75013025,SP98,2026-08-29,2026-09-01
75013025,SP98,2026-09-01,2026-09-02
75013025,SP98,2026-09-02,2026-09-08
75013025,SP98,2026-09-08,2026-09-09
75013025,SP98,2026-09-09,2026-09-11
75013025,SP98,2026-09-13,2026-09-15
75013025,SP98,2026-09-15,2026-09-16
75013025,SP98,2026-09-17,
75013026,E10,2026-04-07,2026-04-08
75013026,E85,2018-12-22,
75013026,GPLc,2018-12-22,
75013026,SP95,2023-02-16,
75013027,SP98,2017-03-23,
75013028,E10,2024-04-24,2025-04-15
75013028,SP98,2024-09-23,2025-10-01
75014003,GPLc,2011-10-11,
75014003,SP95,2011-10-13,
75014005,SP98,2013-07-09,
75014005,SP98,2016-07-20,
75014007,Gazole,2016-08-22,
75014007,SP98,2013-07-09,
75014008,E10,2019-01-03,2025-05-14
75014008,E10,2025-05-14,
75014008,E85,2019-01-03,
75014008,GPLc,2019-01-03,
75014009,GPLc,1970-01-01,
75014009,SP95,1970-01-01,
75014010,E10,2025-09-29,2025-09-29
75014010,E10,2025-12-30,2026-01-02
75014010,E10,2026-03-30,2026-04-03
75014010,E10,2026-04-13,2026-04-20
75014010,E10,2026-05-04,2026-05-04
75014010,E10,2026-07-11,2026-07-20
75014010,E10,2026-07-26,2026-07-29
75014010,E10,2026-08-03,2026-08-04
75014010,E10,2026-08-24,2026-08-25
75014010,E10,2026-08-31,2026-09-01
75014010,E10,2026-09-04,2026-09-09
75014010,E10,2026-09-13,2026-09-17
75014010,E85,2025-09-29,2025-09-29
75014010,E85,2025-12-30,2026-01-02
75014010,E85,2026-04-13,2026-04-20
75014010,E85,2026-05-04,2026-05-04
75014010,E85,2026-07-11,2026-07-20
75014010,E85,2026-07-26,2026-07-29
75014010,E85,2026-08-10,2026-08-11
75014010,E85,2026-08-17,2026-08-17
75014010,E85,2026-08-31,2026-09-01
75014010,E85,2026-09-09,2026-09-09
75014010,E85,2026-09-13,2026-09-17
75014010,GPLc,2024-05-16,
75014010,Gazole,2024-09-30,
75014010,SP95,2024-05-03,
75014010,SP98,2025-09-29,2025-09-29
75014010,SP98,2025-12-30,2026-01-02
75014010,SP98,2026-03-30,2026-04-03
75014010,SP98,2026-04-13,2026-04-20
75014010,SP98,2026-05-04,2026-05-04
75014010,SP98,2026-07-11,2026-07-20
75014010,SP98,2026-07-26,2026-07-29
75014010,SP98,2026-08-03,2026-08-04
75014010,SP98,2026-08-06,2026-08-07
75014010,SP98,2026-08-10,2026-08-11
75014010,SP98,2026-08-17,2026-08-19
75014010,SP98,2026-08-24,2026-08-25
75014010,SP98,2026-08-31,2026-09-02
75014010,SP98,2026-09-04,2026-09-09
75014010,SP98,2026-09-13,2026-09-17
75014011,E10,2024-05-03,
75014011,E85,2024-05-03,
75014011,GPLc,2024-05-03,
75014011,Gazole,2024-05-03,
75014011,SP95,2023-12-06,
75014011,SP98,2024-05-03,
75014012,E10,2026-01-08,2026-01-09
75014012,E10,2026-02-21,2026-02-21
75014012,E10,2026-03-31,2026-04-01
75014012,E10,2026-04-02,2026-04-04
75014012,E10,2026-04-06,2026-04-07
75014012,E10,2026-04-08,2026-04-10
75014012,E10,2026-04-12,2026-04-14
75014012,E10,2026-04-16,2026-04-16
75014012,E10,2026-04-26,2026-04-27
75014012,E10,2026-05-02,2026-05-05
75014012,E10,2026-05-08,2026-05-09
75014012,E10,2026-05-11,2026-05-12
75014012,E10,2026-05-13,2026-05-15
75014012,E10,2026-05-17,2026-05-19
75014012,E10,2026-05-22,2026-05-22
75014012,E10,2026-05-25,2026-05-26
75014012,E10,2026-05-27,2026-05-28
75014012,E10,2026-05-29,2026-05-30
75014012,E10,2026-05-31,2026-06-02
75014012,E10,2026-06-03,2026-06-03
75014012,E10,2026-06-04,2026-06-04
75014012,E10,2026-06-08,2026-06-08
75014012,E10,2026-06-21,2026-06-22
75014012,E10,2026-06-24,2026-06-24
75014012,E10,2026-06-26,2026-06-26
75014012,E10,2026-06-28,2026-06-29
75014012,E10,2026-07-01,2026-07-01
75014012,E10,2026-07-05,2026-07-06
75014012,E10,2026-07-08,2026-07-08
75014012,E10,2026-07-12,2026-07-15
75014012,E10,2026-07-17,2026-07-20
75014012,E10,2026-07-22,2026-07-22
75014012,E10,2026-07-26,2026-07-28
75014012,E10,2026-08-01,2026-08-03
75014012,E10,2026-08-10,2026-08-10
75014012,E10,2026-08-13,2026-08-13
75014012,E10,2026-08-15,2026-08-17
75014012,E10,2026-08-24,2026-08-24
75014012,E10,2026-08-30,2026-09-01
75014012,E10,2026-09-04,2026-09-05
75014012,E10,2026-09-06,2026-09-08
75014012,E10,2026-09-10,2026-09-10
75014012,E10,2026-09-11,2026-09-12
75014012,E10,2026-09-13,2026-09-15
75014012,E10,2026-09-16,2026-09-17
75014012,E85,2018-08-03,
75014012,GPLc,2018-08-22,
75014012,Gazole,2026-04-02,2026-04-04
75014012,Gazole,2026-04-06,2026-04-07
75014012,Gazole,2026-04-09,2026-04-10
75014012,Gazole,2026-04-13,2026-04-14
75014012,Gazole,2026-05-04,2026-05-04
75014012,Gazole,2026-05-05,2026-05-05
75014012,Gazole,2026-05-15,2026-05-15
75014012,Gazole,2026-05-18,2026-05-19
75014012,Gazole,2026-05-25,2026-05-26
75014012,Gazole,2026-05-27,2026-05-28
75014012,Gazole,2026-05-28,2026-05-28
75014012,Gazole,2026-07-15,2026-07-15
75014012,Gazole,2026-08-03,2026-08-03
75014012,Gazole,2026-09-15,2026-09-15
75014012,Gazole,2026-09-16,2026-09-17
75014012,SP95,2018-08-03,
75014012,SP98,2026-04-01,2026-04-01
75014012,SP98,2026-04-02,2026-04-04
75014012,SP98,2026-04-06,2026-04-07
75014012,SP98,2026-04-08,2026-04-10
75014012,SP98,2026-04-11,2026-04-14
75014012,SP98,2026-04-15,2026-04-16
75014012,SP98,2026-04-22,2026-04-23
75014012,SP98,2026-04-26,2026-04-27
75014012,SP98,2026-05-03,2026-05-05
75014012,SP98,2026-05-06,2026-05-07
75014012,SP98,2026-05-07,2026-05-09
75014012,SP98,2026-05-09,2026-05-12
75014012,SP98,2026-05-13,2026-05-15
75014012,SP98,2026-05-17,2026-05-19
75014012,SP98,2026-05-20,2026-05-20
75014012,SP98,2026-05-21,2026-05-22
75014012,SP98,2026-05-25,2026-05-26
75014012,SP98,2026-05-27,2026-05-28
75014012,SP98,2026-05-28,2026-06-02
75014012,SP98,2026-06-02,2026-06-03
75014012,SP98,2026-06-04,2026-06-04
75014012,SP98,2026-06-05,2026-06-06
75014012,SP98,2026-06-07,2026-06-09
75014012,SP98,2026-06-10,2026-06-10
75014012,SP98,2026-06-11,2026-06-12
75014012,SP98,2026-06-21,2026-06-22
75014012,SP98,2026-06-24,2026-06-24
75014012,SP98,2026-06-26,2026-06-26
75014012,SP98,2026-06-28,2026-06-29
75014012,SP98,2026-07-01,2026-07-01
75014012,SP98,2026-07-05,2026-07-06
75014012,SP98,2026-07-08,2026-07-08
75014012,SP98,2026-07-09,2026-07-10
75014012,SP98,2026-07-11,2026-07-15
75014012,SP98,2026-07-16,2026-07-16
75014012,SP98,2026-07-18,2026-07-20
75014012,SP98,2026-07-22,2026-07-22
75014012,SP98,2026-07-26,2026-07-28
75014012,SP98,2026-08-01,2026-08-03
75014012,SP98,2026-08-06,2026-08-06
75014012,SP98,2026-08-10,2026-08-10
75014012,SP98,2026-08-13,2026-08-13
75014012,SP98,2026-08-15,2026-08-17
75014012,SP98,2026-08-20,2026-08-20
75014012,SP98,2026-08-22,2026-08-27
75014012,SP98,2026-08-27,2026-08-28
75014012,SP98,2026-08-29,2026-09-08
75014012,SP98,2026-09-09,2026-09-10
75014012,SP98,2026-09-11,2026-09-12
75014012,SP98,2026-09-13,2026-09-15
75014012,SP98,2026-09-16,2026-09-17
75015001,E85,2009-04-03,
75015001,GPLc,2009-04-03,
75015001,SP95,2014-11-27,
75015007,E10,2011-11-29,
75015008,E10,2011-12-15,
75015008,E85,2014-06-11,
75015008,GPLc,2014-06-11,
75015008,SP98,2014-06-11,
75015009,SP95,2013-10-16,
75015011,E85,2024-10-21,
75015011,GPLc,2024-10-21,
75015011,SP95,2009-11-12,
75015011,SP98,2026-04-07,2026-04-07
75015011,SP98,2026-06-01,2026-06-01
75015016,E85,2009-09-21,
75015016,GPLc,2012-07-13,
75015017,SP98,2016-07-20,
75015018,SP98,2016-07-20,
75015020,E85,2011-06-27,
75015020,GPLc,2011-06-27,
75015020,SP95,2011-06-27,
75015022,Gazole,2013-11-21,
75015022,SP95,2009-04-17,
75015022,SP98,2016-07-20,
75015023,E10,2022-10-11,
75015023,E85,2022-10-11,
75015023,GPLc,2017-09-08,
75015023,SP95,2020-11-12,
75015023,SP98,2022-10-11,
75015024,E10,2019-12-23,
75015024,E85,2017-09-14,
75015024,GPLc,2017-09-14,
75015024,SP95,2020-09-23,
75015024,SP98,2022-10-20,
75015025,E10,2020-01-03,
75015025,E85,2020-01-06,
75015025,GPLc,2020-01-06,
75015025,Gazole,2025-10-23,2025-10-28
75015025,Gazole,2026-04-02,2026-04-03
75015025,Gazole,2026-04-05,2026-04-07
75015025,Gazole,2026-04-08,2026-04-08
75015025,Gazole,2026-04-10,2026-04-11
75015025,Gazole,2026-04-13,2026-04-14
75015025,Gazole,2026-04-15,2026-04-16
75015025,Gazole,2026-04-17,2026-04-18
75015025,Gazole,2026-04-28,2026-04-28
75015025,Gazole,2026-05-05,2026-05-06
75015025,Gazole,2026-05-10,2026-05-11
75015025,Gazole,2026-05-25,2026-05-26
75015025,Gazole,2026-08-28,2026-08-30
75015025,SP95,2019-09-25,
75015025,SP98,2025-10-14,2025-10-15
75015025,SP98,2026-03-16,2026-03-17
75015025,SP98,2026-03-23,2026-03-25
75015025,SP98,2026-03-30,2026-03-30
75015025,SP98,2026-04-02,2026-04-03
75015025,SP98,2026-04-05,2026-04-07
75015025,SP98,2026-04-08,2026-04-08
75015025,SP98,2026-04-12,2026-04-13
75015025,SP98,2026-04-13,2026-04-14
75015025,SP98,2026-04-14,2026-04-16
75015025,SP98,2026-04-17,2026-04-18
75015025,SP98,2026-04-19,2026-04-20
75015025,SP98,2026-04-26,2026-04-27
75015025,SP98,2026-04-28,2026-04-29
75015025,SP98,2026-04-30,2026-05-02
75015025,SP98,2026-05-04,2026-05-06
75015025,SP98,2026-05-07,2026-05-11
75015025,SP98,2026-05-12,2026-05-12
75015025,SP98,2026-05-14,2026-05-15
75015025,SP98,2026-05-15,2026-05-18
75015025,SP98,2026-05-19,2026-05-20
75015025,SP98,2026-05-21,2026-05-22
75015025,SP98,2026-05-23,2026-05-23
75015025,SP98,2026-05-24,2026-05-26
75015025,SP98,2026-05-26,2026-05-28
75015025,SP98,2026-05-28,2026-05-29
75015025,SP98,2026-05-31,2026-06-01
75015025,SP98,2026-06-01,2026-06-02
75015025,SP98,2026-06-05,2026-06-08
75015025,SP98,2026-06-09,2026-06-11
75015025,SP98,2026-06-11,2026-06-13
75015025,SP98,2026-06-14,2026-06-15
75015025,SP98,2026-06-20,2026-06-25
75015025,SP98,2026-06-25,2026-06-26
75015025,SP98,2026-06-26,2026-06-27
75015025,SP98,2026-07-05,2026-07-06
75015025,SP98,2026-07-10,2026-08-03
75015025,SP98,2026-08-04,2026-08-12
75015025,SP98,2026-08-16,2026-08-17
75015025,SP98,2026-08-28,2026-08-30
75015025,SP98,2026-09-08,2026-09-10
75015026,E10,2026-08-17,2026-08-18
75015026,E10,2026-08-19,2026-08-20
75015026,E10,2026-08-24,2026-08-25
75015026,E10,2026-09-07,2026-09-09
75015026,E85,2026-08-17,2026-08-18
75015026,E85,2026-08-24,2026-08-25
75015026,GPLc,2022-09-22,
75015026,Gazole,2024-09-30,
75015026,SP95,2023-05-29,
75015026,SP98,2026-04-17,2026-04-22
75015026,SP98,2026-08-12,2026-08-18
75015026,SP98,2026-08-19,2026-08-20
75015026,SP98,2026-08-24,2026-08-27
75015026,SP98,2026-09-07,2026-09-09
75015028,E10,2025-01-12,2025-01-20
75015028,E10,2025-01-27,2025-01-29
75015028,E10,2025-02-09,2025-02-10
75015028,E10,2025-02-24,2025-02-24
75015028,E10,2025-03-24,2025-03-24
75015028,E10,2025-03-30,2025-03-31
75015028,E10,2025-04-15,2025-04-15
75015028,E10,2025-04-22,2025-04-22
75015028,E10,2025-05-01,2025-05-14
75015028,E10,2025-06-01,2025-06-11
75015028,E10,2025-07-05,2025-07-05
75015028,E10,2025-07-13,2025-07-15
75015028,E10,2025-07-20,2025-07-21
75015028,E10,2025-07-27,2025-07-28
75015028,E10,2025-08-16,2025-08-18
75015028,E10,2025-08-31,2025-09-01
75015028,E10,2025-09-08,2025-09-10
75015028,E10,2025-09-15,2025-09-15
75015028,E10,2025-09-22,2025-09-22
75015028,E10,2025-09-28,2025-09-29
75015028,E10,2025-10-01,2025-10-01
75015028,E10,2025-10-06,2025-10-06
75015028,E10,2025-10-12,2025-10-13
75015028,E10,2025-10-19,2025-10-20
75015028,E10,2025-10-27,2025-10-27
75015028,E10,2025-11-10,2025-11-10
75015028,E10,2025-11-17,2025-11-19
75015028,E10,2025-11-22,2025-11-24
75015028,E10,2025-12-01,2025-12-01
75015028,E10,2025-12-02,2025-12-02
75015028,E10,2025-12-03,2025-12-04
75015028,E10,2025-12-08,2025-12-08
75015028,E10,2025-12-14,2025-12-15
75015028,E10,2025-12-21,2025-12-22
75015028,E10,2025-12-28,2025-12-29
75015028,E10,2026-01-04,2026-01-05
75015028,E10,2026-01-07,2026-01-08
75015028,E10,2026-01-21,2026-01-22
75015028,E10,2026-01-23,2026-01-23
75015028,E10,2026-02-16,2026-02-17
75015028,E10,2026-02-20,
75015028,E85,2022-10-19,
75015028,GPLc,2022-10-19,
75015028,SP95,2024-04-27,
75015028,SP98,2025-01-18,2025-01-20
75015028,SP98,2025-01-21,2025-01-22
75015028,SP98,2025-01-28,2025-01-29
75015028,SP98,2025-06-02,2025-06-11
75015028,SP98,2025-07-06,2025-07-08
75015028,SP98,2025-07-15,2025-07-15
75015028,SP98,2025-08-18,2025-08-18
75015028,SP98,2025-09-08,2025-09-10
75015028,SP98,2025-09-28,2025-09-29
75015028,SP98,2025-10-01,2025-10-01
75015028,SP98,2025-10-13,2025-10-13
75015028,SP98,2025-10-27,2025-10-27
75015028,SP98,2025-11-23,2025-11-24
75015028,SP98,2025-12-15,2025-12-15
75015028,SP98,2026-02-21,
75015031,E10,2024-01-14,
75015031,Gazole,2024-01-14,
75015031,SP98,2024-01-14,
75015032,E85,2020-05-06,
75015032,GPLc,2020-05-06,
75015032,SP95,2020-05-06,
75015034,E10,2022-12-29,
75015034,E85,2022-12-29,
75015034,GPLc,2022-12-29,
75015034,SP95,2022-12-29,
75015036,E85,2025-09-04,2025-12-01
75016001,E85,2017-09-07,
75016001,GPLc,2019-02-05,
75016001,SP95,2021-08-26,
75016003,Gazole,2013-11-21,
75016003,SP98,2016-07-20,
75016005,E10,2013-12-09,
75016006,E85,2022-10-10,
75016006,GPLc,2014-10-02,
75016006,SP95,2011-11-11,
75016007,E10,2012-07-19,
75016007,E85,2013-12-01,
75016007,GPLc,2013-12-01,
75016007,Gazole,2013-12-01,
75016007,SP95,2013-12-01,
75016007,SP98,2013-12-01,
75016008,E85,2009-09-05,
75016008,GPLc,2011-06-27,
75016008,SP95,2009-05-11,
75016011,E10,2018-10-15,
75016011,E85,2019-01-03,
75016011,GPLc,2019-01-03,
75016011,Gazole,2025-10-16,
75016011,SP95,2025-10-16,
75016011,SP98,2025-10-16,
75016013,SP95,2012-02-29,
75016014,E10,2014-08-26,
75016015,SP98,2016-07-20,
75016016,E10,2015-09-01,
75016017,E10,2025-11-17,2025-12-12
75016017,E10,2026-04-08,2026-04-09
75016017,E10,2026-08-24,2026-08-25
75016017,E10,2026-09-01,2026-09-01
75016017,E85,2015-02-17,2025-12-12
75016017,GPLc,2015-02-17,
75016017,Gazole,2025-11-17,2025-12-12
75016017,Gazole,2026-04-08,2026-04-09
75016017,Gazole,2026-08-05,2026-08-06
75016017,Gazole,2026-08-24,2026-08-25
75016017,Gazole,2026-09-01,2026-09-02
75016017,SP95,2022-10-04,2026-07-15
75016017,SP95,2026-08-05,2026-09-08
75016017,SP95,2026-09-17,
75016017,SP98,2025-11-17,2025-12-12
75016017,SP98,2026-04-08,2026-04-09
75016017,SP98,2026-05-01,2026-05-11
75016017,SP98,2026-05-14,2026-07-15
75016017,SP98,2026-08-05,2026-08-06
75016017,SP98,2026-08-24,2026-08-25
75016017,SP98,2026-09-01,2026-09-02
75016017,SP98,2026-09-04,2026-09-08
75016017,SP98,2026-09-17,
75016019,E10,2019-01-08,
75016019,E85,2019-01-08,
75016019,GPLc,2019-01-08,
75016020,E10,2019-01-08,
75016020,E85,2019-01-08,
75016020,GPLc,2019-01-08,
75016022,E10,2026-07-31,2026-09-02
75016022,GPLc,2024-03-12,2025-11-06
75016023,SP98,2024-12-06,
75016025,E10,2025-04-08,2025-04-08
75016025,E10,2025-05-02,2025-06-02
75016025,E85,2022-11-25,
75016025,GPLc,2022-11-25,
75016025,Gazole,2025-04-08,2025-04-08
75016025,Gazole,2025-05-02,2025-06-02
75016025,Gazole,2025-06-30,2025-07-09
75016025,SP95,2025-01-09,
75016025,SP98,2024-12-02,2025-01-09
75016025,SP98,2025-04-08,2025-04-08
75016025,SP98,2025-05-02,2025-06-02
75016025,SP98,2025-06-23,2025-06-26
75016029,E10,2025-12-23,2025-12-23
75016029,E10,2026-01-08,2026-01-08
75016029,E10,2026-01-14,2026-01-14
75016029,E10,2026-03-31,2026-04-01
75016029,E10,2026-04-02,2026-04-03
75016029,E10,2026-04-04,2026-04-08
75016029,E10,2026-04-15,2026-04-15
75016029,E10,2026-04-18,2026-04-20
75016029,E10,2026-04-28,2026-04-29
75016029,E10,2026-05-23,2026-05-26
75016029,E10,2026-05-27,2026-05-28
75016029,E10,2026-05-29,2026-06-01
75016029,E10,2026-06-02,2026-06-03
75016029,E10,2026-06-09,2026-06-09
75016029,E10,2026-06-16,2026-06-16
75016029,E10,2026-06-22,2026-06-23
75016029,E10,2026-07-08,2026-07-08
75016029,E10,2026-07-13,2026-07-15
75016029,E10,2026-07-20,2026-07-21
75016029,E10,2026-07-23,2026-07-24
75016029,E10,2026-07-28,2026-07-29
75016029,E10,2026-07-31,2026-07-31
75016029,E10,2026-08-05,2026-08-05
75016029,E10,2026-08-13,2026-08-14
75016029,E10,2026-08-31,2026-09-01
75016029,E10,2026-09-03,2026-09-04
75016029,E10,2026-09-07,2026-09-08
75016029,E10,2026-09-09,2026-09-10
75016029,E10,2026-09-12,2026-09-14
75016029,E10,2026-09-17,
75016029,E85,2025-08-19,
75016029,GPLc,2025-08-19,
75016029,Gazole,2026-01-08,2026-01-08
75016029,Gazole,2026-04-02,2026-04-03
75016029,Gazole,2026-04-04,2026-04-08
75016029,Gazole,2026-04-15,2026-04-15
75016029,Gazole,2026-04-18,2026-04-20
75016029,Gazole,2026-05-02,2026-05-04
75016029,Gazole,2026-05-09,2026-05-09
75016029,Gazole,2026-05-18,2026-05-18
75016029,Gazole,2026-05-23,2026-05-26
75016029,Gazole,2026-06-04,2026-06-05
75016029,Gazole,2026-06-22,2026-06-23
75016029,Gazole,2026-06-25,2026-06-26
75016029,Gazole,2026-06-29,2026-06-30
75016029,Gazole,2026-07-07,2026-07-08
75016029,Gazole,2026-07-13,2026-07-15
75016029,Gazole,2026-07-28,2026-07-29
75016029,Gazole,2026-08-13,2026-08-14
75016029,Gazole,2026-09-09,2026-09-10
75016029,Gazole,2026-09-12,2026-09-14
75016029,Gazole,2026-09-15,2026-09-16
75016029,SP95,2025-08-19,
75016029,SP98,2025-12-23,2025-12-23
75016029,SP98,2026-01-08,2026-01-08
75016029,SP98,2026-01-14,2026-01-14
75016029,SP98,2026-03-31,2026-04-01
75016029,SP98,2026-04-01,2026-04-03
75016029,SP98,2026-04-04,2026-04-08
75016029,SP98,2026-04-11,2026-04-15
75016029,SP98,2026-04-17,2026-04-20
75016029,SP98,2026-04-27,2026-04-29
75016029,SP98,2026-04-29,2026-05-01
75016029,SP98,2026-05-02,2026-05-04
75016029,SP98,2026-05-06,2026-05-07
75016029,SP98,2026-05-09,2026-05-12
75016029,SP98,2026-05-15,2026-05-15
75016029,SP98,2026-05-18,2026-05-18
75016029,SP98,2026-05-19,2026-05-22
75016029,SP98,2026-05-22,2026-05-26
75016029,SP98,2026-05-27,2026-05-28
75016029,SP98,2026-05-28,2026-06-01
75016029,SP98,2026-06-01,2026-06-03
75016029,SP98,2026-06-04,2026-06-05
75016029,SP98,2026-06-06,2026-06-09
75016029,SP98,2026-06-10,2026-06-12
75016029,SP98,2026-06-13,2026-06-16
75016029,SP98,2026-06-17,2026-06-19
75016029,SP98,2026-06-20,2026-06-23
75016029,SP98,2026-06-24,2026-06-26
75016029,SP98,2026-06-27,2026-06-30
75016029,SP98,2026-07-01,2026-07-03
75016029,SP98,2026-07-04,2026-07-08
75016029,SP98,2026-07-09,2026-07-10
75016029,SP98,2026-07-11,2026-07-15
75016029,SP98,2026-07-16,2026-07-18
75016029,SP98,2026-07-18,2026-07-21
75016029,SP98,2026-07-22,2026-07-24
75016029,SP98,2026-07-25,2026-07-29
75016029,SP98,2026-07-30,2026-07-31
75016029,SP98,2026-08-03,2026-08-05
75016029,SP98,2026-08-10,2026-08-14
75016029,SP98,2026-08-17,2026-08-20
75016029,SP98,2026-08-24,2026-08-27
75016029,SP98,2026-08-28,2026-09-08
75016029,SP98,2026-09-08,2026-09-10
75016029,SP98,2026-09-11,2026-09-14
75016029,SP98,2026-09-15,2026-09-16
75016029,SP98,2026-09-17,
75017001,E85,2012-02-24,
75017001,GPLc,2012-07-19,
75017001,SP95,2012-02-24,
75017002,E85,2012-12-07,
75017002,GPLc,2012-12-07,
75017002,SP95,2012-12-07,
75017007,E10,2009-04-03,
75017008,E10,2015-04-08,
75017008,E85,2015-04-08,
75017008,GPLc,2015-04-08,
75017008,Gazole,2015-04-08,
75017008,SP95,2009-12-15,
75017008,SP98,2015-04-08,
75017009,SP95,2009-12-08,
75017014,SP95,2009-04-22,
75017016,SP95,2011-01-23,
75017017,E10,2026-04-03,2026-04-09
75017017,E85,2018-06-13,
75017017,GPLc,2018-06-13,
75017017,Gazole,2026-04-02,2026-04-02
75017017,Gazole,2026-04-03,2026-04-09
75017017,SP95,2018-06-13,
75017017,SP98,2026-03-30,2026-03-30
75017017,SP98,2026-04-01,2026-04-02
75017017,SP98,2026-04-03,2026-04-09
75017017,SP98,2026-04-11,2026-04-16
75017017,SP98,2026-04-30,2026-05-06
75017020,E85,2022-10-06,
75017020,GPLc,2022-10-10,
75017020,SP95,2022-10-06,
75018001,E10,2012-03-02,
75018001,E85,2012-03-02,
75018001,GPLc,2012-03-02,
75018003,SP98,2016-07-20,
75018005,E10,2015-04-08,
75018005,E85,2015-04-08,
75018005,GPLc,2015-04-08,
75018005,Gazole,2015-04-08,
75018005,SP95,2009-11-27,
75018005,SP98,2015-04-08,
75018007,E85,2012-03-02,
75018007,GPLc,2012-03-02,
75018007,SP95,2012-03-02,
75018008,SP95,2009-04-14,
75018009,E85,2010-10-21,
75018009,SP95,2014-05-06,
75018010,E85,1970-01-01,
75018010,GPLc,1970-01-01,
75018010,SP95,1970-01-01,
75018011,E10,1970-01-01,
75018011,E85,1970-01-01,
75018011,GPLc,1970-01-01,
75018011,SP98,2013-10-25,
75018013,E10,2025-01-06,2025-02-10
75018013,E10,2025-06-23,2025-07-16
75018013,E10,2025-10-27,2025-10-29
75018013,E10,2025-12-01,2025-12-01
75018013,E10,2025-12-08,2025-12-10
75018013,E10,2025-12-15,2025-12-22
75018013,E10,2025-12-29,2025-12-29
75018013,E10,2026-01-02,2026-01-02
75018013,E10,2026-01-06,2026-01-08
75018013,E10,2026-02-16,2026-02-24
75018013,E10,2026-03-09,2026-03-11
75018013,E10,2026-03-31,2026-04-01
75018013,E10,2026-04-02,2026-04-03
75018013,E10,2026-04-04,2026-04-07
75018013,E10,2026-04-08,2026-04-09
75018013,E10,2026-04-13,2026-04-15
75018013,E10,2026-04-25,2026-04-28
75018013,E10,2026-04-29,2026-04-29
75018013,E10,2026-04-30,2026-04-30
75018013,E10,2026-05-01,2026-05-02
75018013,E10,2026-05-03,2026-05-05
75018013,E10,2026-05-06,2026-05-07
75018013,E10,2026-05-07,2026-05-09
75018013,E10,2026-05-10,2026-05-12
75018013,E10,2026-05-14,2026-05-15
75018013,E10,2026-05-16,2026-05-19
75018013,E10,2026-05-20,2026-05-20
75018013,E10,2026-05-23,2026-05-23
75018013,E10,2026-05-24,2026-05-26
75018013,E10,2026-05-29,2026-05-30
75018013,E10,2026-05-31,2026-06-04
75018013,E10,2026-06-04,2026-06-09
75018013,E10,2026-06-15,2026-06-17
75018013,E10,2026-06-17,2026-06-17
75018013,E10,2026-06-21,2026-06-22
75018013,E10,2026-06-23,2026-06-25
75018013,E10,2026-06-26,2026-06-26
75018013,E10,2026-06-27,2026-06-30
75018013,E10,2026-07-06,2026-07-06
75018013,E10,2026-07-12,2026-07-14
75018013,E10,2026-07-14,2026-07-15
75018013,E10,2026-07-15,2026-07-16
75018013,E10,2026-07-27,2026-07-30
75018013,E10,2026-08-31,2026-09-01
75018013,E10,2026-09-05,2026-09-07
75018013,E10,2026-09-08,2026-09-09
75018013,E10,2026-09-10,2026-09-10
75018013,E10,2026-09-13,2026-09-15
75018013,E10,2026-09-15,2026-09-16
75018013,E85,2023-02-03,
75018013,GPLc,2023-02-03,
75018013,Gazole,2024-11-25,2025-04-23
75018013,Gazole,2025-07-14,2025-07-16
75018013,Gazole,2025-10-27,2025-10-29
75018013,Gazole,2025-12-08,2025-12-10
75018013,Gazole,2025-12-29,2025-12-29
75018013,Gazole,2026-01-06,2026-01-08
75018013,Gazole,2026-03-31,2026-04-01
75018013,Gazole,2026-04-02,2026-04-03
75018013,Gazole,2026-04-05,2026-04-07
75018013,Gazole,2026-04-08,2026-04-09
75018013,Gazole,2026-04-14,2026-04-15
75018013,Gazole,2026-04-27,2026-04-28
75018013,Gazole,2026-05-03,2026-05-05
75018013,Gazole,2026-05-08,2026-05-09
75018013,Gazole,2026-05-10,2026-05-12
75018013,Gazole,2026-05-14,2026-05-15
75018013,Gazole,2026-05-25,2026-05-26
75018013,Gazole,2026-05-29,2026-05-30
75018013,Gazole,2026-05-31,2026-06-03
75018013,Gazole,2026-06-05,2026-06-06
75018013,Gazole,2026-06-08,2026-06-09
75018013,Gazole,2026-06-17,2026-06-17
75018013,Gazole,2026-06-23,2026-06-25
75018013,Gazole,2026-06-29,2026-06-30
75018013,Gazole,2026-07-13,2026-07-14
75018013,Gazole,2026-07-14,2026-07-15
75018013,Gazole,2026-07-22,2026-07-22
75018013,Gazole,2026-07-28,2026-07-30
75018013,Gazole,2026-09-10,2026-09-10
75018013,Gazole,2026-09-14,2026-09-15
75018013,SP95,2023-02-03,2025-12-29
75018013,SP95,2026-02-24,
75018013,SP98,2024-07-21,2025-04-23
75018013,SP98,2025-06-23,2025-07-16
75018013,SP98,2025-10-27,2025-10-29
75018013,SP98,2025-12-01,2025-12-01
75018013,SP98,2025-12-08,2025-12-10
75018013,SP98,2025-12-15,2025-12-22
75018013,SP98,2025-12-29,2025-12-29
75018013,SP98,2026-01-02,2026-01-02
75018013,SP98,2026-01-05,2026-01-08
75018013,SP98,2026-02-16,2026-02-24
75018013,SP98,2026-03-09,2026-03-11
75018013,SP98,2026-03-23,2026-03-25
75018013,SP98,2026-03-26,2026-03-27
75018013,SP98,2026-03-30,2026-04-01
75018013,SP98,2026-04-02,2026-04-18
75018013,SP98,2026-04-23,2026-05-05
75018013,SP98,2026-05-05,2026-05-19
75018013,SP98,2026-05-19,2026-05-20
75018013,SP98,2026-05-21,2026-05-26
75018013,SP98,2026-05-27,2026-06-04
75018013,SP98,2026-06-04,2026-06-09
75018013,SP98,2026-06-11,2026-06-12
75018013,SP98,2026-06-13,2026-06-17
75018013,SP98,2026-06-19,2026-06-22
75018013,SP98,2026-06-23,2026-06-26
75018013,SP98,2026-06-27,2026-06-30
75018013,SP98,2026-07-02,2026-07-02
75018013,SP98,2026-07-03,2026-07-06
75018013,SP98,2026-07-07,2026-07-10
75018013,SP98,2026-07-10,2026-07-11
75018013,SP98,2026-07-12,2026-07-14
75018013,SP98,2026-07-14,2026-07-15
75018013,SP98,2026-07-16,2026-07-16
75018013,SP98,2026-07-24,2026-07-25
75018013,SP98,2026-07-26,2026-07-30
75018013,SP98,2026-08-01,2026-08-04
75018013,SP98,2026-08-05,2026-08-06
75018013,SP98,2026-08-07,2026-08-07
75018013,SP98,2026-08-10,2026-08-11
75018013,SP98,2026-08-14,2026-08-18
75018013,SP98,2026-08-22,2026-08-24
75018013,SP98,2026-08-25,2026-08-29
75018013,SP98,2026-08-30,2026-09-02
75018013,SP98,2026-09-03,2026-09-07
75018013,SP98,2026-09-08,2026-09-09
75018013,SP98,2026-09-10,2026-09-11
75018013,SP98,2026-09-12,2026-09-12
75018013,SP98,2026-09-13,2026-09-15
75018013,SP98,2026-09-16,2026-09-17
75018013,SP98,2026-09-17,
75018014,E10,2025-06-10,2025-06-13
75018014,E10,2025-11-03,2025-11-04
75018014,E10,2025-12-01,2025-12-01
75018014,E10,2025-12-08,2025-12-10
75018014,E10,2026-01-09,2026-01-09
75018014,E10,2026-03-30,2026-03-31
75018014,E10,2026-04-02,2026-04-03
75018014,E10,2026-04-03,2026-04-08
75018014,E10,2026-04-10,2026-04-20
75018014,E10,2026-04-27,2026-04-27
75018014,E10,2026-05-04,2026-05-04
75018014,E10,2026-05-11,2026-05-11
75018014,E10,2026-05-14,2026-05-15
75018014,E10,2026-05-18,2026-05-18
75018014,E10,2026-05-28,2026-05-28
75018014,E10,2026-06-02,2026-06-02
75018014,E10,2026-06-21,2026-06-22
75018014,E10,2026-06-29,2026-06-29
75018014,E10,2026-07-05,2026-07-06
75018014,E10,2026-07-07,2026-07-08
75018014,E10,2026-07-11,2026-07-13
75018014,E10,2026-07-14,2026-07-14
75018014,E10,2026-07-16,2026-07-16
75018014,E10,2026-07-26,2026-07-27
75018014,E10,2026-08-01,2026-08-01
75018014,E10,2026-08-24,2026-08-27
75018014,E10,2026-09-06,2026-09-08
75018014,E10,2026-09-13,2026-09-14
75018014,E85,2025-10-15,2025-10-16
75018014,E85,2026-04-02,2026-04-03
75018014,E85,2026-04-03,2026-04-06
75018014,E85,2026-04-06,2026-04-08
75018014,E85,2026-04-13,2026-04-20
75018014,E85,2026-05-04,2026-05-04
75018014,E85,2026-05-18,2026-05-19
75018014,E85,2026-06-21,2026-06-22
75018014,E85,2026-07-06,2026-07-08
75018014,E85,2026-07-12,2026-07-13
75018014,E85,2026-07-13,2026-07-14
75018014,E85,2026-07-14,2026-07-15
75018014,E85,2026-09-15,2026-09-15
75018014,GPLc,2023-10-17,
75018014,Gazole,2026-04-06,2026-04-07
75018014,Gazole,2026-04-08,2026-04-09
75018014,Gazole,2026-04-13,2026-04-16
75018014,SP95,2025-12-15,2025-12-15
75018014,SP95,2026-04-02,2026-04-03
75018014,SP95,2026-04-03,2026-04-08
75018014,SP95,2026-04-10,2026-04-20
75018014,SP95,2026-04-27,2026-04-27
75018014,SP95,2026-05-09,2026-05-09
75018014,SP95,2026-05-14,2026-05-15
75018014,SP95,2026-05-18,2026-05-18
75018014,SP95,2026-06-21,2026-06-22
75018014,SP95,2026-07-09,2026-07-09
75018014,SP95,2026-07-11,2026-07-13
75018014,SP95,2026-07-14,2026-07-15
75018014,SP95,2026-07-16,2026-07-16
75018014,SP95,2026-08-31,2026-08-31
75018014,SP95,2026-09-03,2026-09-03
75018014,SP98,2025-06-10,2025-06-13
75018014,SP98,2026-03-30,2026-03-31
75018014,SP98,2026-04-02,2026-04-06
75018014,SP98,2026-04-06,2026-04-08
75018014,SP98,2026-04-10,2026-04-20
75018014,SP98,2026-04-21,2026-04-22
75018014,SP98,2026-04-24,2026-04-27
75018014,SP98,2026-04-28,2026-04-29
75018014,SP98,2026-05-01,2026-05-04
75018014,SP98,2026-05-05,2026-05-05
75018014,SP98,2026-05-08,2026-05-09
75018014,SP98,2026-05-11,2026-05-11
75018014,SP98,2026-05-14,2026-05-15
75018014,SP98,2026-05-18,2026-05-18
75018014,SP98,2026-05-28,2026-06-03
75018014,SP98,2026-06-08,2026-06-09
75018014,SP98,2026-06-09,2026-06-15
75018014,SP98,2026-06-19,2026-06-19
75018014,SP98,2026-06-21,2026-06-22
75018014,SP98,2026-06-29,2026-06-29
75018014,SP98,2026-07-05,2026-07-06
75018014,SP98,2026-07-07,2026-07-09
75018014,SP98,2026-07-10,2026-07-13
75018014,SP98,2026-07-14,2026-07-14
75018014,SP98,2026-07-17,2026-07-18
75018014,SP98,2026-07-26,2026-07-28
75018014,SP98,2026-07-31,2026-08-01
75018014,SP98,2026-08-10,2026-08-12
75018014,SP98,2026-08-17,2026-08-17
75018014,SP98,2026-08-18,2026-08-19
75018014,SP98,2026-08-22,2026-09-01
75018014,SP98,2026-09-03,2026-09-08
75018014,SP98,2026-09-09,2026-09-09
75018014,SP98,2026-09-10,2026-09-11
75018014,SP98,2026-09-13,2026-09-14
75018014,SP98,2026-09-15,2026-09-15
75019001,SP95,2009-04-17,
75019002,SP95,2012-11-23,
75019005,E85,2011-05-06,
75019005,SP95,2011-05-06,
75019006,E85,2011-06-27,
75019006,GPLc,2011-06-27,
75019006,SP95,2009-04-30,
75019007,E85,2010-10-21,
75019010,E85,2009-10-08,
75019010,SP95,2010-02-01,
75019013,E10,2026-04-08,2026-04-08
75019013,E85,2026-04-08,2026-04-08
75019013,GPLc,2021-11-03,
75019013,Gazole,2024-10-01,
75019013,SP95,2023-12-21,
75019013,SP98,2026-04-07,2026-04-08
75019014,E10,2026-04-07,2026-04-07
75019014,E85,2026-04-07,2026-04-07
75019014,GPLc,2025-06-24,2025-08-20
75019014,Gazole,2024-10-01,
75019014,SP95,2026-04-07,2026-04-07
75019014,SP98,2026-04-07,2026-04-07
75019015,E10,2024-11-15,2025-04-07
75019015,E10,2026-01-08,2026-01-09
75019015,E10,2026-04-07,2026-04-07
75019015,E10,2026-04-08,2026-04-10
75019015,E10,2026-04-12,2026-04-14
75019015,E10,2026-04-15,2026-04-21
75019015,E10,2026-04-30,2026-05-05
75019015,E10,2026-05-11,2026-05-12
75019015,E10,2026-05-18,2026-05-21
75019015,E10,2026-05-26,2026-05-27
75019015,E10,2026-06-01,2026-06-08
75019015,E10,2026-06-15,2026-06-15
75019015,E10,2026-06-24,2026-06-24
75019015,E10,2026-06-29,2026-06-30
75019015,E10,2026-07-06,2026-07-06
75019015,E10,2026-07-10,2026-07-13
75019015,E10,2026-07-15,2026-07-25
75019015,E10,2026-08-14,2026-08-17
75019015,E10,2026-08-27,2026-08-28
75019015,E10,2026-08-31,2026-09-07
75019015,E10,2026-09-08,2026-09-09
75019015,E10,2026-09-14,2026-09-16
75019015,E85,2019-01-15,
75019015,GPLc,2019-01-15,
75019015,Gazole,2026-04-02,2026-04-03
75019015,Gazole,2026-04-07,2026-04-07
75019015,Gazole,2026-04-12,2026-04-14
75019015,Gazole,2026-04-16,2026-04-21
75019015,Gazole,2026-04-30,2026-05-05
75019015,Gazole,2026-05-05,2026-05-06
75019015,Gazole,2026-05-11,2026-05-12
75019015,Gazole,2026-05-15,2026-05-21
75019015,Gazole,2026-05-26,2026-05-27
75019015,Gazole,2026-06-08,2026-06-08
75019015,Gazole,2026-07-15,2026-07-25
75019015,Gazole,2026-08-14,2026-08-17
75019015,Gazole,2026-08-27,2026-08-28
75019015,SP95,2019-01-15,2026-09-16
75019015,SP95,2026-09-16,2026-09-16
75019015,SP98,2024-11-15,2025-04-07
75019015,SP98,2026-01-08,2026-01-09
75019015,SP98,2026-04-02,2026-04-03
75019015,SP98,2026-04-07,2026-04-07
75019015,SP98,2026-04-08,2026-04-10
75019015,SP98,2026-04-12,2026-04-14
75019015,SP98,2026-04-15,2026-04-21
75019015,SP98,2026-04-22,2026-05-05
75019015,SP98,2026-05-05,2026-05-06
75019015,SP98,2026-05-11,2026-05-12
75019015,SP98,2026-05-13,2026-05-15
75019015,SP98,2026-05-18,2026-05-21
75019015,SP98,2026-05-26,2026-05-27
75019015,SP98,2026-06-01,2026-06-08
75019015,SP98,2026-06-15,2026-06-15
75019015,SP98,2026-06-24,2026-06-24
75019015,SP98,2026-06-29,2026-06-30
75019015,SP98,2026-07-06,2026-07-06
75019015,SP98,2026-07-10,2026-07-13
75019015,SP98,2026-07-15,2026-07-25
75019015,SP98,2026-07-31,2026-08-07
75019015,SP98,2026-08-14,2026-08-17
75019015,SP98,2026-08-27,2026-08-28
75019015,SP98,2026-08-31,2026-09-09
75019015,SP98,2026-09-14,2026-09-16
75019016,E10,2026-07-15,2026-07-16
75019016,E10,2026-07-20,2026-07-29
75019016,E10,2026-08-01,2026-08-03
75019016,E10,2026-08-16,2026-08-17
75019016,E10,2026-08-24,2026-08-24
75019016,E10,2026-08-29,2026-08-31
75019016,E10,2026-09-02,2026-09-04
75019016,E10,2026-09-07,2026-09-07
75019016,E10,2026-09-08,2026-09-09
75019016,E10,2026-09-10,2026-09-10
75019016,E10,2026-09-13,2026-09-14
75019016,E10,2026-09-17,2026-09-17
75019016,E85,2026-07-10,2026-09-04
75019016,E85,2026-09-07,
75019016,GPLc,2023-12-15,
75019016,Gazole,2026-08-24,2026-08-24
75019016,SP95,2019-11-05,
75019016,SP98,2026-07-14,2026-07-16
75019016,SP98,2026-07-20,2026-07-29
75019016,SP98,2026-08-01,2026-08-03
75019016,SP98,2026-08-03,2026-08-04
75019016,SP98,2026-08-05,2026-08-06
75019016,SP98,2026-08-08,2026-08-10
75019016,SP98,2026-08-15,2026-08-17
75019016,SP98,2026-08-24,2026-08-27
75019016,SP98,2026-08-29,2026-08-31
75019016,SP98,2026-09-01,2026-09-01
75019016,SP98,2026-09-02,2026-09-07
75019016,SP98,2026-09-08,2026-09-09
75019016,SP98,2026-09-10,2026-09-10
75019016,SP98,2026-09-11,2026-09-12
75019016,SP98,2026-09-13,2026-09-14
75019016,SP98,2026-09-15,2026-09-15
75019016,SP98,2026-09-17,2026-09-17
75019019,E10,2024-10-03,
75019019,E85,2024-05-11,
75019019,GPLc,2024-10-02,
75019019,Gazole,2024-10-07,
75019019,SP95,2024-05-11,
75019019,SP98,2024-10-03,
75020002,GPLc,2009-09-25,
75020002,SP95,2009-09-25,
75020003,SP95,2009-04-01,
75020004,E10,2009-04-17,
75020004,Gazole,2013-11-21,
75020004,SP95,2009-04-27,
75020006,E85,2010-09-07,
75020006,GPLc,2010-02-02,
75020006,SP95,2010-02-01,
75020007,E10,2021-04-30,
75020007,E85,2021-04-30,
75020007,GPLc,2021-04-30,
75020007,Gazole,2021-04-30,
75020007,SP95,2014-12-10,
75020007,SP98,2021-04-30,
75020008,GPLc,2025-07-21,
75020008,SP95,2025-07-21,
75020009,SP95,2008-02-01,
75020010,E10,2025-01-06,2025-01-07
75020010,E10,2025-01-14,2025-01-14
75020010,E10,2025-01-20,2025-01-20
75020010,E10,2025-01-26,2025-01-27
75020010,E10,2025-02-11,2025-02-11
75020010,E10,2025-02-18,2025-02-18
75020010,E10,2025-02-24,2025-02-24
75020010,E10,2025-03-09,2025-03-10
75020010,E10,2025-03-16,2025-03-17
75020010,E10,2025-03-24,2025-03-24
75020010,E10,2025-04-22,2025-04-22
75020010,E10,2025-06-22,2025-07-07
75020010,E10,2025-07-09,2025-07-10
75020010,E10,2025-07-14,2025-07-16
75020010,E10,2025-09-19,2025-09-24
75020010,E10,2025-10-20,2025-10-20
75020010,E10,2025-11-24,2025-11-24
75020010,E10,2025-11-26,2025-11-26
75020010,E10,2026-01-05,2026-01-06
75020010,E10,2026-03-31,2026-04-02
75020010,E10,2026-04-03,2026-04-07
75020010,E10,2026-04-08,2026-04-09
75020010,E10,2026-04-21,2026-04-22
75020010,E10,2026-04-24,2026-04-24
75020010,E10,2026-04-28,2026-04-28
75020010,E10,2026-05-01,2026-05-04
75020010,E10,2026-05-06,2026-05-06
75020010,E10,2026-05-10,2026-05-12
75020010,E10,2026-05-14,2026-05-15
75020010,E10,2026-05-17,2026-05-18
75020010,E10,2026-05-20,2026-05-20
75020010,E10,2026-05-24,2026-05-26
75020010,E10,2026-05-28,2026-05-29
75020010,E10,2026-05-31,2026-06-02
75020010,E10,2026-06-06,2026-06-08
75020010,E10,2026-06-25,2026-06-27
75020010,E10,2026-06-28,2026-06-29
75020010,E10,2026-07-05,2026-07-06
75020010,E10,2026-07-08,2026-07-09
75020010,E10,2026-07-10,2026-07-10
75020010,E10,2026-07-13,2026-07-15
75020010,E10,2026-07-16,2026-07-16
75020010,E10,2026-07-18,2026-07-20
75020010,E10,2026-07-26,2026-07-27
75020010,E10,2026-08-10,2026-08-10
75020010,E10,2026-08-17,2026-08-18
75020010,E10,2026-08-26,2026-08-27
75020010,E10,2026-08-31,2026-09-01
75020010,E10,2026-09-06,2026-09-08
75020010,E10,2026-09-09,2026-09-09
75020010,E10,2026-09-14,2026-09-15
75020010,E85,2022-11-13,
75020010,GPLc,2022-11-13,
75020010,Gazole,2025-01-20,2025-01-20
75020010,Gazole,2025-03-10,2025-03-10
75020010,Gazole,2025-07-14,2025-07-16
75020010,Gazole,2026-03-13,2026-03-13
75020010,Gazole,2026-04-03,2026-04-03
75020010,Gazole,2026-04-04,2026-04-07
75020010,Gazole,2026-04-24,2026-04-24
75020010,Gazole,2026-05-03,2026-05-05
75020010,Gazole,2026-05-12,2026-05-12
75020010,Gazole,2026-05-14,2026-05-15
75020010,Gazole,2026-05-17,2026-05-18
75020010,Gazole,2026-05-20,2026-05-20
75020010,Gazole,2026-05-25,2026-05-25
75020010,SP95,2022-11-13,
75020010,SP98,2025-01-20,2025-01-20
75020010,SP98,2025-03-16,2025-03-17
75020010,SP98,2025-07-14,2025-07-16
75020010,SP98,2026-04-02,2026-04-02
75020010,SP98,2026-04-03,2026-04-07
75020010,SP98,2026-04-08,2026-04-09
75020010,SP98,2026-04-24,2026-04-24
75020010,SP98,2026-04-29,2026-04-29
75020010,SP98,2026-05-01,2026-05-05
75020010,SP98,2026-05-10,2026-05-12
75020010,SP98,2026-05-14,2026-05-15
75020010,SP98,2026-05-17,2026-05-18
75020010,SP98,2026-05-19,2026-05-20
75020010,SP98,2026-05-24,2026-05-26
75020010,SP98,2026-05-29,2026-05-29
75020010,SP98,2026-06-03,2026-06-04
75020010,SP98,2026-06-05,2026-06-08
75020010,SP98,2026-06-09,2026-06-10
75020010,SP98,2026-06-11,2026-06-12
75020010,SP98,2026-06-15,2026-06-15
75020010,SP98,2026-06-26,2026-06-27
75020010,SP98,2026-07-08,2026-07-09
75020010,SP98,2026-07-10,2026-07-10
75020010,SP98,2026-07-13,2026-07-15
75020010,SP98,2026-07-20,2026-07-20
75020010,SP98,2026-08-17,2026-08-18
75020010,SP98,2026-08-26,2026-08-30
75020010,SP98,2026-08-30,2026-08-30
75020010,SP98,2026-09-09,2026-09-09
75020010,SP98,2026-09-15,2026-09-15
75020011,SP95,2015-09-15,
75853002,SP98,2016-07-20,
78000002,SP98,2013-07-09,
78000003,E85,2012-06-11,
78000003,SP95,2009-05-07,
78000004,SP95,2009-05-12,
78000005,SP95,2009-07-02,
78000018,SP98,2016-07-20,
78000019,E10,2025-01-19,2025-01-21
78000019,E10,2025-03-17,2025-07-21
78000019,E10,2026-03-23,2026-03-31
78000019,E10,2026-04-01,2026-04-03
78000019,E10,2026-04-05,2026-04-08
78000019,E10,2026-04-09,2026-04-09
78000019,E10,2026-04-13,2026-04-14
78000019,E10,2026-04-20,2026-04-22
78000019,E10,2026-05-09,2026-05-12
78000019,E10,2026-05-13,2026-05-15
78000019,E10,2026-05-20,2026-05-20
78000019,E10,2026-05-24,2026-05-25
78000019,E10,2026-05-27,2026-05-27
78000019,E10,2026-05-28,2026-05-28
78000019,E10,2026-05-31,2026-06-01
78000019,E10,2026-06-03,2026-06-06
78000019,E10,2026-07-13,2026-07-22
78000019,E10,2026-07-26,2026-07-28
78000019,E10,2026-08-02,2026-08-04
78000019,E10,2026-08-10,2026-08-11
78000019,E10,2026-08-16,2026-08-18
78000019,E10,2026-08-23,2026-08-24
78000019,E10,2026-08-28,
78000019,E85,2026-05-19,2026-05-20
78000019,E85,2026-08-28,
78000019,GPLc,2017-09-23,
78000019,Gazole,2026-03-18,2026-03-20
78000019,Gazole,2026-04-07,2026-04-08
78000019,SP95,2023-02-16,
78000019,SP98,2025-01-21,2025-03-17
78000019,SP98,2026-04-06,2026-04-08
78000019,SP98,2026-04-13,2026-04-14
78000019,SP98,2026-04-28,2026-04-29
78000019,SP98,2026-05-03,2026-05-06
78000019,SP98,2026-05-08,2026-05-11
78000019,SP98,2026-05-11,2026-05-12
78000019,SP98,2026-05-13,2026-05-19
78000019,SP98,2026-05-24,2026-05-25
78000019,SP98,2026-05-26,2026-06-01
78000019,SP98,2026-06-20,2026-06-22
78000019,SP98,2026-07-15,2026-07-22
78000019,SP98,2026-07-26,2026-07-28
78000019,SP98,2026-07-31,2026-08-11
78000019,SP98,2026-08-11,2026-08-18
78000019,SP98,2026-08-22,2026-08-24
78000019,SP98,2026-08-25,
78000020,E10,2026-03-30,2026-03-30
78000020,E10,2026-04-06,2026-04-07
78000020,E10,2026-07-15,2026-07-16
78000020,E10,2026-08-30,2026-08-31
78000020,E10,2026-09-04,2026-09-05
78000020,E10,2026-09-06,2026-09-07
78000020,E10,2026-09-07,2026-09-08
78000020,E10,2026-09-09,2026-09-09
78000020,E10,2026-09-11,2026-09-11
78000020,E10,2026-09-13,2026-09-14
78000020,E85,2026-04-07,
78000020,GPLc,2025-05-19,2025-07-24
78000020,GPLc,2026-03-27,2026-04-20
78000020,GPLc,2026-05-14,2026-05-15
78000020,GPLc,2026-07-08,2026-07-30
78000020,GPLc,2026-08-30,2026-08-31
78000020,GPLc,2026-09-08,
78000020,SP95,2026-04-06,2026-07-16
78000020,SP95,2026-08-30,
78000020,SP98,2026-03-30,2026-03-30
78000020,SP98,2026-04-06,2026-04-07
78000020,SP98,2026-04-13,2026-04-14
78000020,SP98,2026-04-30,2026-05-01
78000020,SP98,2026-05-15,2026-05-15
78000020,SP98,2026-07-15,2026-07-16
78000020,SP98,2026-07-30,2026-07-31
78000020,SP98,2026-08-26,2026-08-29
78000020,SP98,2026-08-29,2026-09-02
78000020,SP98,2026-09-03,2026-09-03
78000020,SP98,2026-09-04,2026-09-07
78000020,SP98,2026-09-07,2026-09-08
78000020,SP98,2026-09-09,2026-09-11
78000020,SP98,2026-09-11,2026-09-14
78000020,SP98,2026-09-17,2026-09-17
78140001,E85,2025-12-30,2026-01-19
78140001,GPLc,2025-01-08,2025-01-09
78140001,GPLc,2025-02-08,2025-02-10
78140001,GPLc,2025-02-14,2025-02-19
78140001,GPLc,2025-02-24,2025-02-25
78140001,GPLc,2025-03-17,2025-03-17
78140001,GPLc,2025-04-14,2025-04-15
78140001,GPLc,2025-05-21,2025-05-22
78140001,GPLc,2025-08-20,2025-09-02
78140001,GPLc,2025-11-17,2025-11-18
78140001,GPLc,2025-12-15,2025-12-17
78140001,GPLc,2026-01-30,2026-02-02
78140001,GPLc,2026-02-03,2026-02-07
78140001,GPLc,2026-05-05,2026-05-05
78140001,GPLc,2026-05-11,2026-05-15
78140001,GPLc,2026-05-26,2026-05-27
78140001,GPLc,2026-07-20,2026-07-28
78140001,Gazole,2026-02-16,2026-02-17
78140001,SP95,2022-10-05,
78140002,GPLc,2016-06-16,
78140002,SP98,2016-07-20,
78140004,GPLc,2010-11-03,
78140004,SP95,2010-11-03,
78140005,SP95,2009-10-15,
78140006,SP95,2014-08-06,
78140008,E85,2024-06-18,
78140008,SP95,2024-06-18,
78140009,E85,2018-08-07,
78140009,GPLc,2021-07-30,
78140009,SP95,2018-08-07,
78140010,GPLc,2023-07-20,
78150015,E10,2022-12-05,
78150015,E85,2022-12-05,
78150015,GPLc,2022-09-28,
78150015,Gazole,2022-12-05,
78150015,SP95,2022-09-28,
78150015,SP98,2022-12-05,
78170001,GPLc,2012-07-01,
78220002,E10,2015-04-01,
78220002,E85,2011-06-27,
78220002,GPLc,2011-06-27,
78220002,SP95,2015-04-21,
78220002,SP98,2015-04-21,
78350001,SP95,2009-11-26,
78350002,Gazole,2025-06-16,2025-06-16
78350002,Gazole,2026-04-08,2026-04-09
78350002,SP95,2024-06-26,
90160002,GPLc,2022-07-18,
90160002,SP95,2022-07-18,
91120002,SP95,2009-11-25,
91120003,SP95,2009-10-31,
91140001,SP95,2011-06-17,
91140002,E10,2025-01-20,2025-01-21
91140002,E10,2025-02-02,2025-02-03
91140002,E10,2025-05-19,2025-05-19
91140002,E10,2025-06-30,2025-07-07
91140002,E10,2025-07-11,2025-07-12
91140002,E10,2025-10-27,2025-10-27
91140002,E10,2025-12-09,2025-12-09
91140002,E10,2026-04-03,2026-04-07
91140002,E10,2026-04-07,2026-04-08
91140002,E10,2026-04-08,2026-04-09
91140002,E10,2026-04-09,2026-04-10
91140002,E10,2026-04-10,2026-04-11
91140002,E10,2026-04-12,2026-04-13
91140002,E10,2026-04-17,2026-04-20
91140002,E10,2026-05-08,2026-05-11
91140002,E10,2026-05-11,2026-05-12
91140002,E10,2026-05-12,2026-05-13
91140002,E10,2026-05-13,2026-05-15
91140002,E10,2026-05-17,2026-05-18
91140002,E10,2026-05-18,2026-05-19
91140002,E10,2026-05-25,2026-05-26
91140002,E10,2026-05-28,2026-06-01
91140002,E10,2026-06-01,2026-06-02
91140002,E10,2026-06-02,2026-06-05
91140002,E10,2026-06-16,2026-06-17
91140002,E10,2026-06-22,2026-06-23
91140002,E10,2026-06-25,2026-06-28
91140002,E10,2026-06-28,2026-06-29
91140002,E10,2026-07-05,2026-07-06
91140002,E10,2026-07-12,2026-07-13
91140002,E10,2026-07-25,2026-07-30
91140002,E10,2026-08-01,2026-08-03
91140002,E10,2026-08-10,2026-08-10
91140002,E10,2026-08-29,2026-08-30
91140002,E10,2026-08-30,2026-08-31
91140002,E10,2026-09-07,2026-09-08
91140002,E10,2026-09-10,2026-09-11
91140002,E10,2026-09-11,2026-09-12
91140002,E10,2026-09-13,2026-09-15
91140002,E10,2026-09-15,2026-09-16
91140002,E10,2026-09-16,
91140002,E85,2017-09-26,
91140002,GPLc,2017-09-26,
91140002,Gazole,2025-05-19,2025-05-19
91140002,Gazole,2025-07-06,2025-07-07
91140002,Gazole,2025-07-11,2025-07-12
91140002,Gazole,2025-10-27,2025-10-30
91140002,Gazole,2026-03-31,2026-04-01
91140002,Gazole,2026-04-01,2026-04-02
91140002,Gazole,2026-04-02,2026-04-03
91140002,Gazole,2026-04-03,2026-04-04
91140002,Gazole,2026-04-05,2026-04-07
91140002,Gazole,2026-04-07,2026-04-08
91140002,Gazole,2026-04-08,2026-04-09
91140002,Gazole,2026-04-19,2026-04-20
91140002,Gazole,2026-05-03,2026-05-04
91140002,Gazole,2026-05-08,2026-05-11
91140002,Gazole,2026-05-11,2026-05-12
91140002,Gazole,2026-05-14,2026-05-15
91140002,Gazole,2026-05-17,2026-05-18
91140002,Gazole,2026-05-25,2026-05-25
91140002,Gazole,2026-06-04,2026-06-05
91140002,Gazole,2026-06-16,2026-06-17
91140002,Gazole,2026-06-21,2026-06-22
91140002,Gazole,2026-06-25,2026-06-28
91140002,Gazole,2026-06-28,2026-06-29
91140002,Gazole,2026-07-18,2026-07-30
91140002,Gazole,2026-08-02,2026-08-03
91140002,Gazole,2026-08-10,2026-08-10
91140002,Gazole,2026-08-30,2026-08-31
91140002,Gazole,2026-09-05,2026-09-07
91140002,Gazole,2026-09-13,2026-09-14
91140002,SP95,2017-09-26,
91140002,SP98,2025-01-20,2025-01-21
91140002,SP98,2025-02-02,2025-02-03
91140002,SP98,2025-02-11,2025-07-12
91140002,SP98,2025-07-12,2025-10-27
91140002,SP98,2025-10-30,2026-05-26
91140002,SP98,2026-05-26,2026-09-02
91140002,SP98,2026-09-07,
91160004,GPLc,2012-11-21,
91160010,E10,2024-05-16,2026-09-16
91160010,E85,2022-11-30,
91160010,GPLc,2024-05-16,
91160010,SP95,2026-09-16,
91160010,SP98,2024-05-16,
91200001,GPLc,2017-08-30,2026-08-05
91200001,GPLc,2026-08-07,
91200005,SP98,2016-11-03,
91210003,E10,2010-10-15,
91210003,GPLc,2010-10-15,
91210003,Gazole,2010-10-14,
91210005,SP95,2012-12-12,
91210008,E10,2025-01-20,2025-01-21
91210008,E10,2025-10-13,2025-10-14
91210008,E10,2026-04-03,2026-09-01
91210008,E85,2026-04-06,2026-09-01
91210008,E85,2026-09-17,
91210008,GPLc,2025-01-18,2025-02-10
91210008,GPLc,2025-05-25,2025-06-05
91210008,GPLc,2025-11-28,2025-12-11
91210008,GPLc,2026-01-10,2026-01-21
91210008,GPLc,2026-03-25,2026-03-26
91210008,GPLc,2026-03-31,2026-09-01
91210008,GPLc,2026-09-02,2026-09-04
91210008,Gazole,2026-04-03,2026-04-06
91210008,Gazole,2026-04-06,2026-09-01
91210008,SP95,2025-01-20,
91210008,SP98,2025-01-18,2025-01-21
91210008,SP98,2025-03-31,2025-03-31
91210008,SP98,2025-05-05,2025-05-05
91210008,SP98,2025-05-25,2025-05-26
91210008,SP98,2025-10-13,2025-10-14
91210008,SP98,2025-11-03,2025-11-04
91210008,SP98,2026-03-23,2026-03-24
91210008,SP98,2026-03-30,2026-03-31
91210008,SP98,2026-04-02,2026-04-06
91210008,SP98,2026-04-06,2026-04-07
91210008,SP98,2026-04-07,2026-09-01
91210008,SP98,2026-09-01,2026-09-09
91210008,SP98,2026-09-11,2026-09-11
91210008,SP98,2026-09-13,2026-09-15
91210008,SP98,2026-09-17,
91230003,E10,2017-09-26,
91230003,E85,2017-09-26,
91230003,GPLc,2017-09-26,
91230003,Gazole,2025-12-21,2025-12-22
91230003,Gazole,2026-03-24,2026-03-24
91230003,Gazole,2026-04-15,2026-04-17
91230003,SP95,2026-03-24,2026-03-24
91230003,SP98,2025-05-09,2025-05-12
91230003,SP98,2025-05-12,2025-05-16
91230003,SP98,2026-03-09,2026-03-09
91230003,SP98,2026-03-24,2026-03-24
91260001,E10,2025-06-30,2025-06-30
91260001,E10,2026-04-07,2026-04-07
91260001,E85,2017-08-30,2025-06-27
91260001,E85,2025-06-30,2025-06-30
91260001,GPLc,2017-08-30,
91260001,Gazole,2025-06-30,2025-06-30
91260001,Gazole,2026-06-10,2026-06-12
91260001,SP95,2022-10-20,
91260001,SP98,2025-06-30,2025-06-30
91260001,SP98,2026-03-18,2026-03-23
91260002,GPLc,2012-08-30,
91260002,GPLc,2017-09-01,
91260002,SP95,2025-09-24,
91260002,SP98,2015-03-09,2025-09-24
91260002,SP98,2017-09-01,2025-09-24
91270001,E10,2009-04-17,
91270001,SP95,2009-04-17,
91270002,E10,2026-04-07,2026-04-08
91270002,E85,2022-10-11,
91270002,GPLc,2022-10-11,
91270002,SP95,2022-10-11,
91270003,E10,2025-09-29,2025-10-07
91270003,Gazole,2025-09-29,2025-10-07
91270003,SP95,2025-10-07,2025-11-06
91300001,GPLc,2011-02-25,
91300001,SP95,2009-11-02,
91300002,SP95,2009-10-06,
91300006,E10,2025-05-12,2025-05-14
91300006,E10,2026-04-04,2026-04-07
91300006,E85,2021-07-30,
91300006,GPLc,2021-07-30,
91300006,SP95,2025-05-13,2025-05-14
91300006,SP98,2025-05-12,2025-05-13
91300006,SP98,2026-03-23,2026-03-24
91300007,E10,2024-12-31,2025-01-02
91300007,E10,2025-02-28,2025-02-28
91300007,E10,2025-09-01,2025-09-01
91300007,E10,2025-09-29,2025-09-30
91300007,E10,2026-02-11,2026-02-11
91300007,E85,2017-09-05,
91300007,GPLc,2024-11-30,2025-01-15
91300007,GPLc,2025-01-25,2025-07-30
91300007,GPLc,2025-07-31,2025-09-03
91300007,GPLc,2025-09-18,2025-09-18
91300007,GPLc,2025-10-21,2025-10-21
91300007,GPLc,2026-01-13,2026-01-16
91300007,GPLc,2026-01-21,2026-01-23
91300007,GPLc,2026-01-24,2026-02-02
91300007,GPLc,2026-05-06,2026-05-15
91300007,GPLc,2026-06-08,2026-06-10
91300007,GPLc,2026-07-09,2026-08-05
91300007,GPLc,2026-09-09,
91300007,Gazole,2024-12-31,2025-01-02
91300007,Gazole,2025-02-28,2025-02-28
91300007,Gazole,2025-04-22,2025-04-25
91300007,SP95,2024-12-31,2025-01-02
91300007,SP95,2025-02-28,2025-02-28
91300007,SP95,2025-04-24,2025-04-25
91300007,SP95,2025-06-16,2025-06-17
91300007,SP95,2025-09-01,2025-09-01
91300007,SP95,2025-09-29,2025-09-30
91300007,SP95,2026-02-11,2026-02-12
91300007,SP98,2024-12-31,2025-01-02
91300007,SP98,2025-02-28,2025-02-28
91300007,SP98,2025-03-19,2025-03-19
91300007,SP98,2025-04-22,2025-04-25
91300007,SP98,2025-08-30,2025-09-09
91300007,SP98,2025-09-09,2025-09-09
91300008,E10,2009-04-17,
91300008,SP95,2009-04-17,
91300010,SP95,2011-01-23,
91300012,E85,2014-09-01,
91300012,GPLc,2014-09-01,
91300012,SP95,2014-09-01,
91300015,E85,2012-12-11,
91300015,SP95,2013-01-24,
91300017,SP98,2016-07-20,
91300018,E10,2023-06-08,
91300018,E85,2023-05-29,
91300018,Gazole,2023-06-09,
91300018,SP98,2023-06-02,
91300019,E10,2025-12-15,2025-12-15
91300019,E10,2026-04-08,2026-04-09
91300019,E85,2023-03-07,2025-12-15
91300019,E85,2026-04-08,2026-04-09
91300019,GPLc,2023-12-05,2025-06-10
91300019,GPLc,2026-04-08,2026-04-09
91300019,Gazole,2026-04-08,2026-04-09
91300019,SP95,2022-08-01,
91300019,SP98,2025-12-15,2025-12-15
91300019,SP98,2026-04-08,2026-04-09
91300020,E10,2025-01-19,2025-01-22
91300020,E10,2025-04-21,2025-04-25
91300020,E10,2025-05-12,2025-05-12
91300020,E10,2025-08-03,2025-08-04
91300020,E10,2025-11-02,2025-11-03
91300020,E10,2025-11-30,2025-12-01
91300020,E10,2026-01-05,2026-01-07
91300020,E10,2026-04-05,2026-04-07
91300020,E10,2026-04-10,2026-04-10
91300020,E10,2026-04-13,2026-04-13
91300020,E10,2026-04-20,2026-04-20
91300020,E10,2026-04-30,2026-05-02
91300020,E10,2026-05-03,2026-05-04
91300020,E10,2026-05-05,2026-05-05
91300020,E10,2026-05-08,2026-05-09
91300020,E10,2026-05-10,2026-05-12
91300020,E10,2026-05-12,2026-05-13
91300020,E10,2026-05-15,2026-05-16
91300020,E10,2026-05-16,2026-05-17
91300020,E10,2026-05-17,2026-05-19
91300020,E10,2026-05-24,2026-05-27
91300020,E10,2026-05-28,2026-05-28
91300020,E10,2026-05-29,2026-05-30
91300020,E10,2026-05-31,2026-06-02
91300020,E10,2026-06-07,2026-06-08
91300020,E10,2026-06-21,2026-06-22
91300020,E10,2026-06-29,2026-06-29
91300020,E10,2026-07-06,2026-07-06
91300020,E10,2026-07-12,2026-07-13
91300020,E10,2026-07-15,2026-07-15
91300020,E10,2026-07-19,2026-07-20
91300020,E10,2026-07-26,2026-07-27
91300020,E10,2026-08-01,2026-08-03
91300020,E10,2026-08-07,2026-08-08
91300020,E10,2026-08-09,2026-08-10
91300020,E10,2026-08-11,2026-08-11
91300020,E10,2026-08-16,2026-08-17
91300020,E10,2026-08-29,2026-08-31
91300020,E10,2026-09-02,2026-09-02
91300020,E10,2026-09-04,2026-09-05
91300020,E10,2026-09-06,2026-09-08
91300020,E10,2026-09-10,2026-09-11
91300020,E10,2026-09-11,2026-09-12
91300020,E10,2026-09-12,2026-09-14
91300020,E10,2026-09-17,
91300020,E85,2025-10-12,2025-10-16
91300020,E85,2026-04-04,2026-04-08
91300020,E85,2026-04-15,2026-04-16
91300020,E85,2026-04-26,2026-04-27
91300020,E85,2026-04-28,2026-04-29
91300020,E85,2026-05-01,2026-05-02
91300020,E85,2026-05-03,2026-05-06
91300020,E85,2026-05-11,2026-05-13
91300020,E85,2026-05-15,2026-05-20
91300020,E85,2026-05-25,2026-05-28
91300020,E85,2026-05-29,2026-05-30
91300020,E85,2026-05-31,2026-06-02
91300020,E85,2026-06-03,2026-06-04
91300020,E85,2026-06-07,2026-06-09
91300020,E85,2026-06-13,2026-06-16
91300020,E85,2026-06-23,2026-06-24
91300020,E85,2026-06-28,2026-06-29
91300020,E85,2026-07-06,2026-07-06
91300020,E85,2026-07-10,2026-07-11
91300020,E85,2026-08-03,2026-08-03
91300020,E85,2026-08-16,2026-08-17
91300020,E85,2026-09-07,2026-09-08
91300020,E85,2026-09-13,2026-09-14
91300020,GPLc,2017-09-28,
91300020,Gazole,2026-04-04,2026-04-07
91300020,Gazole,2026-04-14,2026-04-14
91300020,SP95,2017-09-28,
91300020,SP98,2025-01-19,2025-01-22
91300020,SP98,2025-04-21,2025-04-25
91300020,SP98,2025-05-12,2025-05-12
91300020,SP98,2025-05-25,2025-05-26
91300020,SP98,2025-07-20,2025-07-21
91300020,SP98,2025-08-03,2025-08-04
91300020,SP98,2025-09-01,2025-09-02
91300020,SP98,2025-11-01,2025-11-03
91300020,SP98,2025-11-25,2025-11-25
91300020,SP98,2025-11-30,2025-12-01
91300020,SP98,2026-01-03,2026-01-07
91300020,SP98,2026-03-23,2026-03-23
91300020,SP98,2026-03-29,2026-03-30
91300020,SP98,2026-03-31,2026-03-31
91300020,SP98,2026-04-01,2026-04-01
91300020,SP98,2026-04-02,2026-04-03
91300020,SP98,2026-04-03,2026-04-08
91300020,SP98,2026-04-09,2026-04-10
91300020,SP98,2026-04-12,2026-04-13
91300020,SP98,2026-04-15,2026-04-16
91300020,SP98,2026-04-20,2026-04-20
91300020,SP98,2026-04-23,2026-04-24
91300020,SP98,2026-04-25,2026-04-27
91300020,SP98,2026-04-28,2026-04-29
91300020,SP98,2026-04-30,2026-05-02
91300020,SP98,2026-05-02,2026-05-04
91300020,SP98,2026-05-04,2026-05-05
91300020,SP98,2026-05-06,2026-05-07
91300020,SP98,2026-05-07,2026-05-09
91300020,SP98,2026-05-09,2026-05-11
91300020,SP98,2026-05-11,2026-05-12
91300020,SP98,2026-05-12,2026-05-13
91300020,SP98,2026-05-14,2026-05-19
91300020,SP98,2026-05-20,2026-05-21
91300020,SP98,2026-05-21,2026-05-22
91300020,SP98,2026-05-22,2026-05-23
91300020,SP98,2026-05-23,2026-05-30
91300020,SP98,2026-05-30,2026-06-02
91300020,SP98,2026-06-03,2026-06-04
91300020,SP98,2026-06-05,2026-06-06
91300020,SP98,2026-06-07,2026-06-08
91300020,SP98,2026-06-10,2026-06-11
91300020,SP98,2026-06-12,2026-06-13
91300020,SP98,2026-06-14,2026-06-16
91300020,SP98,2026-06-19,2026-06-22
91300020,SP98,2026-06-24,2026-06-24
91300020,SP98,2026-06-28,2026-06-29
91300020,SP98,2026-07-05,2026-07-06
91300020,SP98,2026-07-09,2026-07-09
91300020,SP98,2026-07-10,2026-07-11
91300020,SP98,2026-07-12,2026-07-13
91300020,SP98,2026-07-15,2026-07-20
91300020,SP98,2026-07-22,2026-07-22
91300020,SP98,2026-07-24,2026-07-24
91300020,SP98,2026-07-26,2026-07-27
91300020,SP98,2026-07-28,2026-08-14
91300020,SP98,2026-08-15,2026-08-21
91300020,SP98,2026-08-21,2026-08-25
91300020,SP98,2026-08-26,2026-09-01
91300020,SP98,2026-09-01,2026-09-02
91300020,SP98,2026-09-03,2026-09-03
91300020,SP98,2026-09-04,2026-09-05
91300020,SP98,2026-09-06,2026-09-08
91300020,SP98,2026-09-08,2026-09-09
91300020,SP98,2026-09-10,2026-09-11
91300020,SP98,2026-09-11,2026-09-14
91300020,SP98,2026-09-14,2026-09-15
91300020,SP98,2026-09-15,2026-09-16
91300020,SP98,2026-09-16,
91300021,SP98,2016-11-03,
91360001,E85,2009-04-04,
91360001,GPLc,2009-05-09,
91360001,SP95,2010-09-01,
91370001,E10,2026-03-02,2026-03-02
91370001,Gazole,2026-03-02,2026-03-02
91370001,SP95,2009-11-03,
91370001,SP98,2025-10-16,2025-10-17
91370001,SP98,2025-12-03,2025-12-04
91370001,SP98,2026-03-02,2026-03-02
91370001,SP98,2026-03-04,2026-03-05
91380004,E10,2026-07-28,2026-07-29
91380004,E85,2026-07-28,2026-07-29
91380004,GPLc,2026-07-28,
91380004,Gazole,2026-07-28,2026-07-29
91380004,SP95,2009-11-12,
91380004,SP98,2025-09-12,2025-09-16
91380004,SP98,2025-09-16,2025-09-17
91380004,SP98,2026-07-28,2026-07-29
91380006,SP98,2016-07-20,
91380007,E10,2022-06-08,2026-04-03
91380007,E10,2026-05-28,
91380007,E85,2022-06-08,
91380007,GPLc,2022-06-08,
91380007,SP95,2026-04-03,2026-04-07
91380007,SP95,2026-04-28,2026-05-28
91380007,SP98,2026-03-12,2026-03-17
91380007,SP98,2026-03-24,2026-03-27
91380007,SP98,2026-04-28,2026-05-28
91380008,GPLc,2017-11-24,
91380008,SP95,2017-11-24,
91380009,Gazole,2025-10-03,2025-11-06
91380010,E10,2025-05-24,2025-06-03
91380010,E10,2025-07-15,2025-07-16
91380010,E10,2025-07-16,2025-07-23
91380010,E10,2026-01-07,2026-01-08
91380010,E10,2026-04-06,2026-04-07
91380010,E10,2026-04-09,2026-04-11
91380010,E10,2026-04-27,2026-04-27
91380010,E10,2026-05-04,2026-05-05
91380010,E10,2026-05-09,2026-05-18
91380010,E10,2026-05-22,2026-05-23
91380010,E10,2026-05-26,2026-05-27
91380010,E10,2026-05-29,2026-05-29
91380010,E10,2026-06-01,2026-06-02
91380010,E10,2026-07-21,2026-07-21
91380010,E10,2026-08-02,2026-08-04
91380010,E10,2026-08-10,2026-08-11
91380010,E10,2026-08-17,2026-08-18
91380010,E10,2026-08-24,2026-08-24
91380010,E10,2026-08-30,2026-09-01
91380010,E10,2026-09-06,2026-09-08
91380010,E10,2026-09-11,2026-09-12
91380010,E10,2026-09-14,2026-09-15
91380010,E85,2026-05-12,2026-05-20
91380010,E85,2026-05-25,2026-05-27
91380010,E85,2026-06-11,2026-06-11
91380010,E85,2026-06-14,2026-06-16
91380010,GPLc,2017-09-25,
91380010,Gazole,2025-09-08,2025-09-08
91380010,Gazole,2025-09-15,2025-09-15
91380010,Gazole,2026-03-03,2026-03-04
91380010,Gazole,2026-03-30,2026-03-30
91380010,Gazole,2026-04-01,2026-04-02
91380010,Gazole,2026-04-03,2026-04-07
91380010,Gazole,2026-04-09,2026-04-11
91380010,Gazole,2026-04-14,2026-04-15
91380010,Gazole,2026-04-16,2026-04-17
91380010,Gazole,2026-04-20,2026-04-21
91380010,Gazole,2026-04-27,2026-04-27
91380010,Gazole,2026-05-04,2026-05-05
91380010,SP95,2022-09-05,
91380010,SP98,2025-05-31,2025-06-02
91380010,SP98,2025-07-19,2025-07-21
91380010,SP98,2026-01-07,2026-01-08
91380010,SP98,2026-03-24,2026-03-24
91380010,SP98,2026-04-04,2026-04-07
91380010,SP98,2026-04-09,2026-04-11
91380010,SP98,2026-04-13,2026-04-15
91380010,SP98,2026-04-16,2026-04-17
91380010,SP98,2026-04-19,2026-04-21
91380010,SP98,2026-04-25,2026-04-27
91380010,SP98,2026-04-29,2026-04-30
91380010,SP98,2026-05-02,2026-05-05
91380010,SP98,2026-05-06,2026-05-09
91380010,SP98,2026-05-09,2026-05-12
91380010,SP98,2026-05-13,2026-05-20
91380010,SP98,2026-05-21,2026-05-23
91380010,SP98,2026-05-25,2026-05-29
91380010,SP98,2026-05-30,2026-06-02
91380010,SP98,2026-06-05,2026-06-05
91380010,SP98,2026-06-07,2026-06-08
91380010,SP98,2026-06-13,2026-06-15
91380010,SP98,2026-06-20,2026-06-24
91380010,SP98,2026-07-10,2026-07-10
91380010,SP98,2026-07-13,2026-07-21
91380010,SP98,2026-07-25,2026-07-28
91380010,SP98,2026-07-30,2026-09-01
91380010,SP98,2026-09-02,2026-09-03
91380010,SP98,2026-09-04,2026-09-08
91380010,SP98,2026-09-08,2026-09-09
91380010,SP98,2026-09-11,2026-09-12
91380010,SP98,2026-09-12,2026-09-15
91380010,SP98,2026-09-16,2026-09-17
91380012,E10,2025-07-15,2025-07-16
91380012,E10,2026-01-07,2026-01-10
91380012,E85,2025-05-06,2025-05-07
91380012,E85,2025-07-15,2025-07-16
91380012,E85,2026-01-07,2026-01-10
91380012,E85,2026-04-13,2026-04-14
91380012,E85,2026-04-18,2026-04-20
91380012,E85,2026-04-26,2026-04-27
91380012,E85,2026-05-14,2026-05-15
91380012,E85,2026-07-13,2026-07-16
91380012,E85,2026-08-23,2026-08-25
91380012,GPLc,2023-02-13,
91380012,Gazole,2026-07-13,2026-07-16
91380012,SP95,2023-02-13,
91380012,SP98,2025-07-15,2025-07-16
91410004,E85,2019-12-18,
91410004,GPLc,2019-12-18,
91420002,E10,2019-10-18,
91420002,E85,2019-10-18,
91420002,GPLc,2019-10-18,
91420002,Gazole,2026-04-07,2026-04-07
91420002,Gazole,2026-04-10,2026-04-10
91420002,Gazole,2026-05-04,2026-05-04
91420002,Gazole,2026-05-05,2026-05-05
91420002,Gazole,2026-05-11,2026-05-11
91420002,Gazole,2026-09-14,2026-09-14
91420002,Gazole,2026-09-17,
91420002,SP95,2026-04-09,2026-04-10
91420002,SP95,2026-04-10,2026-04-13
91420002,SP95,2026-04-14,2026-04-14
91420002,SP95,2026-04-20,2026-04-20
91420002,SP95,2026-05-04,2026-05-04
91420002,SP95,2026-05-06,2026-05-06
91420002,SP95,2026-05-07,2026-05-07
91420002,SP95,2026-05-11,2026-05-12
91420002,SP95,2026-05-12,2026-05-13
91420002,SP95,2026-05-13,2026-05-15
91420002,SP95,2026-05-26,2026-05-26
91420002,SP95,2026-05-27,2026-05-27
91420002,SP95,2026-05-28,2026-05-29
91420002,SP95,2026-06-01,2026-06-02
91420002,SP95,2026-06-03,2026-06-04
91420002,SP95,2026-06-08,2026-06-08
91420002,SP95,2026-06-11,2026-06-11
91420002,SP95,2026-06-12,2026-06-12
91420002,SP95,2026-06-15,2026-06-15
91420002,SP95,2026-06-16,2026-06-16
91420002,SP95,2026-06-22,2026-06-22
91420002,SP95,2026-07-06,2026-07-06
91420002,SP95,2026-07-28,2026-07-29
91420002,SP95,2026-08-03,2026-08-03
91420002,SP95,2026-08-31,2026-08-31
91420002,SP95,2026-09-03,2026-09-03
91420002,SP95,2026-09-08,2026-09-08
91420002,SP95,2026-09-10,2026-09-11
91420002,SP95,2026-09-14,2026-09-14
91420002,SP95,2026-09-16,2026-09-16
91420002,SP95,2026-09-17,
91420002,SP98,2026-04-07,2026-04-08
91420002,SP98,2026-04-09,2026-04-10
91420002,SP98,2026-04-10,2026-04-13
91420002,SP98,2026-05-04,2026-05-04
91420002,SP98,2026-05-06,2026-05-06
91420002,SP98,2026-05-07,2026-05-07
91420002,SP98,2026-05-13,2026-05-15
91420002,SP98,2026-05-15,2026-05-20
91420002,SP98,2026-05-26,2026-05-29
91420002,SP98,2026-05-29,2026-06-02
91420002,SP98,2026-06-08,2026-06-08
91420002,SP98,2026-06-11,2026-06-15
91420002,SP98,2026-06-15,2026-06-16
91420002,SP98,2026-07-24,2026-07-28
91420002,SP98,2026-08-03,2026-08-06
91420002,SP98,2026-08-19,2026-08-21
91420002,SP98,2026-08-31,2026-08-31
91420002,SP98,2026-09-03,2026-09-03
91420002,SP98,2026-09-07,2026-09-08
91420002,SP98,2026-09-10,2026-09-15
91420002,SP98,2026-09-16,2026-09-16
91420002,SP98,2026-09-17,
91420004,E10,2026-03-23,2026-03-24
91420004,E10,2026-03-24,2026-03-24
91420004,E10,2026-04-09,2026-04-10
91420004,E10,2026-04-14,2026-04-15
91420004,E85,2017-09-05,
91420004,GPLc,2017-09-05,
91420004,SP95,2017-09-05,
91420004,SP98,2025-04-01,2025-04-05
91420004,SP98,2025-05-05,2025-05-06
91420004,SP98,2025-09-28,2025-10-02
91420004,SP98,2025-10-06,2025-10-07
91420004,SP98,2026-04-10,2026-04-10
91420004,SP98,2026-07-13,2026-07-13
91430002,SP98,2016-07-20,
91430003,E10,2025-06-16,2025-07-29
91430003,E85,2025-06-16,2025-07-29
91430003,GPLc,2025-06-16,2025-07-29
91430003,Gazole,2025-06-16,2025-07-29
91430003,SP95,2025-06-16,2025-07-29
91430003,SP98,2025-06-16,2025-07-29
91430004,E85,2025-08-26,
91430004,GPLc,2025-08-26,
91430004,SP95,2025-08-26,
91550001,E85,2010-04-06,
91550001,GPLc,2010-04-06,
91550001,SP95,2011-09-15,
91570001,SP95,2009-10-13,
91570003,E10,2025-05-29,2025-06-26
91570003,SP95,2025-05-29,2025-05-29
91570004,GPLc,2024-06-26,
91570004,Gazole,2026-04-05,2026-04-06
91570004,Gazole,2026-04-07,2026-04-07
91570004,Gazole,2026-04-08,2026-04-08
91570004,SP95,2024-06-26,
91570004,SP98,2026-04-05,2026-04-07
91600001,E85,2009-10-26,
91600001,GPLc,2009-10-26,
91600001,SP95,2009-10-26,
91600003,E10,2009-04-17,
91600003,SP95,2009-04-17,
91600005,E10,2026-04-14,2026-04-15
91600005,E10,2026-04-24,2026-04-24
91600005,E10,2026-04-26,2026-04-27
91600005,E10,2026-04-29,2026-04-29
91600005,E10,2026-04-30,2026-05-02
91600005,E10,2026-05-03,2026-05-04
91600005,E10,2026-05-06,2026-05-07
91600005,E10,2026-05-11,2026-05-11
91600005,E10,2026-05-12,2026-05-13
91600005,E10,2026-05-14,2026-05-15
91600005,E10,2026-05-18,2026-05-18
91600005,E10,2026-05-21,2026-05-21
91600005,E10,2026-05-23,2026-05-26
91600005,E10,2026-05-27,2026-05-28
91600005,E10,2026-05-29,2026-05-30
91600005,E10,2026-06-01,2026-06-01
91600005,E10,2026-06-05,2026-06-05
91600005,E10,2026-08-04,2026-08-06
91600005,E10,2026-08-09,2026-08-10
91600005,E10,2026-08-16,2026-08-17
91600005,E10,2026-08-23,2026-08-24
91600005,E10,2026-08-27,2026-08-28
91600005,E10,2026-08-30,2026-08-31
91600005,E10,2026-09-05,2026-09-07
91600005,E10,2026-09-08,2026-09-09
91600005,E10,2026-09-11,2026-09-11
91600005,E10,2026-09-12,2026-09-14
91600005,Gazole,2026-04-09,2026-04-15
91600005,Gazole,2026-04-24,2026-04-24
91600005,Gazole,2026-04-27,2026-04-27
91600005,Gazole,2026-04-29,2026-04-29
91600005,Gazole,2026-05-01,2026-05-02
91600005,Gazole,2026-05-03,2026-05-04
91600005,Gazole,2026-08-05,2026-08-06
91600005,SP98,2026-04-09,2026-04-13
91600005,SP98,2026-04-13,2026-04-15
91600005,SP98,2026-04-24,2026-04-24
91600005,SP98,2026-04-26,2026-04-27
91600005,SP98,2026-04-28,2026-05-01
91600005,SP98,2026-05-01,2026-05-02
91600005,SP98,2026-05-02,2026-05-04
91600005,SP98,2026-05-06,2026-05-07
91600005,SP98,2026-05-11,2026-05-11
91600005,SP98,2026-05-12,2026-05-13
91600005,SP98,2026-05-14,2026-05-15
91600005,SP98,2026-05-18,2026-05-18
91600005,SP98,2026-05-20,2026-05-21
91600005,SP98,2026-05-23,2026-05-26
91600005,SP98,2026-05-27,2026-05-28
91600005,SP98,2026-05-29,2026-05-30
91600005,SP98,2026-06-01,2026-06-02
91600005,SP98,2026-08-04,2026-08-16
91600005,SP98,2026-08-17,2026-09-13
91600005,SP98,2026-09-14,2026-09-15
91600005,SP98,2026-09-17,
92000001,E85,2009-06-04,
92000001,GPLc,2009-06-04,
92000001,SP95,2012-02-28,
92000002,E85,2010-10-01,
92000002,GPLc,2010-10-01,
92000002,SP95,2009-04-02,
92000005,E10,2009-04-17,
92000005,SP95,2009-04-17,
92000008,SP95,2013-04-26,
92000009,E85,2013-10-27,
92000009,SP95,2009-04-06,
92000012,SP95,2010-02-01,
92000016,E85,2015-01-01,
92000016,GPLc,2015-01-01,
92000016,SP95,2015-01-01,
92000017,E10,2026-04-06,2026-04-07
92000017,Gazole,2026-04-01,2026-04-01
92000017,Gazole,2026-04-03,2026-04-03
92000017,Gazole,2026-04-06,2026-04-07
92000017,Gazole,2026-04-08,2026-04-08
92000017,Gazole,2026-04-09,2026-04-09
92000017,SP95,2024-05-21,2026-03-12
92000017,SP95,2026-04-06,2026-04-07
92000017,SP95,2026-04-07,
92000017,SP98,2026-03-30,2026-03-30
92000017,SP98,2026-04-02,2026-04-02
92000017,SP98,2026-04-06,2026-04-07
92000018,E10,2024-12-09,2025-01-21
92000018,E10,2025-02-03,2025-02-06
92000018,E10,2025-03-17,2025-04-16
92000018,E10,2025-04-28,2025-05-12
92000018,E10,2025-05-19,2025-06-11
92000018,E10,2025-06-16,2025-06-30
92000018,E10,2025-07-14,2025-07-15
92000018,E10,2025-12-15,2026-01-08
92000018,E10,2026-02-16,2026-02-19
92000018,E10,2026-03-31,2026-04-01
92000018,E10,2026-04-01,2026-04-02
92000018,E10,2026-04-02,2026-04-03
92000018,E10,2026-04-04,2026-04-04
92000018,E10,2026-04-06,2026-04-07
92000018,E10,2026-04-08,2026-04-09
92000018,E10,2026-04-27,2026-04-27
92000018,E10,2026-05-01,2026-05-04
92000018,E10,2026-05-05,2026-05-05
92000018,E10,2026-05-09,2026-05-09
92000018,E10,2026-05-10,2026-05-11
92000018,E10,2026-05-12,2026-05-13
92000018,E10,2026-05-14,2026-05-15
92000018,E10,2026-05-18,2026-05-18
92000018,E10,2026-05-21,2026-05-22
92000018,E10,2026-05-24,2026-05-26
92000018,E10,2026-05-28,2026-06-01
92000018,E10,2026-06-07,2026-06-08
92000018,E10,2026-06-14,2026-06-15
92000018,E10,2026-06-21,2026-06-22
92000018,E10,2026-07-06,2026-07-07
92000018,E10,2026-07-14,2026-07-15
92000018,E10,2026-07-16,2026-07-18
92000018,E10,2026-07-18,2026-07-20
92000018,E10,2026-07-26,2026-07-27
92000018,E10,2026-08-01,2026-08-03
92000018,E10,2026-08-08,2026-08-11
92000018,E10,2026-08-24,2026-08-24
92000018,E10,2026-08-27,2026-08-27
92000018,E10,2026-08-29,2026-08-31
92000018,E10,2026-09-02,2026-09-02
92000018,E10,2026-09-04,2026-09-08
92000018,E10,2026-09-10,2026-09-11
92000018,E10,2026-09-12,2026-09-14
92000018,E10,2026-09-16,2026-09-17
92000018,E85,2025-07-15,2025-07-15
92000018,E85,2025-10-13,2025-10-27
92000018,E85,2026-01-07,2026-01-08
92000018,E85,2026-04-02,2026-04-03
92000018,E85,2026-04-06,2026-04-07
92000018,E85,2026-05-14,2026-05-18
92000018,E85,2026-05-20,2026-05-20
92000018,E85,2026-05-24,2026-05-27
92000018,E85,2026-06-14,2026-06-15
92000018,E85,2026-07-16,2026-07-18
92000018,E85,2026-07-19,2026-07-20
92000018,E85,2026-07-27,2026-07-27
92000018,E85,2026-08-04,2026-08-05
92000018,E85,2026-08-31,2026-08-31
92000018,E85,2026-09-08,2026-09-08
92000018,E85,2026-09-10,2026-09-11
92000018,E85,2026-09-14,2026-09-14
92000018,Gazole,2025-07-15,2025-07-23
92000018,Gazole,2026-03-31,2026-04-01
92000018,Gazole,2026-04-04,2026-04-04
92000018,Gazole,2026-04-06,2026-04-07
92000018,Gazole,2026-04-08,2026-04-09
92000018,Gazole,2026-05-14,2026-05-15
92000018,Gazole,2026-05-18,2026-05-18
92000018,Gazole,2026-05-25,2026-05-26
92000018,Gazole,2026-07-19,2026-07-20
92000018,SP95,2022-11-04,
92000018,SP98,2024-12-09,2025-02-03
92000018,SP98,2025-03-17,2025-04-16
92000018,SP98,2025-04-28,2025-06-11
92000018,SP98,2025-06-16,2025-06-30
92000018,SP98,2025-06-30,2025-06-30
92000018,SP98,2025-07-14,2025-07-15
92000018,SP98,2025-12-15,2026-01-08
92000018,SP98,2026-03-15,2026-03-16
92000018,SP98,2026-03-22,2026-03-22
92000018,SP98,2026-03-29,2026-03-30
92000018,SP98,2026-03-31,2026-04-01
92000018,SP98,2026-04-01,2026-04-02
92000018,SP98,2026-04-02,2026-04-03
92000018,SP98,2026-04-04,2026-04-04
92000018,SP98,2026-04-06,2026-04-07
92000018,SP98,2026-04-08,2026-04-09
92000018,SP98,2026-04-12,2026-04-14
92000018,SP98,2026-04-15,2026-04-15
92000018,SP98,2026-04-27,2026-04-27
92000018,SP98,2026-05-01,2026-05-04
92000018,SP98,2026-05-04,2026-05-05
92000018,SP98,2026-05-08,2026-05-09
92000018,SP98,2026-05-10,2026-05-11
92000018,SP98,2026-05-12,2026-05-13
92000018,SP98,2026-05-14,2026-05-15
92000018,SP98,2026-05-18,2026-05-18
92000018,SP98,2026-05-20,2026-05-20
92000018,SP98,2026-05-21,2026-05-22
92000018,SP98,2026-05-22,2026-05-26
92000018,SP98,2026-05-27,2026-05-27
92000018,SP98,2026-05-28,2026-06-01
92000018,SP98,2026-06-04,2026-06-05
92000018,SP98,2026-06-07,2026-06-08
92000018,SP98,2026-06-13,2026-06-15
92000018,SP98,2026-06-21,2026-06-22
92000018,SP98,2026-06-25,2026-06-27
92000018,SP98,2026-06-28,2026-06-30
92000018,SP98,2026-07-03,2026-07-05
92000018,SP98,2026-07-05,2026-07-08
92000018,SP98,2026-07-08,2026-07-09
92000018,SP98,2026-07-12,2026-07-15
92000018,SP98,2026-07-16,2026-07-20
92000018,SP98,2026-07-21,2026-07-21
92000018,SP98,2026-07-24,2026-07-24
92000018,SP98,2026-07-26,2026-07-27
92000018,SP98,2026-07-28,2026-07-28
92000018,SP98,2026-07-30,2026-07-31
92000018,SP98,2026-08-01,2026-08-03
92000018,SP98,2026-08-04,2026-08-05
92000018,SP98,2026-08-06,2026-08-07
92000018,SP98,2026-08-08,2026-08-13
92000018,SP98,2026-08-18,2026-08-20
92000018,SP98,2026-08-21,2026-08-21
92000018,SP98,2026-08-23,2026-08-28
92000018,SP98,2026-08-28,2026-08-31
92000018,SP98,2026-08-31,2026-09-08
92000018,SP98,2026-09-09,2026-09-09
92000018,SP98,2026-09-10,2026-09-11
92000018,SP98,2026-09-12,2026-09-14
92000018,SP98,2026-09-16,
92000019,E10,2026-01-15,2026-03-13
92000019,E10,2026-03-17,2026-03-17
92000019,E10,2026-03-21,2026-03-24
92000019,E10,2026-03-27,2026-03-28
92000019,E10,2026-03-30,2026-04-01
92000019,E10,2026-04-02,2026-04-02
92000019,E10,2026-04-05,2026-04-06
92000019,E10,2026-04-06,2026-04-12
92000019,E85,2026-01-15,2026-03-13
92000019,E85,2026-04-01,2026-04-02
92000019,E85,2026-04-06,2026-04-08
92000019,GPLc,2026-04-01,
92000019,Gazole,2026-01-15,2026-03-13
92000019,Gazole,2026-03-23,2026-03-24
92000019,Gazole,2026-04-01,2026-04-02
92000019,Gazole,2026-04-06,2026-04-08
92000019,SP95,2026-03-30,2026-04-12
92000019,SP95,2026-04-12,
92000019,SP98,2026-01-15,2026-03-13
92000019,SP98,2026-03-17,2026-03-17
92000019,SP98,2026-03-21,2026-03-24
92000019,SP98,2026-03-25,2026-03-25
92000019,SP98,2026-03-30,2026-04-01
92000019,SP98,2026-04-02,2026-04-02
92000019,SP98,2026-04-05,2026-04-06
92000019,SP98,2026-04-06,2026-04-12
92000020,E10,2026-04-01,2026-04-01
92000020,E10,2026-05-18,2026-05-21
92000020,E10,2026-06-02,2026-06-03
92000020,E85,2021-12-16,
92000020,GPLc,2021-12-16,
92000020,SP95,2021-12-17,
92000020,SP98,2026-04-01,2026-04-02
92000020,SP98,2026-05-18,2026-05-21
92000020,SP98,2026-06-02,2026-06-03
92000021,E10,2025-04-27,2025-04-28
92000021,E10,2025-05-05,2025-05-07
92000021,E10,2025-06-16,2025-06-16
92000021,E10,2025-06-30,2025-07-02
92000021,E10,2025-08-25,2025-08-25
92000021,E10,2025-08-27,2025-08-28
92000021,E10,2025-08-28,2025-08-29
92000021,E10,2025-08-30,2025-08-31
92000021,E10,2025-09-03,2025-09-04
92000021,E10,2025-09-08,2025-09-09
92000021,E10,2025-09-29,2025-09-30
92000021,E10,2026-02-16,2026-02-16
92000021,E10,2026-02-27,2026-02-27
92000021,E10,2026-03-30,2026-03-31
92000021,E10,2026-03-31,2026-03-31
92000021,E10,2026-04-02,2026-04-03
92000021,E10,2026-04-04,2026-04-07
92000021,E10,2026-04-08,2026-04-09
92000021,E10,2026-05-05,2026-05-05
92000021,E10,2026-06-23,2026-06-23
92000021,E10,2026-08-31,2026-09-02
92000021,E10,2026-09-08,2026-09-08
92000021,E85,2017-09-25,
92000021,GPLc,2017-09-25,
92000021,Gazole,2025-03-17,2025-04-03
92000021,Gazole,2025-04-07,2025-04-08
92000021,Gazole,2025-05-05,2025-05-07
92000021,Gazole,2025-06-02,2025-06-11
92000021,Gazole,2025-06-16,2025-06-18
92000021,Gazole,2025-06-30,2025-07-02
92000021,Gazole,2025-07-07,2025-07-09
92000021,Gazole,2025-09-03,2025-09-04
92000021,Gazole,2025-09-08,2025-09-09
92000021,Gazole,2025-09-15,2025-09-15
92000021,Gazole,2025-09-29,2025-09-30
92000021,Gazole,2026-03-02,2026-03-02
92000021,Gazole,2026-04-01,2026-04-03
92000021,Gazole,2026-04-06,2026-04-07
92000021,Gazole,2026-04-08,2026-04-09
92000021,Gazole,2026-06-22,2026-06-23
92000021,Gazole,2026-09-08,2026-09-08
92000021,SP95,2017-09-25,
92000021,SP98,2025-03-17,2025-04-01
92000021,SP98,2025-04-27,2025-04-28
92000021,SP98,2025-06-02,2025-06-11
92000021,SP98,2025-06-16,2025-06-18
92000021,SP98,2025-06-30,2025-07-02
92000021,SP98,2025-07-07,2025-07-09
92000021,SP98,2025-08-25,2025-08-25
92000021,SP98,2025-08-27,2025-08-28
92000021,SP98,2025-08-28,2025-08-29
92000021,SP98,2025-08-30,2025-08-31
92000021,SP98,2025-09-03,2025-09-04
92000021,SP98,2025-09-08,2025-09-09
92000021,SP98,2025-09-29,2025-09-30
92000021,SP98,2026-02-27,2026-02-27
92000021,SP98,2026-03-30,2026-03-31
92000021,SP98,2026-03-31,2026-03-31
92000021,SP98,2026-04-01,2026-04-03
92000021,SP98,2026-04-04,2026-04-07
92000021,SP98,2026-04-11,2026-04-14
92000021,SP98,2026-04-14,2026-04-16
92000021,SP98,2026-04-30,2026-05-05
92000021,SP98,2026-05-07,2026-05-08
92000021,SP98,2026-05-09,2026-05-11
92000021,SP98,2026-05-13,2026-05-13
92000021,SP98,2026-05-15,2026-05-18
92000021,SP98,2026-05-18,2026-05-19
92000021,SP98,2026-05-25,2026-05-26
92000021,SP98,2026-05-27,2026-05-28
92000021,SP98,2026-05-30,2026-06-02
92000021,SP98,2026-06-03,2026-06-04
92000021,SP98,2026-06-05,2026-06-08
92000021,SP98,2026-06-08,2026-06-10
92000021,SP98,2026-06-14,2026-06-15
92000021,SP98,2026-07-08,2026-07-15
92000021,SP98,2026-07-28,2026-07-29
92000021,SP98,2026-08-01,2026-08-03
92000021,SP98,2026-08-04,2026-08-06
92000021,SP98,2026-08-18,2026-08-18
92000021,SP98,2026-08-23,2026-08-24
92000021,SP98,2026-08-24,2026-09-02
92000021,SP98,2026-09-03,2026-09-04
92000021,SP98,2026-09-06,2026-09-08
92000021,SP98,2026-09-10,2026-09-14
92000022,SP98,2016-07-20,
92000024,E10,2024-10-14,2025-01-14
92000024,E10,2026-04-08,2026-06-16
92000024,Gazole,2024-10-29,2025-01-14
92000024,Gazole,2025-05-23,2025-09-29
92000024,Gazole,2026-04-08,2026-06-16
92000024,SP98,2024-10-16,2025-01-14
92000024,SP98,2025-09-29,2025-10-08
92000024,SP98,2026-04-08,2026-06-16
92000025,E85,2020-03-05,
92000025,GPLc,2020-03-05,
92000025,SP95,2020-03-05,
92000027,E10,2023-12-05,
92000027,SP98,2023-12-05,
92000028,E85,2026-04-11,
92000028,GPLc,2026-04-11,
92000028,SP95,2026-04-11,
92100002,E10,2010-10-18,
92100004,SP98,2013-07-09,
92100004,SP98,2016-07-20,
92100005,SP95,2010-07-13,
92100006,SP95,2010-07-13,
92100009,SP95,2014-12-11,
92100010,E10,2023-04-24,
92100010,E85,2023-04-24,
92100010,GPLc,2023-04-24,
92100014,E10,2026-01-08,2026-01-27
92100014,E10,2026-04-06,2026-04-07
92100014,E10,2026-05-04,2026-05-04
92100014,E10,2026-05-06,2026-05-07
92100014,E10,2026-05-10,2026-05-12
92100014,E10,2026-05-18,2026-05-18
92100014,E10,2026-05-21,2026-05-21
92100014,E10,2026-05-24,2026-05-26
92100014,E10,2026-05-28,2026-06-01
92100014,E10,2026-06-21,2026-06-22
92100014,E10,2026-06-30,2026-06-30
92100014,E10,2026-07-12,2026-07-13
92100014,E10,2026-07-15,2026-07-16
92100014,E10,2026-07-19,2026-07-20
92100014,E10,2026-07-26,2026-07-27
92100014,E10,2026-07-31,2026-07-31
92100014,E10,2026-08-06,2026-08-06
92100014,E10,2026-08-18,2026-08-18
92100014,E10,2026-08-26,2026-08-27
92100014,E10,2026-08-30,2026-08-31
92100014,E10,2026-09-01,2026-09-02
92100014,E10,2026-09-05,2026-09-07
92100014,E10,2026-09-09,2026-09-09
92100014,E10,2026-09-12,2026-09-15
92100014,E10,2026-09-17,
92100014,E85,2026-04-06,2026-04-07
92100014,E85,2026-04-08,
92100014,GPLc,2026-04-08,
92100014,Gazole,2026-03-13,2026-03-13
92100014,Gazole,2026-04-06,2026-04-07
92100014,Gazole,2026-04-09,2026-04-10
92100014,Gazole,2026-04-12,2026-04-14
92100014,SP95,2026-04-06,2026-04-07
92100014,SP95,2026-04-08,
92100014,SP98,2025-05-02,2025-05-05
92100014,SP98,2026-01-08,2026-01-27
92100014,SP98,2026-03-30,2026-04-01
92100014,SP98,2026-04-05,2026-04-07
92100014,SP98,2026-04-09,2026-04-10
92100014,SP98,2026-04-12,2026-04-14
92100014,SP98,2026-04-16,2026-04-17
92100014,SP98,2026-04-22,2026-04-23
92100014,SP98,2026-04-27,2026-04-27
92100014,SP98,2026-05-04,2026-05-07
92100014,SP98,2026-05-10,2026-05-12
92100014,SP98,2026-05-13,2026-05-15
92100014,SP98,2026-05-17,2026-05-18
92100014,SP98,2026-05-18,2026-05-18
92100014,SP98,2026-05-21,2026-05-21
92100014,SP98,2026-05-24,2026-05-26
92100014,SP98,2026-05-27,2026-06-01
92100014,SP98,2026-06-02,2026-06-03
92100014,SP98,2026-06-07,2026-06-08
92100014,SP98,2026-06-10,2026-06-11
92100014,SP98,2026-06-13,2026-06-15
92100014,SP98,2026-06-17,2026-06-18
92100014,SP98,2026-06-20,2026-06-22
92100014,SP98,2026-06-28,2026-06-30
92100014,SP98,2026-07-05,2026-07-06
92100014,SP98,2026-07-08,2026-07-09
92100014,SP98,2026-07-10,2026-07-13
92100014,SP98,2026-07-15,2026-07-16
92100014,SP98,2026-07-18,2026-07-20
92100014,SP98,2026-07-24,2026-07-27
92100014,SP98,2026-07-30,2026-07-31
92100014,SP98,2026-08-02,2026-08-04
92100014,SP98,2026-08-04,2026-08-06
92100014,SP98,2026-08-08,2026-08-10
92100014,SP98,2026-08-12,2026-08-13
92100014,SP98,2026-08-14,2026-08-18
92100014,SP98,2026-08-20,2026-08-24
92100014,SP98,2026-08-24,2026-08-27
92100014,SP98,2026-08-30,2026-08-31
92100014,SP98,2026-08-31,2026-09-04
92100014,SP98,2026-09-04,2026-09-07
92100014,SP98,2026-09-08,2026-09-09
92100014,SP98,2026-09-11,2026-09-11
92100014,SP98,2026-09-15,2026-09-16
92100014,SP98,2026-09-17,
92100015,E10,2026-04-07,2026-04-08
92100015,E10,2026-04-09,2026-04-10
92100015,E10,2026-04-10,2026-04-13
92100015,E10,2026-04-14,2026-04-16
92100015,E10,2026-04-20,2026-04-21
92100015,E10,2026-04-28,2026-04-28
92100015,E10,2026-05-04,2026-05-05
92100015,E10,2026-05-09,2026-05-11
92100015,E10,2026-05-13,2026-05-15
92100015,E10,2026-05-17,2026-05-18
92100015,E10,2026-05-23,2026-05-23
92100015,E10,2026-05-24,2026-05-26
92100015,E10,2026-05-28,2026-05-28
92100015,E10,2026-05-29,2026-05-29
92100015,E10,2026-06-01,2026-06-02
92100015,E10,2026-06-07,2026-06-08
92100015,E10,2026-06-14,2026-06-15
92100015,E10,2026-06-22,2026-06-22
92100015,E10,2026-06-29,2026-06-29
92100015,E10,2026-07-04,2026-07-06
92100015,E10,2026-07-11,2026-07-17
92100015,E10,2026-07-18,2026-07-20
92100015,E10,2026-07-20,2026-07-21
92100015,E10,2026-07-26,2026-07-27
92100015,E10,2026-08-02,2026-08-03
92100015,E10,2026-08-10,2026-08-11
92100015,E10,2026-08-16,2026-08-17
92100015,E10,2026-08-23,2026-08-24
92100015,E10,2026-08-25,2026-08-26
92100015,E10,2026-08-27,2026-08-28
92100015,E10,2026-08-29,2026-08-31
92100015,E10,2026-09-01,2026-09-02
92100015,E10,2026-09-03,2026-09-04
92100015,E10,2026-09-05,2026-09-07
92100015,E10,2026-09-08,2026-09-09
92100015,E10,2026-09-10,2026-09-10
92100015,E10,2026-09-11,2026-09-12
92100015,E10,2026-09-17,2026-09-17
92100015,E85,2026-04-07,2026-04-08
92100015,E85,2026-04-09,2026-04-10
92100015,E85,2026-04-12,2026-04-13
92100015,E85,2026-04-16,2026-04-16
92100015,E85,2026-05-17,2026-05-18
92100015,E85,2026-05-26,2026-05-29
92100015,E85,2026-06-01,2026-06-02
92100015,E85,2026-07-21,2026-07-22
92100015,GPLc,2018-02-14,
92100015,Gazole,2026-04-07,2026-04-08
92100015,Gazole,2026-04-09,2026-04-10
92100015,Gazole,2026-04-14,2026-04-16
92100015,SP95,2018-02-14,
92100015,SP98,2026-04-07,2026-04-08
92100015,SP98,2026-04-09,2026-04-10
92100015,SP98,2026-04-10,2026-04-13
92100015,SP98,2026-04-14,2026-04-16
92100015,SP98,2026-04-19,2026-04-21
92100015,SP98,2026-04-27,2026-04-28
92100015,SP98,2026-04-30,2026-04-30
92100015,SP98,2026-05-06,2026-05-11
92100015,SP98,2026-05-12,2026-05-15
92100015,SP98,2026-05-16,2026-05-18
92100015,SP98,2026-05-18,2026-05-20
92100015,SP98,2026-05-20,2026-05-21
92100015,SP98,2026-05-22,2026-05-23
92100015,SP98,2026-05-23,2026-05-26
92100015,SP98,2026-05-27,2026-06-02
92100015,SP98,2026-06-04,2026-06-04
92100015,SP98,2026-06-05,2026-06-09
92100015,SP98,2026-06-11,2026-06-13
92100015,SP98,2026-06-13,2026-06-15
92100015,SP98,2026-06-16,2026-06-16
92100015,SP98,2026-06-19,2026-06-20
92100015,SP98,2026-06-21,2026-06-22
92100015,SP98,2026-06-24,2026-06-24
92100015,SP98,2026-06-25,2026-06-26
92100015,SP98,2026-06-26,2026-06-27
92100015,SP98,2026-06-28,2026-06-29
92100015,SP98,2026-07-01,2026-07-01
92100015,SP98,2026-07-03,2026-07-06
92100015,SP98,2026-07-07,2026-07-08
92100015,SP98,2026-07-08,2026-07-09
92100015,SP98,2026-07-10,2026-07-17
92100015,SP98,2026-07-19,2026-07-20
92100015,SP98,2026-07-20,2026-07-21
92100015,SP98,2026-07-25,2026-07-27
92100015,SP98,2026-07-30,2026-07-30
92100015,SP98,2026-07-31,2026-08-01
92100015,SP98,2026-08-02,2026-08-03
92100015,SP98,2026-08-04,2026-08-06
92100015,SP98,2026-08-06,2026-08-07
92100015,SP98,2026-08-08,2026-08-11
92100015,SP98,2026-08-14,2026-08-17
92100015,SP98,2026-08-19,2026-08-20
92100015,SP98,2026-08-21,2026-08-24
92100015,SP98,2026-08-24,2026-09-02
92100015,SP98,2026-09-02,2026-09-09
92100015,SP98,2026-09-09,2026-09-10
92100015,SP98,2026-09-11,2026-09-12
92100015,SP98,2026-09-13,2026-09-15
92100015,SP98,2026-09-15,2026-09-16
92100015,SP98,2026-09-17,2026-09-17
92100016,E10,2025-09-29,2025-10-08
92100016,Gazole,2025-09-29,2025-10-08
92110003,E10,2009-05-05,
92110005,E85,2011-09-20,
92110005,GPLc,2011-09-20,
92110005,SP95,2011-09-20,
92110007,E10,2013-07-06,
92110007,E85,2013-07-06,
92110007,GPLc,2013-07-06,
92110007,SP98,2013-07-06,
92110010,GPLc,2024-08-26,
92110010,SP95,2024-08-26,
92110010,SP98,2026-04-29,2026-04-30
92110010,SP98,2026-05-13,2026-05-15
92110010,SP98,2026-09-17,
92110011,E10,2017-08-31,
92110011,E85,2017-08-31,
92110011,GPLc,2017-08-31,
92110011,Gazole,2025-09-25,2025-09-27
92110011,Gazole,2026-04-01,2026-04-02
92110011,Gazole,2026-04-05,2026-04-07
92110011,Gazole,2026-04-12,2026-04-13
92110011,Gazole,2026-05-04,2026-05-05
92110011,Gazole,2026-05-10,2026-05-11
92110011,Gazole,2026-05-27,2026-05-27
92110011,SP95,2019-01-07,
92110011,SP98,2025-01-19,2025-01-20
92110011,SP98,2025-09-24,2025-09-27
92110011,SP98,2025-10-01,2025-10-02
92110011,SP98,2025-10-13,2025-10-13
92110011,SP98,2025-11-02,2025-11-03
92110011,SP98,2025-11-09,2025-11-10
92110011,SP98,2025-11-12,2025-11-12
92110011,SP98,2025-11-30,2025-12-01
92110011,SP98,2025-12-07,2025-12-08
92110011,SP98,2025-12-15,2025-12-17
92110011,SP98,2026-01-04,2026-01-05
92110011,SP98,2026-01-07,2026-01-08
92110011,SP98,2026-01-12,2026-01-12
92110011,SP98,2026-02-01,2026-02-02
92110011,SP98,2026-02-15,2026-02-16
92110011,SP98,2026-03-23,2026-03-23
92110011,SP98,2026-03-28,2026-03-30
92110011,SP98,2026-04-01,2026-04-02
92110011,SP98,2026-04-03,2026-04-07
92110011,SP98,2026-04-10,2026-04-13
92110011,SP98,2026-04-14,2026-04-14
92110011,SP98,2026-04-19,2026-04-20
92110011,SP98,2026-04-26,2026-05-05
92110011,SP98,2026-05-08,2026-05-11
92110011,SP98,2026-05-13,2026-05-15
92110011,SP98,2026-05-16,2026-05-18
92110011,SP98,2026-05-18,2026-05-19
92110011,SP98,2026-05-24,2026-05-27
92110011,SP98,2026-05-27,2026-05-28
92110011,SP98,2026-05-28,2026-05-29
92110011,SP98,2026-05-29,2026-05-30
92110011,SP98,2026-05-30,2026-06-01
92110011,SP98,2026-06-01,2026-06-02
92110011,SP98,2026-06-03,2026-06-04
92110011,SP98,2026-06-04,2026-06-05
92110011,SP98,2026-06-05,2026-06-06
92110011,SP98,2026-06-07,2026-06-08
92110011,SP98,2026-06-12,2026-06-12
92110011,SP98,2026-06-15,2026-06-15
92110011,SP98,2026-06-16,2026-06-16
92110011,SP98,2026-06-21,2026-06-22
92110011,SP98,2026-06-28,2026-06-29
92110011,SP98,2026-07-05,2026-07-06
92110011,SP98,2026-07-06,2026-07-07
92110011,SP98,2026-07-08,2026-07-09
92110011,SP98,2026-07-12,2026-07-13
92110011,SP98,2026-07-14,2026-07-15
92110011,SP98,2026-07-19,2026-07-20
92110011,SP98,2026-07-24,2026-07-27
92110011,SP98,2026-08-02,2026-08-03
92110011,SP98,2026-08-04,2026-08-05
92110011,SP98,2026-08-08,2026-08-10
92110011,SP98,2026-08-15,2026-08-17
92110011,SP98,2026-08-23,2026-08-24
92110011,SP98,2026-08-24,2026-08-26
92110011,SP98,2026-08-27,2026-08-28
92110011,SP98,2026-08-28,2026-08-29
92110011,SP98,2026-08-30,2026-08-31
92110011,SP98,2026-08-31,2026-09-01
92110011,SP98,2026-09-02,2026-09-03
92110011,SP98,2026-09-03,2026-09-04
92110011,SP98,2026-09-05,2026-09-07
92110011,SP98,2026-09-08,2026-09-08
92110011,SP98,2026-09-09,2026-09-09
92110011,SP98,2026-09-11,2026-09-11
92110011,SP98,2026-09-13,2026-09-14
92110011,SP98,2026-09-15,2026-09-15
92110011,SP98,2026-09-16,2026-09-16
92110011,SP98,2026-09-17,
92120001,SP98,2016-07-20,
92120002,SP95,2023-04-07,
92120003,SP98,2016-11-03,
92120004,E85,2024-05-10,2025-02-27
92120004,E85,2026-06-04,2026-06-08
92130002,E85,2011-06-21,
92130002,GPLc,2011-06-21,
92130002,SP95,2011-08-01,
92130003,E10,2009-04-17,
92130003,E85,2010-09-24,
92130003,GPLc,2010-09-24,
92130003,Gazole,2010-09-24,
92130003,SP95,2009-04-17,
92130005,E10,2025-03-03,2025-03-03
92130005,E10,2025-03-16,2025-03-16
92130005,E10,2025-03-17,2025-03-17
92130005,E10,2025-09-07,2025-09-08
92130005,E10,2025-09-08,2025-09-08
92130005,E10,2026-03-01,2026-03-01
92130005,E10,2026-03-03,2026-03-03
92130005,E10,2026-04-07,2026-04-07
92130005,SP95,2009-11-10,
92130005,SP98,2026-03-03,2026-03-03
92130006,E10,2025-09-23,2025-09-23
92130006,E10,2026-04-02,2026-04-03
92130006,E10,2026-04-03,2026-04-08
92130006,E10,2026-04-08,2026-04-09
92130006,E10,2026-04-10,2026-04-10
92130006,E10,2026-04-13,2026-04-14
92130006,E10,2026-06-05,2026-06-05
92130006,E10,2026-06-08,2026-06-09
92130006,E10,2026-09-15,2026-09-15
92130006,E10,2026-09-17,2026-09-17
92130006,Gazole,2026-04-02,2026-04-02
92130006,Gazole,2026-04-03,2026-04-07
92130006,Gazole,2026-04-10,2026-04-10
92130006,Gazole,2026-04-13,2026-04-14
92130006,SP98,2026-04-02,2026-04-02
92130006,SP98,2026-04-03,2026-04-07
92130006,SP98,2026-04-08,2026-04-09
92130006,SP98,2026-04-10,2026-04-10
92130006,SP98,2026-04-15,2026-04-16
92130006,SP98,2026-06-05,2026-06-05
92130006,SP98,2026-06-08,2026-06-09
92130006,SP98,2026-06-09,2026-06-09
92130006,SP98,2026-09-15,2026-09-15
92130006,SP98,2026-09-16,2026-09-17
92130006,SP98,2026-09-17,2026-09-17
92140001,E85,2009-04-02,
92140001,GPLc,2009-04-02,
92140002,E85,2009-09-21,
92140002,GPLc,2009-09-21,
92140002,SP95,2012-11-29,
92140005,E10,2025-05-27,2025-05-27
92140005,E10,2026-03-23,2026-03-24
92140005,E10,2026-03-24,2026-03-25
92140005,E10,2026-03-25,2026-03-25
92140005,E85,2024-10-30,2026-03-25
92140005,E85,2026-09-02,2026-09-09
92140005,GPLc,2024-10-30,
92140005,Gazole,2026-03-23,2026-03-25
92140005,SP95,2009-10-21,
92140005,SP98,2026-03-23,2026-03-25
92140005,SP98,2026-04-06,2026-04-07
92140006,E85,2009-04-02,
92140006,GPLc,2009-04-02,
92140006,SP95,2009-04-02,
92140014,E10,2025-01-18,2025-01-21
92140014,E10,2025-10-06,2025-10-06
92140014,E10,2026-04-06,2026-04-07
92140014,E10,2026-04-09,2026-04-10
92140014,E10,2026-04-13,2026-04-14
92140014,E10,2026-04-21,2026-04-22
92140014,E10,2026-04-27,2026-04-28
92140014,E10,2026-05-03,2026-05-05
92140014,E10,2026-05-09,2026-05-12
92140014,E10,2026-05-13,2026-05-15
92140014,E10,2026-05-18,2026-05-19
92140014,E10,2026-05-21,2026-05-22
92140014,E10,2026-05-25,2026-05-26
92140014,E10,2026-05-27,2026-05-27
92140014,E10,2026-05-28,2026-06-02
92140014,E10,2026-06-03,2026-06-05
92140014,E10,2026-07-06,2026-07-21
92140014,E10,2026-08-17,2026-08-17
92140014,E10,2026-08-31,2026-08-31
92140014,E10,2026-09-03,2026-09-03
92140014,E10,2026-09-09,2026-09-10
92140014,E10,2026-09-11,2026-09-12
92140014,E10,2026-09-13,2026-09-15
92140014,E10,2026-09-15,2026-09-16
92140014,E10,2026-09-17,2026-09-17
92140014,E85,2015-02-18,
92140014,GPLc,2015-02-18,
92140014,Gazole,2026-04-06,2026-04-07
92140014,Gazole,2026-04-09,2026-04-10
92140014,Gazole,2026-04-13,2026-04-14
92140014,Gazole,2026-05-03,2026-05-05
92140014,Gazole,2026-05-12,2026-05-12
92140014,Gazole,2026-05-25,2026-05-26
92140014,SP95,2023-09-19,2026-08-10
92140014,SP95,2026-08-17,
92140014,SP98,2025-01-20,2025-01-21
92140014,SP98,2026-04-06,2026-04-07
92140014,SP98,2026-04-09,2026-04-13
92140014,SP98,2026-04-24,2026-04-25
92140014,SP98,2026-05-03,2026-05-06
92140014,SP98,2026-05-09,2026-05-12
92140014,SP98,2026-05-13,2026-05-15
92140014,SP98,2026-05-15,2026-05-19
92140014,SP98,2026-05-25,2026-05-26
92140014,SP98,2026-05-27,2026-06-02
92140014,SP98,2026-06-03,2026-06-03
92140014,SP98,2026-06-05,2026-06-05
92140014,SP98,2026-07-06,2026-07-21
92140014,SP98,2026-07-22,2026-08-14
92140014,SP98,2026-08-18,2026-08-19
92140014,SP98,2026-08-25,2026-09-03
92140014,SP98,2026-09-09,2026-09-11
92140014,SP98,2026-09-13,2026-09-16
92140015,E10,2025-02-01,2025-05-12
92140015,E10,2025-11-03,2025-11-04
92140015,E10,2026-05-11,2026-05-13
92140015,E10,2026-05-27,2026-05-28
92140015,E10,2026-06-01,2026-06-02
92140015,E10,2026-07-15,2026-07-16
92140015,E10,2026-07-20,2026-07-22
92140015,E10,2026-09-06,2026-09-07
92140015,E10,2026-09-09,2026-09-09
92140015,E85,2026-05-12,2026-06-01
92140015,E85,2026-06-22,2026-06-24
92140015,E85,2026-07-15,2026-07-16
92140015,GPLc,2025-11-18,
92140015,Gazole,2025-09-05,2025-09-06
92140015,Gazole,2025-11-04,2025-11-04
92140015,Gazole,2026-04-02,2026-04-03
92140015,Gazole,2026-04-10,2026-04-11
92140015,Gazole,2026-05-12,2026-05-13
92140015,Gazole,2026-07-15,2026-07-16
92140015,SP95,2022-11-10,
92140015,SP98,2026-04-02,2026-04-03
92140015,SP98,2026-04-04,2026-04-08
92140015,SP98,2026-05-05,2026-05-06
92140015,SP98,2026-05-09,2026-05-11
92140015,SP98,2026-05-12,2026-05-19
92140015,SP98,2026-05-27,2026-06-02
92140015,SP98,2026-06-04,2026-06-04
92140015,SP98,2026-07-15,2026-07-22
92140015,SP98,2026-08-04,2026-08-22
92140015,SP98,2026-08-26,2026-09-01
92140015,SP98,2026-09-02,2026-09-03
92140015,SP98,2026-09-03,2026-09-07
92140015,SP98,2026-09-09,2026-09-09
92140015,SP98,2026-09-11,2026-09-11
92140015,SP98,2026-09-13,2026-09-14
92140016,E10,2026-04-11,2026-04-13
92140016,E10,2026-05-11,2026-05-13
92140016,E10,2026-05-26,2026-05-27
92140016,E10,2026-06-01,2026-06-02
92140016,E10,2026-07-20,2026-07-22
92140016,E10,2026-08-03,2026-08-04
92140016,E10,2026-09-06,2026-09-08
92140016,E10,2026-09-14,
92140016,E85,2026-05-25,2026-06-01
92140016,GPLc,2022-10-20,
92140016,Gazole,2026-04-02,2026-04-03
92140016,Gazole,2026-04-07,2026-04-08
92140016,SP95,2022-10-20,
92140016,SP98,2025-06-10,2025-06-11
92140016,SP98,2026-04-02,2026-04-03
92140016,SP98,2026-04-04,2026-04-08
92140016,SP98,2026-04-10,2026-04-13
92140016,SP98,2026-04-23,2026-04-28
92140016,SP98,2026-05-04,2026-05-06
92140016,SP98,2026-05-09,2026-05-11
92140016,SP98,2026-05-12,2026-05-19
92140016,SP98,2026-05-25,2026-06-02
92140016,SP98,2026-06-22,2026-06-23
92140016,SP98,2026-07-20,2026-07-22
92140016,SP98,2026-07-27,2026-08-22
92140016,SP98,2026-08-26,2026-09-02
92140016,SP98,2026-09-03,2026-09-08
92140016,SP98,2026-09-09,2026-09-09
92140016,SP98,2026-09-13,
92140017,GPLc,2022-11-11,
92140017,SP95,2022-11-11,
92140018,E85,2022-11-11,
92140018,GPLc,2022-11-11,
92140018,Gazole,2022-11-18,
92140018,SP95,2022-11-11,
92150002,E85,2009-04-22,
92150002,GPLc,2009-04-22,
92150002,SP95,2010-10-28,
92150004,E85,2012-05-01,
92150004,GPLc,2012-05-01,
92150004,SP95,2012-05-01,
92150005,SP98,2016-07-20,
92150006,E10,2026-06-28,2026-06-29
92150006,E10,2026-09-13,2026-09-14
92150006,E85,2015-02-17,
92150006,GPLc,2015-02-17,
92150006,Gazole,2026-03-16,2026-03-17
92150006,Gazole,2026-04-06,2026-05-13
92150006,SP95,2023-12-11,
92150006,SP98,2025-01-05,2025-01-06
92150006,SP98,2025-01-13,2025-01-13
92150006,SP98,2025-01-19,2025-01-20
92150006,SP98,2025-01-21,2025-01-22
92150006,SP98,2025-01-29,2025-01-29
92150006,SP98,2025-02-02,2025-02-03
92150006,SP98,2025-02-16,2025-02-18
92150006,SP98,2025-02-21,2025-02-22
92150006,SP98,2025-03-09,2025-03-10
92150006,SP98,2025-05-02,2025-05-02
92150006,SP98,2025-05-12,2025-05-12
92150006,SP98,2025-05-19,2025-05-19
92150006,SP98,2025-05-29,2025-05-30
92150006,SP98,2025-06-09,2025-06-11
92150006,SP98,2025-06-16,2025-06-16
92150006,SP98,2025-06-23,2025-06-30
92150006,SP98,2025-07-07,2025-07-07
92150006,SP98,2025-07-14,2025-07-15
92150006,SP98,2025-07-21,2025-07-21
92150006,SP98,2025-07-27,2025-07-28
92150006,SP98,2025-09-15,2025-09-16
92150006,SP98,2025-09-28,2025-09-30
92150006,SP98,2025-10-06,2025-10-07
92150006,SP98,2025-10-09,2025-10-09
92150006,SP98,2025-10-13,2025-10-14
92150006,SP98,2025-11-02,2025-11-03
92150006,SP98,2025-11-11,2025-11-12
92150006,SP98,2026-01-19,2026-01-20
92150006,SP98,2026-01-26,2026-01-26
92150006,SP98,2026-02-13,2026-02-13
92150006,SP98,2026-02-23,2026-02-23
92150006,SP98,2026-03-11,2026-03-12
92150006,SP98,2026-03-15,2026-03-16
92150006,SP98,2026-03-23,2026-03-23
92150006,SP98,2026-03-26,2026-03-27
92150006,SP98,2026-03-27,2026-03-30
92150006,SP98,2026-04-01,2026-04-02
92150006,SP98,2026-04-03,2026-05-13
92150006,SP98,2026-05-17,2026-05-18
92150006,SP98,2026-05-20,2026-05-20
92150006,SP98,2026-05-22,2026-05-22
92150006,SP98,2026-05-24,2026-05-26
92150006,SP98,2026-05-27,2026-06-01
92150006,SP98,2026-06-01,2026-06-02
92150006,SP98,2026-06-03,2026-06-04
92150006,SP98,2026-06-05,2026-06-08
92150006,SP98,2026-06-10,2026-06-10
92150006,SP98,2026-06-11,2026-06-11
92150006,SP98,2026-06-12,2026-06-13
92150006,SP98,2026-06-14,2026-06-15
92150006,SP98,2026-06-17,2026-06-17
92150006,SP98,2026-06-19,2026-06-20
92150006,SP98,2026-06-22,2026-06-22
92150006,SP98,2026-06-24,2026-06-29
92150006,SP98,2026-06-30,2026-07-01
92150006,SP98,2026-07-04,2026-07-08
92150006,SP98,2026-07-08,2026-07-13
92150006,SP98,2026-07-15,2026-07-16
92150006,SP98,2026-07-17,2026-07-20
92150006,SP98,2026-07-25,2026-07-28
92150006,SP98,2026-07-29,2026-07-31
92150006,SP98,2026-08-01,2026-08-06
92150006,SP98,2026-08-08,2026-08-10
92150006,SP98,2026-08-13,2026-08-14
92150006,SP98,2026-08-16,2026-08-19
92150006,SP98,2026-08-22,2026-08-28
92150006,SP98,2026-08-28,2026-09-02
92150006,SP98,2026-09-02,2026-09-07
92150006,SP98,2026-09-07,2026-09-09
92150006,SP98,2026-09-09,2026-09-11
92150006,SP98,2026-09-12,2026-09-14
92150006,SP98,2026-09-15,2026-09-15
92150006,SP98,2026-09-16,2026-09-17
92150009,E85,2025-08-26,
92150009,GPLc,2025-08-26,
92150009,SP95,2025-08-26,
92160001,E10,2025-04-14,2025-04-15
92160001,E10,2025-06-10,2025-06-11
92160001,E10,2025-06-14,2025-06-16
92160001,E10,2025-08-09,2025-08-09
92160001,E10,2025-09-30,2025-09-30
92160001,E10,2025-10-08,2025-10-08
92160001,E10,2025-10-27,2025-10-27
92160001,E10,2025-11-17,2025-11-18
92160001,E10,2025-11-29,2025-11-29
92160001,E10,2025-12-30,2025-12-30
92160001,E10,2026-01-05,2026-01-06
92160001,E10,2026-01-17,2026-01-17
92160001,E10,2026-03-02,2026-03-03
92160001,E10,2026-03-16,2026-03-17
92160001,E10,2026-03-30,2026-03-31
92160001,E10,2026-04-07,2026-04-08
92160001,E10,2026-04-26,2026-04-27
92160001,E10,2026-05-05,2026-05-06
92160001,E10,2026-05-13,2026-05-13
92160001,E10,2026-05-28,2026-05-29
92160001,E10,2026-06-02,2026-06-03
92160001,E10,2026-06-16,2026-06-17
92160001,E10,2026-06-19,2026-06-19
92160001,E10,2026-06-27,2026-06-27
92160001,E10,2026-07-13,2026-07-13
92160001,E10,2026-07-17,2026-07-17
92160001,E10,2026-07-20,2026-07-21
92160001,E10,2026-09-01,2026-09-01
92160001,E85,2018-06-07,2025-06-12
92160001,E85,2025-08-09,2025-08-09
92160001,E85,2026-01-17,2026-01-17
92160001,E85,2026-05-28,2026-05-29
92160001,E85,2026-06-19,2026-06-19
92160001,GPLc,2025-01-20,2025-02-04
92160001,GPLc,2025-08-09,2025-08-09
92160001,GPLc,2026-01-17,2026-01-17
92160001,GPLc,2026-03-26,2026-04-07
92160001,GPLc,2026-05-28,2026-05-29
92160001,GPLc,2026-06-19,2026-06-19
92160001,Gazole,2025-01-15,2025-01-16
92160001,Gazole,2025-08-09,2025-08-09
92160001,Gazole,2026-01-17,2026-01-17
92160001,Gazole,2026-05-28,2026-05-29
92160001,Gazole,2026-06-19,2026-06-19
92160001,SP95,2025-06-04,
92160001,SP98,2025-06-11,2025-06-12
92160001,SP98,2025-08-09,2025-08-09
92160001,SP98,2026-01-17,2026-01-17
92160001,SP98,2026-03-21,2026-03-23
92160001,SP98,2026-04-07,2026-04-08
92160001,SP98,2026-04-09,2026-04-10
92160001,SP98,2026-05-28,2026-05-29
92160001,SP98,2026-06-19,2026-06-19
92160001,SP98,2026-07-06,2026-07-07
92160002,SP95,2009-11-03,
92160003,E10,2025-05-28,2025-05-30
92160003,E85,2026-06-16,2026-07-20
92160003,SP95,2009-11-10,
92160003,SP98,2025-05-29,2025-05-30
92160005,SP95,2014-03-11,
92160006,E10,2025-11-09,2025-11-10
92160006,E10,2025-12-01,2025-12-01
92160006,E10,2026-04-03,2026-04-03
92160006,E10,2026-04-06,2026-04-09
92160006,E10,2026-04-13,2026-04-13
92160006,E10,2026-04-20,2026-04-21
92160006,E10,2026-05-04,2026-05-05
92160006,E10,2026-05-11,2026-05-12
92160006,E10,2026-05-13,2026-05-18
92160006,E10,2026-05-22,2026-05-22
92160006,E10,2026-05-26,2026-05-26
92160006,E10,2026-05-28,2026-05-28
92160006,E10,2026-06-01,2026-06-01
92160006,E10,2026-06-02,2026-06-02
92160006,E10,2026-06-03,2026-06-09
92160006,E10,2026-06-15,2026-06-16
92160006,E10,2026-06-19,2026-06-20
92160006,E10,2026-06-22,2026-06-22
92160006,E10,2026-06-23,2026-06-24
92160006,E10,2026-07-01,2026-07-01
92160006,E10,2026-07-06,2026-07-06
92160006,E10,2026-07-13,2026-07-13
92160006,E10,2026-07-16,2026-07-16
92160006,E10,2026-07-17,2026-07-20
92160006,E10,2026-07-21,2026-07-22
92160006,E10,2026-07-25,2026-07-27
92160006,E10,2026-08-03,2026-08-03
92160006,E10,2026-08-05,2026-08-05
92160006,E10,2026-08-10,2026-08-10
92160006,E10,2026-08-12,2026-08-12
92160006,E10,2026-08-25,2026-08-25
92160006,E10,2026-08-27,2026-08-28
92160006,E10,2026-09-03,2026-09-03
92160006,E10,2026-09-04,2026-09-05
92160006,E10,2026-09-06,2026-09-08
92160006,E10,2026-09-09,2026-09-09
92160006,E10,2026-09-14,2026-09-14
92160006,E10,2026-09-15,2026-09-15
92160006,E10,2026-09-17,
92160006,Gazole,2026-04-03,2026-04-03
92160006,Gazole,2026-04-06,2026-04-09
92160006,SP95,2026-06-15,2026-06-16
92160006,SP95,2026-06-19,2026-06-20
92160006,SP95,2026-06-23,2026-06-24
92160006,SP98,2025-11-09,2025-11-10
92160006,SP98,2026-04-03,2026-04-03
92160006,SP98,2026-04-06,2026-04-09
92160006,SP98,2026-04-13,2026-04-13
92160006,SP98,2026-04-14,2026-04-16
92160006,SP98,2026-04-20,2026-04-20
92160006,SP98,2026-04-27,2026-04-29
92160006,SP98,2026-05-01,2026-05-06
92160006,SP98,2026-05-11,2026-05-11
92160006,SP98,2026-05-12,2026-05-20
92160006,SP98,2026-05-22,2026-05-22
92160006,SP98,2026-05-26,2026-05-26
92160006,SP98,2026-05-27,2026-05-28
92160006,SP98,2026-05-28,2026-05-29
92160006,SP98,2026-06-01,2026-06-01
92160006,SP98,2026-06-02,2026-06-02
92160006,SP98,2026-06-03,2026-06-09
92160006,SP98,2026-06-15,2026-06-16
92160006,SP98,2026-06-22,2026-06-22
92160006,SP98,2026-06-23,2026-06-24
92160006,SP98,2026-06-30,2026-06-30
92160006,SP98,2026-07-06,2026-07-06
92160006,SP98,2026-07-13,2026-07-20
92160006,SP98,2026-07-24,2026-07-27
92160006,SP98,2026-07-29,2026-08-14
92160006,SP98,2026-08-17,2026-08-20
92160006,SP98,2026-08-24,2026-09-01
92160006,SP98,2026-09-02,2026-09-03
92160006,SP98,2026-09-03,2026-09-05
92160006,SP98,2026-09-06,2026-09-08
92160006,SP98,2026-09-09,2026-09-09
92160006,SP98,2026-09-14,2026-09-14
92160006,SP98,2026-09-15,2026-09-15
92160006,SP98,2026-09-17,
92170001,SP95,2009-03-28,
92170002,E10,2025-01-18,2025-03-25
92170002,E10,2025-06-10,2025-06-11
92170002,E10,2025-07-15,2025-07-16
92170002,E10,2025-09-09,2025-09-09
92170002,E10,2025-10-04,2025-10-06
92170002,E10,2025-10-07,2025-10-07
92170002,E10,2025-11-12,2025-11-13
92170002,E10,2026-01-06,2026-01-09
92170002,E10,2026-01-09,2026-01-10
92170002,E10,2026-03-31,2026-04-01
92170002,E10,2026-04-02,2026-04-02
92170002,E10,2026-04-03,2026-04-04
92170002,E10,2026-04-04,2026-04-07
92170002,E10,2026-04-07,2026-04-09
92170002,E10,2026-04-10,2026-04-10
92170002,E10,2026-04-13,2026-04-14
92170002,E10,2026-05-04,2026-05-04
92170002,E10,2026-05-09,2026-05-10
92170002,E10,2026-05-10,2026-05-13
92170002,E10,2026-05-14,2026-05-16
92170002,E10,2026-05-19,2026-05-19
92170002,E10,2026-05-20,2026-05-21
92170002,E10,2026-05-21,2026-05-22
92170002,E10,2026-05-23,2026-05-26
92170002,E10,2026-05-27,2026-05-28
92170002,E10,2026-05-29,2026-05-30
92170002,E10,2026-05-30,2026-06-01
92170002,E10,2026-06-02,2026-06-02
92170002,E10,2026-06-15,2026-06-16
92170002,E10,2026-06-29,2026-07-02
92170002,E10,2026-07-09,2026-07-11
92170002,E10,2026-07-11,2026-07-13
92170002,E10,2026-07-14,2026-07-16
92170002,E10,2026-08-03,2026-08-04
92170002,E10,2026-08-30,2026-08-31
92170002,E10,2026-09-06,2026-09-08
92170002,E10,2026-09-08,2026-09-09
92170002,E10,2026-09-13,2026-09-15
92170002,E10,2026-09-15,2026-09-15
92170002,E10,2026-09-16,2026-09-16
92170002,E85,2025-06-10,2025-06-11
92170002,E85,2025-10-15,2025-10-17
92170002,E85,2026-05-18,2026-06-02
92170002,E85,2026-09-07,2026-09-07
92170002,GPLc,2021-12-20,
92170002,Gazole,2025-03-25,2025-03-27
92170002,Gazole,2025-04-01,2025-04-01
92170002,Gazole,2025-06-10,2025-06-11
92170002,Gazole,2026-03-31,2026-03-31
92170002,Gazole,2026-04-01,2026-04-02
92170002,Gazole,2026-04-03,2026-04-04
92170002,Gazole,2026-04-06,2026-04-07
92170002,Gazole,2026-04-07,2026-04-14
92170002,Gazole,2026-04-14,2026-04-15
92170002,Gazole,2026-04-15,2026-04-16
92170002,Gazole,2026-05-16,2026-05-16
92170002,Gazole,2026-07-21,2026-07-21
92170002,Gazole,2026-09-08,2026-09-09
92170002,SP95,2021-12-21,2026-04-10
92170002,SP95,2026-04-14,
92170002,SP98,2025-01-18,2025-03-25
92170002,SP98,2025-06-10,2025-06-11
92170002,SP98,2025-07-15,2025-07-16
92170002,SP98,2025-09-09,2025-09-09
92170002,SP98,2025-10-04,2025-10-06
92170002,SP98,2025-10-07,2025-10-07
92170002,SP98,2025-11-12,2025-11-13
92170002,SP98,2026-01-06,2026-01-09
92170002,SP98,2026-01-09,2026-01-10
92170002,SP98,2026-03-31,2026-04-01
92170002,SP98,2026-04-01,2026-04-02
92170002,SP98,2026-04-03,2026-04-04
92170002,SP98,2026-04-04,2026-04-07
92170002,SP98,2026-04-07,2026-04-09
92170002,SP98,2026-04-10,2026-04-10
92170002,SP98,2026-04-11,2026-04-14
92170002,SP98,2026-04-14,2026-04-15
92170002,SP98,2026-04-20,2026-04-20
92170002,SP98,2026-04-22,2026-04-22
92170002,SP98,2026-04-27,2026-04-29
92170002,SP98,2026-04-30,2026-05-05
92170002,SP98,2026-05-05,2026-05-06
92170002,SP98,2026-05-07,2026-05-07
92170002,SP98,2026-05-08,2026-05-09
92170002,SP98,2026-05-10,2026-05-13
92170002,SP98,2026-05-14,2026-05-16
92170002,SP98,2026-05-16,2026-05-18
92170002,SP98,2026-05-18,2026-05-19
92170002,SP98,2026-05-20,2026-05-21
92170002,SP98,2026-05-21,2026-05-22
92170002,SP98,2026-05-23,2026-05-26
92170002,SP98,2026-05-26,2026-05-28
92170002,SP98,2026-05-29,2026-06-02
92170002,SP98,2026-06-02,2026-06-04
92170002,SP98,2026-06-06,2026-06-06
92170002,SP98,2026-06-07,2026-06-08
92170002,SP98,2026-06-09,2026-06-09
92170002,SP98,2026-06-10,2026-06-12
92170002,SP98,2026-06-14,2026-06-16
92170002,SP98,2026-06-17,2026-06-18
92170002,SP98,2026-06-23,2026-06-24
92170002,SP98,2026-06-25,2026-06-26
92170002,SP98,2026-06-26,2026-06-27
92170002,SP98,2026-06-28,2026-07-02
92170002,SP98,2026-07-04,2026-07-06
92170002,SP98,2026-07-07,2026-07-13
92170002,SP98,2026-07-14,2026-07-16
92170002,SP98,2026-07-18,2026-07-21
92170002,SP98,2026-07-25,2026-07-28
92170002,SP98,2026-07-29,2026-08-19
92170002,SP98,2026-08-19,2026-08-19
92170002,SP98,2026-08-23,2026-08-25
92170002,SP98,2026-08-26,2026-09-02
92170002,SP98,2026-09-02,2026-09-09
92170002,SP98,2026-09-09,2026-09-11
92170002,SP98,2026-09-13,2026-09-15
92170002,SP98,2026-09-15,2026-09-15
92170002,SP98,2026-09-16,2026-09-16
92190002,SP95,2013-09-01,
92190003,E10,2025-03-04,2025-03-04
92190003,E10,2025-05-28,2025-05-28
92190003,E10,2025-08-03,2025-08-04
92190003,E10,2025-08-17,2025-08-18
92190003,E10,2025-09-29,2025-10-01
92190003,E10,2025-10-05,2025-10-06
92190003,E10,2025-10-27,2025-10-27
92190003,E10,2025-11-10,2025-11-12
92190003,E10,2025-11-30,2025-12-02
92190003,E10,2025-12-08,2025-12-08
92190003,E10,2025-12-14,2025-12-15
92190003,E10,2026-01-08,2026-01-12
92190003,E10,2026-01-15,2026-01-15
92190003,E10,2026-02-02,2026-02-02
92190003,E10,2026-02-16,2026-02-16
92190003,E10,2026-02-22,2026-02-23
92190003,E10,2026-03-30,2026-03-30
92190003,E10,2026-04-01,2026-04-01
92190003,E10,2026-04-02,2026-04-03
92190003,E10,2026-04-03,2026-04-07
92190003,E10,2026-04-07,2026-04-08
92190003,E10,2026-04-08,2026-04-09
92190003,E10,2026-04-09,2026-04-10
92190003,E10,2026-04-10,2026-04-13
92190003,E10,2026-04-13,2026-04-14
92190003,E10,2026-04-14,2026-04-16
92190003,E10,2026-04-26,2026-04-27
92190003,E10,2026-05-03,2026-05-04
92190003,E10,2026-05-08,2026-05-09
92190003,E10,2026-05-10,2026-05-11
92190003,E10,2026-05-12,2026-05-13
92190003,E10,2026-05-14,2026-05-16
92190003,E10,2026-05-16,2026-05-18
92190003,E10,2026-05-18,2026-05-19
92190003,E10,2026-05-20,2026-05-20
92190003,E10,2026-05-22,2026-05-22
92190003,E10,2026-05-24,2026-05-26
92190003,E10,2026-05-27,2026-05-27
92190003,E10,2026-05-31,2026-06-02
92190003,E10,2026-06-02,2026-06-02
92190003,E10,2026-06-04,2026-06-04
92190003,E10,2026-06-05,2026-06-06
92190003,E10,2026-06-06,2026-06-08
92190003,E10,2026-06-09,2026-06-09
92190003,E10,2026-06-12,2026-06-12
92190003,E10,2026-06-22,2026-06-22
92190003,E10,2026-06-23,2026-06-25
92190003,E10,2026-06-26,2026-06-26
92190003,E10,2026-06-27,2026-06-29
92190003,E10,2026-06-30,2026-06-30
92190003,E10,2026-07-03,2026-07-03
92190003,E10,2026-07-04,2026-07-06
92190003,E10,2026-07-07,2026-07-08
92190003,E10,2026-07-08,2026-07-08
92190003,E10,2026-07-09,2026-07-10
92190003,E10,2026-07-10,2026-07-10
92190003,E10,2026-07-11,2026-07-13
92190003,E10,2026-07-14,2026-07-15
92190003,E10,2026-07-16,2026-07-17
92190003,E10,2026-07-19,2026-07-20
92190003,E10,2026-07-26,2026-07-27
92190003,E10,2026-08-02,2026-08-03
92190003,E10,2026-08-10,2026-08-10
92190003,E10,2026-08-16,2026-08-17
92190003,E10,2026-08-24,2026-08-24
92190003,E10,2026-08-29,2026-08-31
92190003,E10,2026-09-01,2026-09-01
92190003,E10,2026-09-02,2026-09-03
92190003,E10,2026-09-04,2026-09-04
92190003,E10,2026-09-05,2026-09-07
92190003,E10,2026-09-08,2026-09-08
92190003,E10,2026-09-09,2026-09-10
92190003,E10,2026-09-11,2026-09-11
92190003,E10,2026-09-15,2026-09-15
92190003,E10,2026-09-16,2026-09-17
92190003,E10,2026-09-17,
92190003,E85,2018-06-13,
92190003,GPLc,2025-06-25,2025-10-05
92190003,GPLc,2026-03-31,2026-03-31
92190003,GPLc,2026-04-01,2026-04-01
92190003,GPLc,2026-04-02,2026-04-03
92190003,GPLc,2026-04-07,2026-04-16
92190003,GPLc,2026-04-16,
92190003,Gazole,2026-01-12,2026-01-12
92190003,Gazole,2026-03-13,2026-03-13
92190003,Gazole,2026-04-02,2026-04-03
92190003,Gazole,2026-04-04,2026-04-07
92190003,Gazole,2026-04-07,2026-04-09
92190003,Gazole,2026-04-09,2026-04-10
92190003,Gazole,2026-04-10,2026-04-11
92190003,Gazole,2026-04-11,2026-04-13
92190003,Gazole,2026-04-13,2026-04-14
92190003,Gazole,2026-04-14,2026-04-15
92190003,Gazole,2026-04-15,2026-04-16
92190003,SP95,2018-06-13,
92190003,SP98,2025-05-25,2025-05-28
92190003,SP98,2025-08-03,2025-08-04
92190003,SP98,2025-09-29,2025-10-01
92190003,SP98,2025-10-01,2025-10-01
92190003,SP98,2025-10-05,2025-10-06
92190003,SP98,2025-10-27,2025-10-27
92190003,SP98,2025-11-30,2025-12-02
92190003,SP98,2025-12-08,2025-12-08
92190003,SP98,2025-12-14,2025-12-15
92190003,SP98,2026-01-08,2026-01-12
92190003,SP98,2026-02-02,2026-02-02
92190003,SP98,2026-02-22,2026-02-23
92190003,SP98,2026-03-16,2026-03-16
92190003,SP98,2026-03-23,2026-03-25
92190003,SP98,2026-03-29,2026-03-30
92190003,SP98,2026-03-31,2026-04-01
92190003,SP98,2026-04-01,2026-04-03
92190003,SP98,2026-04-03,2026-04-07
92190003,SP98,2026-04-07,2026-04-09
92190003,SP98,2026-04-09,2026-04-10
92190003,SP98,2026-04-10,2026-04-13
92190003,SP98,2026-04-13,2026-04-14
92190003,SP98,2026-04-14,2026-04-16
92190003,SP98,2026-04-17,2026-04-20
92190003,SP98,2026-04-21,2026-04-22
92190003,SP98,2026-04-24,2026-04-27
92190003,SP98,2026-04-28,2026-04-28
92190003,SP98,2026-04-29,2026-05-04
92190003,SP98,2026-05-05,2026-05-06
92190003,SP98,2026-05-08,2026-05-09
92190003,SP98,2026-05-09,2026-05-11
92190003,SP98,2026-05-12,2026-05-13
92190003,SP98,2026-05-13,2026-05-16
92190003,SP98,2026-05-16,2026-05-18
92190003,SP98,2026-05-18,2026-05-19
92190003,SP98,2026-05-20,2026-05-20
92190003,SP98,2026-05-21,2026-05-22
92190003,SP98,2026-05-24,2026-05-26
92190003,SP98,2026-05-27,2026-06-02
92190003,SP98,2026-06-02,2026-06-03
92190003,SP98,2026-06-04,2026-06-04
92190003,SP98,2026-06-05,2026-06-05
92190003,SP98,2026-06-07,2026-06-08
92190003,SP98,2026-06-08,2026-06-09
92190003,SP98,2026-06-09,2026-06-10
92190003,SP98,2026-06-10,2026-06-11
92190003,SP98,2026-06-12,2026-06-12
92190003,SP98,2026-06-14,2026-06-15
92190003,SP98,2026-06-16,2026-06-16
92190003,SP98,2026-06-17,2026-06-17
92190003,SP98,2026-06-21,2026-06-22
92190003,SP98,2026-06-23,2026-06-25
92190003,SP98,2026-06-25,2026-06-26
92190003,SP98,2026-06-27,2026-06-29
92190003,SP98,2026-06-29,2026-06-30
92190003,SP98,2026-07-01,2026-07-01
92190003,SP98,2026-07-03,2026-07-03
92190003,SP98,2026-07-04,2026-07-06
92190003,SP98,2026-07-07,2026-07-08
92190003,SP98,2026-07-09,2026-07-10
92190003,SP98,2026-07-11,2026-07-13
92190003,SP98,2026-07-14,2026-07-15
92190003,SP98,2026-07-16,2026-07-17
92190003,SP98,2026-07-19,2026-07-20
92190003,SP98,2026-07-24,2026-07-24
92190003,SP98,2026-07-25,2026-07-27
92190003,SP98,2026-07-28,2026-07-28
92190003,SP98,2026-07-29,2026-07-30
92190003,SP98,2026-08-01,2026-08-03
92190003,SP98,2026-08-05,2026-08-06
92190003,SP98,2026-08-07,2026-08-07
92190003,SP98,2026-08-10,2026-08-10
92190003,SP98,2026-08-13,2026-08-13
92190003,SP98,2026-08-14,2026-08-17
92190003,SP98,2026-08-17,2026-08-21
92190003,SP98,2026-08-23,2026-08-31
92190003,SP98,2026-08-31,2026-09-02
92190003,SP98,2026-09-02,2026-09-07
92190003,SP98,2026-09-08,2026-09-08
92190003,SP98,2026-09-09,2026-09-10
92190003,SP98,2026-09-10,2026-09-11
92190003,SP98,2026-09-11,2026-09-12
92190003,SP98,2026-09-13,2026-09-14
92190003,SP98,2026-09-14,2026-09-15
92190003,SP98,2026-09-16,2026-09-17
92190003,SP98,2026-09-17,
92200001,SP95,2010-10-25,
92200003,E10,2013-03-27,
92200003,Gazole,2013-11-21,
92200003,SP95,2013-03-26,
92200003,SP98,2016-07-20,
92200005,E10,2025-02-26,2026-03-13
92200005,E10,2026-04-04,2026-04-07
92200005,E10,2026-05-10,2026-05-11
92200005,E10,2026-05-17,2026-05-18
92200005,E10,2026-05-25,2026-05-26
92200005,E10,2026-06-06,2026-06-09
92200005,E10,2026-06-14,2026-06-15
92200005,E10,2026-07-04,2026-07-06
92200005,E10,2026-09-13,2026-09-14
92200005,E10,2026-09-15,2026-09-16
92200005,E85,2018-06-13,
92200005,GPLc,2018-06-13,
92200005,Gazole,2023-04-03,2026-03-13
92200005,SP95,2018-06-13,
92200005,SP98,2025-02-26,2026-03-13
92200005,SP98,2026-04-04,2026-04-07
92200005,SP98,2026-05-02,2026-05-04
92200005,SP98,2026-05-04,2026-05-07
92200005,SP98,2026-05-09,2026-05-11
92200005,SP98,2026-05-17,2026-05-18
92200005,SP98,2026-05-19,2026-05-20
92200005,SP98,2026-05-25,2026-05-26
92200005,SP98,2026-06-06,2026-06-09
92200005,SP98,2026-06-14,2026-06-15
92200005,SP98,2026-07-04,2026-07-06
92200005,SP98,2026-07-11,2026-07-13
92200005,SP98,2026-07-26,2026-07-27
92200005,SP98,2026-09-11,2026-09-14
92200005,SP98,2026-09-15,2026-09-16
92200006,SP98,2025-03-23,2025-04-07
92200006,SP98,2025-07-10,2025-10-07
92200006,SP98,2025-11-10,2025-12-10
92200006,SP98,2026-04-30,2026-07-09
92210001,SP95,2012-03-30,
92210002,SP95,2009-04-17,
92210003,SP95,2009-10-13,
92210003,SP98,2025-11-30,2025-12-01
92210003,SP98,2026-03-01,2026-03-02
92210006,Gazole,2010-10-27,
92210006,SP95,2011-01-23,
92210009,E10,2024-12-29,2025-01-03
92210009,E10,2025-01-05,2025-01-06
92210009,E10,2025-01-19,2025-01-20
92210009,E10,2025-03-10,2025-03-10
92210009,E10,2025-04-13,2025-04-14
92210009,E10,2025-04-21,2025-05-05
92210009,E10,2025-06-09,2025-06-10
92210009,E10,2025-06-15,2025-06-17
92210009,E10,2025-06-23,2025-06-25
92210009,E10,2025-06-29,2025-07-04
92210009,E10,2025-07-06,2025-07-07
92210009,E10,2025-07-13,2025-07-19
92210009,E10,2025-07-20,2025-07-24
92210009,E10,2025-07-27,2025-08-13
92210009,E10,2025-08-17,2025-08-18
92210009,E10,2025-09-07,2025-09-09
92210009,E10,2025-11-02,2025-11-03
92210009,E10,2025-11-23,2025-11-26
92210009,E10,2025-11-30,2025-12-01
92210009,E10,2025-12-14,2025-12-15
92210009,E10,2025-12-21,2025-12-22
92210009,E10,2026-01-07,2026-01-08
92210009,E10,2026-02-23,2026-02-23
92210009,E10,2026-03-02,2026-03-02
92210009,E10,2026-04-05,2026-04-07
92210009,E10,2026-04-07,2026-04-08
92210009,E10,2026-04-12,2026-04-13
92210009,E10,2026-05-01,2026-05-02
92210009,E10,2026-05-08,2026-05-09
92210009,E10,2026-05-10,2026-05-11
92210009,E10,2026-05-14,2026-05-15
92210009,E10,2026-05-24,2026-05-24
92210009,E10,2026-05-30,2026-06-02
92210009,E10,2026-06-03,2026-06-04
92210009,E10,2026-06-07,2026-06-08
92210009,E10,2026-06-14,2026-06-15
92210009,E10,2026-06-28,2026-06-29
92210009,E10,2026-07-05,2026-07-06
92210009,E10,2026-07-11,2026-07-13
92210009,E10,2026-07-25,2026-07-27
92210009,E10,2026-08-02,2026-08-03
92210009,E10,2026-08-09,2026-08-11
92210009,E10,2026-08-16,2026-08-17
92210009,E10,2026-08-22,2026-08-24
92210009,E10,2026-08-30,2026-08-31
92210009,E10,2026-09-05,2026-09-07
92210009,E10,2026-09-15,2026-09-15
92210009,E85,2026-05-14,2026-05-18
92210009,GPLc,2024-12-26,2025-01-03
92210009,GPLc,2025-05-15,2025-05-25
92210009,GPLc,2025-06-25,2025-06-29
92210009,GPLc,2025-07-06,2025-07-19
92210009,GPLc,2025-12-22,2025-12-23
92210009,GPLc,2026-03-31,2026-04-02
92210009,GPLc,2026-07-31,2026-08-05
92210009,GPLc,2026-08-22,2026-08-24
92210009,GPLc,2026-08-30,2026-08-31
92210009,GPLc,2026-09-06,2026-09-11
92210009,GPLc,2026-09-15,
92210009,Gazole,2026-03-30,2026-03-31
92210009,Gazole,2026-04-05,2026-04-07
92210009,Gazole,2026-04-07,2026-04-08
92210009,Gazole,2026-04-08,2026-04-11
92210009,Gazole,2026-04-11,2026-04-15
92210009,Gazole,2026-07-13,2026-07-15
92210009,Gazole,2026-07-15,2026-07-25
92210009,SP95,2025-01-06,2025-01-06
92210009,SP95,2025-01-21,2025-01-27
92210009,SP95,2025-02-20,2025-08-18
92210009,SP95,2025-08-24,2025-08-25
92210009,SP95,2025-08-25,
92210009,SP98,2025-01-21,2025-01-27
92210009,SP98,2025-05-25,2025-05-26
92210009,SP98,2025-06-09,2025-06-10
92210009,SP98,2025-07-06,2025-07-07
92210009,SP98,2025-07-13,2025-07-19
92210009,SP98,2025-07-20,2025-07-24
92210009,SP98,2025-07-27,2025-08-03
92210009,SP98,2025-08-04,2025-08-13
92210009,SP98,2025-08-17,2025-08-18
92210009,SP98,2025-09-07,2025-09-09
92210009,SP98,2025-11-02,2025-11-03
92210009,SP98,2026-03-03,2026-03-03
92210009,SP98,2026-03-22,2026-03-23
92210009,SP98,2026-03-25,2026-03-26
92210009,SP98,2026-03-29,2026-03-30
92210009,SP98,2026-03-30,2026-03-31
92210009,SP98,2026-04-01,2026-04-02
92210009,SP98,2026-04-03,2026-04-04
92210009,SP98,2026-04-05,2026-04-07
92210009,SP98,2026-04-07,2026-04-08
92210009,SP98,2026-04-08,2026-04-09
92210009,SP98,2026-04-11,2026-04-11
92210009,SP98,2026-04-12,2026-04-13
92210009,SP98,2026-04-14,2026-04-15
92210009,SP98,2026-04-25,2026-04-25
92210009,SP98,2026-04-26,2026-04-27
92210009,SP98,2026-04-27,2026-04-27
92210009,SP98,2026-04-30,2026-05-02
92210009,SP98,2026-05-03,2026-05-04
92210009,SP98,2026-05-04,2026-05-05
92210009,SP98,2026-05-05,2026-05-06
92210009,SP98,2026-05-08,2026-05-09
92210009,SP98,2026-05-10,2026-05-11
92210009,SP98,2026-05-11,2026-05-13
92210009,SP98,2026-05-13,2026-05-15
92210009,SP98,2026-05-15,2026-05-16
92210009,SP98,2026-05-17,2026-05-18
92210009,SP98,2026-05-18,2026-05-19
92210009,SP98,2026-05-20,2026-05-23
92210009,SP98,2026-05-24,2026-05-26
92210009,SP98,2026-05-27,2026-05-28
92210009,SP98,2026-05-28,2026-05-29
92210009,SP98,2026-05-30,2026-06-02
92210009,SP98,2026-06-03,2026-06-04
92210009,SP98,2026-06-04,2026-06-05
92210009,SP98,2026-06-07,2026-06-08
92210009,SP98,2026-06-08,2026-06-09
92210009,SP98,2026-06-10,2026-06-11
92210009,SP98,2026-06-14,2026-06-15
92210009,SP98,2026-06-28,2026-06-29
92210009,SP98,2026-07-07,2026-07-15
92210009,SP98,2026-07-25,2026-07-27
92210009,SP98,2026-07-30,2026-07-30
92210009,SP98,2026-08-01,2026-08-03
92210009,SP98,2026-08-04,2026-08-05
92210009,SP98,2026-08-09,2026-08-11
92210009,SP98,2026-08-16,2026-08-17
92210009,SP98,2026-08-17,2026-08-18
92210009,SP98,2026-08-19,2026-08-20
92210009,SP98,2026-08-21,2026-08-24
92210009,SP98,2026-08-24,2026-08-26
92210009,SP98,2026-08-26,2026-08-27
92210009,SP98,2026-08-28,2026-08-29
92210009,SP98,2026-08-30,2026-08-31
92210009,SP98,2026-08-31,2026-09-01
92210009,SP98,2026-09-02,2026-09-03
92210009,SP98,2026-09-03,2026-09-04
92210009,SP98,2026-09-05,2026-09-08
92210009,SP98,2026-09-09,2026-09-12
92210009,SP98,2026-09-13,2026-09-14
92210009,SP98,2026-09-14,2026-09-15
92220004,SP95,2009-04-17,
92220005,SP98,2013-07-09,
92220006,SP98,2013-07-09,
92230002,GPLc,2013-07-24,
92230002,SP95,2009-05-22,
92230003,E10,2025-05-27,2025-05-27
92230003,E85,2017-08-29,
92230003,GPLc,2017-08-29,
92230003,Gazole,2025-06-23,2025-06-23
92230003,SP95,2021-10-26,
92230003,SP98,2025-05-27,2025-06-05
92230007,E85,2009-04-19,
92230007,GPLc,2011-11-22,
92230007,SP95,2009-04-17,
92230007,SP98,2015-02-11,
92230008,E85,2018-11-02,
92230008,GPLc,2018-11-02,
92230008,Gazole,2025-12-01,2025-12-02
92230008,SP95,2025-12-01,2025-12-03
92230009,E10,2024-02-26,
92230009,Gazole,2024-02-26,
92230009,SP98,2024-02-26,
92230010,E10,2025-05-01,
92230010,E85,2018-06-14,
92230010,GPLc,2018-06-14,
92230010,Gazole,2025-05-01,
92230010,SP95,2018-06-14,
92230010,SP98,2025-05-01,
92230011,E10,2026-04-02,2026-04-03
92230011,E10,2026-04-04,2026-04-07
92230011,E10,2026-05-15,2026-05-19
92230011,E10,2026-05-31,2026-06-02
92230011,E10,2026-07-13,2026-07-16
92230011,E85,2026-04-02,2026-04-03
92230011,E85,2026-04-04,2026-04-07
92230011,E85,2026-05-15,2026-05-19
92230011,E85,2026-05-25,2026-05-29
92230011,E85,2026-05-31,2026-06-02
92230011,E85,2026-06-03,2026-06-04
92230011,E85,2026-06-06,2026-06-08
92230011,E85,2026-06-09,2026-06-10
92230011,E85,2026-07-13,2026-07-16
92230011,GPLc,2023-05-25,
92230011,Gazole,2026-04-02,2026-04-03
92230011,Gazole,2026-04-04,2026-04-07
92230011,Gazole,2026-06-01,2026-06-02
92230011,Gazole,2026-07-13,2026-07-16
92230011,SP95,2023-05-25,2026-05-19
92230011,SP95,2026-05-31,2026-06-02
92230011,SP95,2026-06-06,2026-06-08
92230011,SP95,2026-07-13,2026-07-16
92230011,SP98,2026-04-02,2026-04-07
92230011,SP98,2026-04-07,2026-04-08
92230011,SP98,2026-05-01,2026-05-06
92230011,SP98,2026-05-10,2026-05-12
92230011,SP98,2026-05-14,2026-05-19
92230011,SP98,2026-05-24,2026-05-25
92230011,SP98,2026-05-26,2026-06-02
92230011,SP98,2026-06-02,2026-06-04
92230011,SP98,2026-06-04,2026-06-05
92230011,SP98,2026-06-06,2026-06-08
92230011,SP98,2026-06-08,2026-06-10
92230011,SP98,2026-07-13,2026-07-16
92230011,SP98,2026-07-31,2026-08-04
92240001,E10,2025-04-29,2025-05-05
92240001,E85,2017-08-31,
92240001,GPLc,2017-08-31,
92240001,SP95,2016-04-22,
92240001,SP95,2017-08-31,
92240001,SP98,2025-04-07,2025-04-07
92240001,SP98,2025-04-29,2025-04-30
92240003,SP95,2009-04-17,
92240006,E85,2009-04-04,
92240006,GPLc,2009-04-06,
92240006,SP95,2009-04-02,
92240007,SP95,2011-01-23,
92240009,SP98,2016-07-20,
92240010,E85,2026-05-27,2026-05-28
92242002,E85,2015-02-17,
92242002,GPLc,2015-02-17,
92242003,E10,2026-03-30,2026-04-10
92242003,E10,2026-06-02,2026-06-16
92242003,E10,2026-06-20,2026-06-23
92242003,E10,2026-07-04,2026-07-16
92242003,E10,2026-07-17,2026-07-21
92242003,E10,2026-07-24,2026-07-28
92242003,E10,2026-08-15,2026-08-18
92242003,E10,2026-09-15,2026-09-16
92242003,E85,2018-06-26,2025-09-12
92242003,GPLc,2018-06-26,
92242003,Gazole,2023-11-23,2025-09-12
92242003,Gazole,2026-03-30,2026-04-10
92242003,Gazole,2026-04-10,2026-04-13
92242003,Gazole,2026-06-02,2026-06-02
92242003,Gazole,2026-09-01,2026-09-03
92242003,SP95,2018-06-26,
92242003,SP98,2026-03-30,2026-04-10
92242003,SP98,2026-06-02,2026-06-05
92242003,SP98,2026-06-11,2026-06-12
92242003,SP98,2026-06-12,2026-06-16
92242003,SP98,2026-06-20,2026-06-23
92242003,SP98,2026-07-04,2026-07-16
92242003,SP98,2026-07-18,2026-07-21
92242003,SP98,2026-07-24,2026-07-28
92242003,SP98,2026-08-07,2026-08-12
92242003,SP98,2026-08-15,2026-08-18
92242003,SP98,2026-08-19,2026-09-03
92242003,SP98,2026-09-11,2026-09-16
92250001,SP98,2016-07-20,
92250002,E10,2025-12-16,2025-12-16
92250002,E10,2026-01-10,2026-01-15
92250002,Gazole,2025-09-25,2025-09-25
92250002,SP95,2009-12-15,
92250002,SP98,2025-12-15,2025-12-16
92250002,SP98,2026-01-12,2026-01-15
92250003,E10,2017-04-19,
92250003,E85,2017-04-19,
92250003,GPLc,2017-04-19,
92250003,Gazole,2017-04-19,
92250003,SP95,2017-04-19,
92250003,SP98,2017-01-04,
92260001,SP95,2009-10-20,
92290004,GPLc,2010-09-17,
92290004,Gazole,2010-09-27,
92290004,SP95,2010-09-27,
92290005,SP98,2013-07-09,
92290005,SP98,2016-07-20,
92290007,E10,2026-04-29,
92290007,E85,2026-04-19,
92290007,SP95,2025-10-08,2025-11-06
92300002,SP95,2009-04-21,
92300004,E10,2025-03-03,2025-03-04
92300004,E10,2025-04-01,2025-04-01
92300004,E10,2025-04-02,2025-04-02
92300004,E10,2026-03-17,2026-03-18
92300004,E10,2026-03-30,2026-03-31
92300004,E10,2026-04-07,2026-04-07
92300004,E10,2026-04-27,2026-04-28
92300004,E10,2026-05-05,2026-05-05
92300004,E10,2026-05-12,2026-05-12
92300004,E10,2026-06-29,2026-06-29
92300004,E10,2026-07-13,2026-07-16
92300004,E10,2026-07-20,2026-07-20
92300004,E85,2025-03-18,2025-03-19
92300004,E85,2025-04-01,2025-04-01
92300004,E85,2025-04-02,2025-04-02
92300004,E85,2025-04-04,2025-04-07
92300004,E85,2025-08-28,2025-08-30
92300004,E85,2026-03-19,2026-03-20
92300004,E85,2026-05-12,2026-05-12
92300004,E85,2026-06-13,2026-06-14
92300004,E85,2026-06-29,2026-06-29
92300004,GPLc,2022-09-12,
92300004,Gazole,2025-04-01,2025-04-01
92300004,Gazole,2025-04-02,2025-04-02
92300004,Gazole,2025-12-09,2025-12-10
92300004,Gazole,2026-02-16,2026-02-17
92300004,Gazole,2026-03-20,2026-03-20
92300004,Gazole,2026-03-28,2026-03-30
92300004,Gazole,2026-03-31,2026-04-02
92300004,Gazole,2026-04-06,2026-04-07
92300004,Gazole,2026-05-07,2026-05-15
92300004,Gazole,2026-06-29,2026-06-29
92300004,Gazole,2026-07-27,2026-07-28
92300004,Gazole,2026-07-28,2026-07-30
92300004,SP95,2022-09-19,
92300004,SP98,2025-04-01,2025-04-01
92300004,SP98,2025-04-02,2025-04-02
92300004,SP98,2025-07-07,2025-07-08
92300004,SP98,2026-05-12,2026-05-12
92300004,SP98,2026-06-29,2026-06-29
92300004,SP98,2026-07-16,2026-07-17
92300004,SP98,2026-07-20,2026-07-20
92300007,SP98,2016-07-20,
92300008,SP95,2011-01-23,
92300010,SP98,2016-07-20,
92300011,SP98,2016-11-03,
92300012,SP98,2016-12-29,
92300013,E10,2026-04-09,2026-04-10
92300013,Gazole,2025-11-17,2025-11-18
92300013,SP95,2025-11-17,2025-11-18
92300013,SP98,2026-04-27,
92300014,E10,2025-05-22,2025-05-23
92300014,E10,2025-06-02,2025-07-07
92300014,E10,2025-07-07,2025-07-07
92310001,SP98,2016-07-20,
92310002,E10,2024-08-27,
92320002,SP98,2016-07-20,
92320004,SP95,2011-09-07,
92320005,E10,2026-04-07,2026-04-16
92320005,E10,2026-04-30,
92320005,Gazole,2026-04-30,
92320005,SP95,2026-04-30,
92320005,SP98,2026-04-30,
92330001,E10,2009-04-17,
92330001,SP95,2009-04-17,
92330002,E85,2025-12-23,
92330002,GPLc,2025-12-23,
92330002,Gazole,2025-10-08,2025-12-23
92330002,SP95,2025-10-08,
92330002,SP98,2024-09-09,2025-12-23
92340001,E85,2009-09-21,
92340001,GPLc,2009-09-21,
92340001,SP95,2012-11-29,
92340002,E10,2026-03-31,2026-03-31
92340002,E10,2026-04-03,2026-04-04
92340002,E10,2026-04-04,2026-04-08
92340002,E10,2026-04-09,2026-04-10
92340002,E10,2026-04-10,2026-04-10
92340002,E10,2026-04-12,2026-04-14
92340002,E10,2026-04-16,2026-04-16
92340002,E10,2026-04-18,2026-04-20
92340002,E10,2026-04-27,2026-04-27
92340002,E10,2026-05-02,2026-05-05
92340002,E10,2026-05-11,2026-05-11
92340002,E10,2026-05-12,2026-05-13
92340002,E10,2026-05-14,2026-05-19
92340002,E10,2026-05-20,2026-05-22
92340002,E10,2026-05-25,2026-05-27
92340002,E10,2026-05-28,2026-06-01
92340002,E10,2026-09-09,2026-09-09
92340002,E10,2026-09-11,2026-09-15
92340002,E10,2026-09-16,2026-09-16
92340002,E85,2023-10-24,
92340002,GPLc,2023-10-24,
92340002,Gazole,2026-04-02,2026-04-04
92340002,Gazole,2026-04-06,2026-04-08
92340002,SP95,2023-10-24,
92340002,SP98,2026-03-31,2026-03-31
92340002,SP98,2026-04-01,2026-04-02
92340002,SP98,2026-04-02,2026-04-04
92340002,SP98,2026-04-04,2026-04-08
92340002,SP98,2026-04-09,2026-04-10
92340002,SP98,2026-04-10,2026-04-10
92340002,SP98,2026-04-11,2026-04-14
92340002,SP98,2026-04-15,2026-04-16
92340002,SP98,2026-04-18,2026-04-18
92340002,SP98,2026-04-20,2026-04-20
92340002,SP98,2026-04-27,2026-04-27
92340002,SP98,2026-05-01,2026-05-05
92340002,SP98,2026-05-07,2026-05-07
92340002,SP98,2026-05-08,2026-05-11
92340002,SP98,2026-05-12,2026-05-13
92340002,SP98,2026-05-14,2026-05-19
92340002,SP98,2026-05-19,2026-05-22
92340002,SP98,2026-05-25,2026-05-27
92340002,SP98,2026-05-28,2026-06-01
92340002,SP98,2026-06-02,2026-09-09
92340002,SP98,2026-09-09,2026-09-09
92340002,SP98,2026-09-10,2026-09-15
92340002,SP98,2026-09-16,2026-09-16
92340002,SP98,2026-09-17,
92350001,SP95,2011-05-04,
92360002,SP98,2017-05-29,
92360004,E10,2009-04-17,
92360004,SP95,2009-04-17,
92360005,E10,2024-12-30,2025-01-03
92370001,E85,2011-11-17,
92370001,GPLc,2011-12-14,
92370001,SP95,2011-10-12,
92370002,E10,2024-03-11,
92370002,E85,2022-09-21,
92370002,GPLc,2022-09-21,
92370002,SP95,2022-09-21,
92370002,SP98,2024-03-06,
92380003,SP95,2009-04-23,
92380004,SP95,2011-01-23,
92380004,SP98,2013-07-09,
92380005,SP98,2016-07-20,
92380006,SP98,2017-02-01,
92400001,E85,2009-04-14,
92400001,GPLc,2009-04-14,
92400001,SP95,2010-10-27,
92400002,E85,2009-09-02,
92400003,SP95,2011-12-23,
92400006,E85,2009-12-11,
92400006,GPLc,2009-12-11,
92400006,SP95,2010-11-14,
92400007,E85,2012-08-16,
92400007,GPLc,2012-08-16,
92400007,SP95,2014-06-02,
92400010,GPLc,2009-06-26,
92400010,SP95,2009-04-03,
92400013,E10,2025-10-13,2025-10-13
92400013,E85,2025-10-13,2025-10-13
92400013,Gazole,2025-10-13,2025-10-13
92400013,SP95,2025-10-13,2025-10-13
92400013,SP98,2025-10-13,2025-10-13
92400014,SP98,2016-07-20,
92400015,E10,2021-04-06,
92400015,E85,2021-04-06,
92400015,GPLc,2015-02-17,
92400015,Gazole,2021-04-06,
92400015,SP95,2015-02-17,
92400015,SP98,2021-04-06,
92400016,E10,2025-02-24,2025-03-07
92400016,E10,2025-04-04,2025-04-04
92400016,E10,2026-03-23,2026-04-15
92400016,E10,2026-04-15,2026-04-16
92400016,E10,2026-05-30,2026-06-01
92400016,E10,2026-06-02,2026-06-03
92400016,E10,2026-07-13,2026-07-15
92400016,E85,2025-02-24,2025-03-07
92400016,E85,2025-09-28,2025-09-29
92400016,E85,2025-10-12,2025-10-16
92400016,E85,2025-10-16,2025-10-16
92400016,E85,2026-02-23,2026-02-23
92400016,E85,2026-03-23,2026-04-15
92400016,E85,2026-05-22,2026-05-22
92400016,E85,2026-05-30,2026-06-01
92400016,E85,2026-06-09,2026-06-10
92400016,GPLc,2019-01-07,
92400016,Gazole,2025-02-24,2025-03-07
92400016,Gazole,2026-03-23,2026-04-15
92400016,SP95,2023-06-28,
92400016,SP98,2025-01-21,2025-01-21
92400016,SP98,2025-02-24,2025-03-07
92400016,SP98,2026-03-23,2026-04-15
92400016,SP98,2026-04-15,2026-04-16
92400016,SP98,2026-04-26,2026-04-28
92400016,SP98,2026-05-01,2026-05-04
92400016,SP98,2026-05-04,2026-05-06
92400016,SP98,2026-05-10,2026-05-11
92400016,SP98,2026-05-29,2026-06-01
92400016,SP98,2026-06-01,2026-06-04
92400016,SP98,2026-06-05,2026-06-10
92400016,SP98,2026-06-23,2026-06-23
92400016,SP98,2026-07-13,2026-07-15
92400017,E10,2025-04-07,2025-04-07
92400017,E10,2025-06-02,2025-06-02
92400017,E10,2025-07-14,2025-07-15
92400017,E10,2025-09-01,2025-09-01
92400017,E10,2025-09-08,2025-09-09
92400017,E10,2025-11-11,2025-11-12
92400017,E10,2025-12-01,2025-12-01
92400017,E10,2026-04-01,2026-04-01
92400017,E10,2026-04-02,2026-04-03
92400017,E10,2026-04-05,2026-04-07
92400017,E10,2026-04-08,2026-04-08
92400017,E10,2026-04-13,2026-04-14
92400017,E10,2026-05-12,2026-05-12
92400017,E10,2026-05-19,2026-05-19
92400017,E10,2026-05-25,2026-05-26
92400017,E10,2026-06-01,2026-06-02
92400017,E10,2026-06-29,2026-06-29
92400017,E10,2026-07-12,2026-07-13
92400017,E10,2026-08-30,2026-08-31
92400017,E10,2026-09-07,2026-09-07
92400017,E10,2026-09-14,2026-09-14
92400017,E10,2026-09-16,2026-09-17
92400017,E85,2025-06-10,2025-06-10
92400017,E85,2025-06-16,2025-06-17
92400017,E85,2025-07-14,2025-07-15
92400017,E85,2025-09-01,2025-09-01
92400017,E85,2025-09-08,2025-09-09
92400017,E85,2025-09-29,2025-09-30
92400017,E85,2025-10-10,2025-10-13
92400017,E85,2025-10-13,2025-10-14
92400017,E85,2025-10-14,2025-10-16
92400017,E85,2025-11-11,2025-11-12
92400017,E85,2025-12-01,2025-12-01
92400017,E85,2026-04-01,2026-04-01
92400017,E85,2026-04-03,2026-04-03
92400017,E85,2026-04-05,2026-04-07
92400017,E85,2026-05-10,2026-05-11
92400017,E85,2026-05-12,2026-05-12
92400017,E85,2026-05-17,2026-05-18
92400017,E85,2026-05-25,2026-05-26
92400017,E85,2026-05-26,2026-05-27
92400017,E85,2026-05-28,2026-05-28
92400017,E85,2026-05-29,2026-06-02
92400017,E85,2026-06-03,2026-06-04
92400017,E85,2026-06-08,2026-06-08
92400017,E85,2026-06-10,2026-06-10
92400017,E85,2026-06-23,2026-06-23
92400017,E85,2026-06-29,2026-06-29
92400017,E85,2026-08-03,2026-08-03
92400017,E85,2026-09-14,2026-09-14
92400017,GPLc,2026-07-04,2026-07-06
92400017,GPLc,2026-07-17,2026-07-20
92400017,GPLc,2026-07-24,2026-08-10
92400017,GPLc,2026-08-24,2026-08-31
92400017,GPLc,2026-09-07,2026-09-10
92400017,Gazole,2025-04-07,2025-04-07
92400017,Gazole,2025-07-14,2025-07-15
92400017,Gazole,2025-07-16,2025-07-16
92400017,Gazole,2026-04-05,2026-04-07
92400017,Gazole,2026-04-08,2026-04-08
92400017,SP95,2021-10-21,
92400017,SP98,2025-04-07,2025-04-07
92400017,SP98,2025-06-02,2025-06-02
92400017,SP98,2025-09-29,2025-09-29
92400017,SP98,2025-11-11,2025-11-12
92400017,SP98,2025-12-01,2025-12-01
92400017,SP98,2026-03-31,2026-03-31
92400017,SP98,2026-04-01,2026-04-02
92400017,SP98,2026-04-02,2026-04-03
92400017,SP98,2026-04-04,2026-04-07
92400017,SP98,2026-04-08,2026-04-08
92400017,SP98,2026-04-10,2026-04-11
92400017,SP98,2026-04-11,2026-04-14
92400017,SP98,2026-04-23,2026-04-23
92400017,SP98,2026-04-27,2026-04-27
92400017,SP98,2026-04-30,2026-05-04
92400017,SP98,2026-05-05,2026-05-06
92400017,SP98,2026-05-07,2026-05-07
92400017,SP98,2026-05-08,2026-05-11
92400017,SP98,2026-05-12,2026-05-12
92400017,SP98,2026-05-13,2026-05-15
92400017,SP98,2026-05-16,2026-05-18
92400017,SP98,2026-05-19,2026-05-19
92400017,SP98,2026-05-22,2026-05-26
92400017,SP98,2026-05-28,2026-05-28
92400017,SP98,2026-05-29,2026-06-02
92400017,SP98,2026-06-03,2026-06-03
92400017,SP98,2026-06-08,2026-06-08
92400017,SP98,2026-06-10,2026-06-10
92400017,SP98,2026-06-11,2026-06-12
92400017,SP98,2026-06-23,2026-06-23
92400017,SP98,2026-06-29,2026-06-29
92400017,SP98,2026-07-06,2026-07-07
92400017,SP98,2026-07-07,2026-07-08
92400017,SP98,2026-07-08,2026-07-09
92400017,SP98,2026-07-12,2026-07-13
92400017,SP98,2026-07-15,2026-07-15
92400017,SP98,2026-07-20,2026-07-20
92400017,SP98,2026-08-03,2026-08-03
92400017,SP98,2026-08-24,2026-08-25
92400017,SP98,2026-08-27,2026-09-01
92400017,SP98,2026-09-03,2026-09-04
92400017,SP98,2026-09-07,2026-09-07
92400017,SP98,2026-09-09,2026-09-10
92400017,SP98,2026-09-14,2026-09-14
92400017,SP98,2026-09-15,2026-09-16
92400017,SP98,2026-09-17,2026-09-17
92400018,E10,2026-03-30,2026-03-31
92400018,E10,2026-04-01,2026-04-07
92400018,E10,2026-04-08,2026-04-09
92400018,E10,2026-04-11,2026-04-15
92400018,E10,2026-04-26,2026-04-27
92400018,E10,2026-05-04,2026-05-06
92400018,E10,2026-05-11,2026-05-12
92400018,E10,2026-05-15,2026-05-28
92400018,E10,2026-05-30,2026-06-01
92400018,E10,2026-06-02,2026-06-06
92400018,E10,2026-08-03,2026-08-03
92400018,E10,2026-09-07,
92400018,E85,2017-10-24,
92400018,GPLc,2017-10-24,
92400018,Gazole,2026-04-07,2026-04-07
92400018,SP95,2017-10-24,
92400018,SP98,2026-03-30,2026-03-31
92400018,SP98,2026-04-01,2026-04-07
92400018,SP98,2026-04-08,2026-04-09
92400018,SP98,2026-04-11,2026-04-15
92400018,SP98,2026-04-16,2026-04-22
92400018,SP98,2026-04-26,2026-04-27
92400018,SP98,2026-05-04,2026-05-06
92400018,SP98,2026-05-11,2026-05-12
92400018,SP98,2026-05-15,2026-06-01
92400018,SP98,2026-06-02,2026-06-06
92400018,SP98,2026-08-03,2026-08-03
92400018,SP98,2026-08-31,2026-09-01
92400018,SP98,2026-09-04,
92400019,E10,2023-02-22,
92400019,E85,2022-09-26,
92400019,GPLc,2022-09-26,
92400019,Gazole,2023-03-13,
92400019,SP95,2022-12-20,
92400019,SP98,2023-03-13,
92400020,E10,2025-01-21,2025-01-22
92400020,E10,2026-04-01,2026-04-03
92400020,E10,2026-04-05,2026-04-06
92400020,E10,2026-04-07,2026-04-08
92400020,E10,2026-04-08,2026-04-10
92400020,E10,2026-04-13,2026-04-13
92400020,E10,2026-05-18,2026-05-18
92400020,E10,2026-06-01,2026-06-02
92400020,E10,2026-07-13,2026-07-13
92400020,E10,2026-09-07,2026-09-07
92400020,E10,2026-09-17,2026-09-17
92400020,E85,2022-11-13,
92400020,GPLc,2022-11-13,
92400020,Gazole,2025-01-21,2025-01-22
92400020,Gazole,2026-04-01,2026-04-03
92400020,Gazole,2026-04-06,2026-04-06
92400020,Gazole,2026-04-07,2026-04-08
92400020,Gazole,2026-04-08,2026-04-09
92400020,SP95,2022-11-13,
92400020,SP98,2025-01-21,2025-01-22
92400020,SP98,2026-03-29,2026-03-31
92400020,SP98,2026-03-31,2026-03-31
92400020,SP98,2026-04-01,2026-04-03
92400020,SP98,2026-04-03,2026-04-04
92400020,SP98,2026-04-04,2026-04-06
92400020,SP98,2026-04-06,2026-04-08
92400020,SP98,2026-04-08,2026-04-09
92400020,SP98,2026-04-09,2026-04-09
92400020,SP98,2026-04-10,2026-04-10
92400020,SP98,2026-04-11,2026-04-13
92400020,SP98,2026-04-14,2026-04-15
92400020,SP98,2026-04-16,2026-04-16
92400020,SP98,2026-04-30,2026-05-02
92400020,SP98,2026-05-02,2026-05-04
92400020,SP98,2026-05-05,2026-05-06
92400020,SP98,2026-05-09,2026-05-11
92400020,SP98,2026-05-11,2026-05-11
92400020,SP98,2026-05-12,2026-05-13
92400020,SP98,2026-05-15,2026-05-18
92400020,SP98,2026-05-26,2026-05-28
92400020,SP98,2026-05-30,2026-06-02
92400020,SP98,2026-06-03,2026-06-03
92400020,SP98,2026-06-07,2026-06-08
92400020,SP98,2026-07-13,2026-07-13
92400020,SP98,2026-07-16,2026-07-16
92400020,SP98,2026-07-26,2026-07-27
92400020,SP98,2026-07-28,2026-07-28
92400020,SP98,2026-08-03,2026-08-03
92400020,SP98,2026-08-31,2026-09-01
92400020,SP98,2026-09-07,2026-09-08
92400020,SP98,2026-09-08,2026-09-09
92400020,SP98,2026-09-09,2026-09-10
92400020,SP98,2026-09-11,2026-09-11
92400020,SP98,2026-09-16,2026-09-17
92400021,E10,2017-05-30,
92400021,E85,2017-09-19,
92400021,GPLc,2017-09-19,
92400021,Gazole,2017-05-29,
92400021,SP95,2017-09-19,
92400021,SP98,2017-03-21,
92410001,SP95,2009-11-04,
92420001,SP95,2011-01-23,
92420001,SP98,2016-07-20,
92420002,E10,2026-04-06,2026-04-07
92420002,E10,2026-04-07,2026-04-07
92420002,E10,2026-04-28,2026-04-28
92420002,E85,2023-11-07,
92420002,GPLc,2023-11-07,
92420002,Gazole,2025-06-17,2025-07-25
92420002,Gazole,2026-04-28,2026-04-28
92420002,SP95,2026-04-28,2026-04-28
92420002,SP95,2026-06-09,2026-06-09
92420002,SP98,2025-08-04,2025-08-16
92420002,SP98,2026-04-07,2026-04-07
92420002,SP98,2026-04-28,2026-04-28
92420002,SP98,2026-05-10,2026-05-11
92420002,SP98,2026-05-21,2026-05-22
92420002,SP98,2026-06-22,2026-06-23
92420002,SP98,2026-09-01,2026-09-02
92420003,E10,2026-04-30,
92420003,E85,2026-04-30,
92420003,GPLc,2026-04-30,
92420003,Gazole,2026-04-30,
92420003,SP95,2026-04-30,
92420003,SP98,2025-12-19,2026-04-21
92420003,SP98,2026-04-30,
92500001,SP95,2009-11-11,
92500002,E85,2013-09-30,
92500004,GPLc,2013-02-18,
92500004,SP95,2019-01-07,
92500005,GPLc,2008-07-01,
92500008,SP98,2016-07-20,
92500012,E10,2026-04-03,2026-04-03
92500012,E10,2026-04-05,2026-04-08
92500012,E10,2026-04-10,2026-04-11
92500012,E10,2026-04-14,2026-04-14
92500012,E10,2026-05-15,2026-05-16
92500012,E10,2026-05-18,2026-05-21
92500012,E10,2026-05-26,2026-05-27
92500012,E10,2026-05-31,2026-06-02
92500012,E10,2026-09-14,2026-09-15
92500012,E85,2021-12-29,
92500012,GPLc,2021-12-29,
92500012,Gazole,2026-03-13,2026-03-13
92500012,Gazole,2026-04-03,2026-04-03
92500012,Gazole,2026-04-05,2026-04-08
92500012,Gazole,2026-04-10,2026-04-10
92500012,Gazole,2026-04-13,2026-04-14
92500012,Gazole,2026-05-04,2026-05-05
92500012,SP95,2025-07-01,
92500012,SP98,2026-03-30,2026-04-01
92500012,SP98,2026-04-02,2026-04-03
92500012,SP98,2026-04-05,2026-04-08
92500012,SP98,2026-04-09,2026-04-11
92500012,SP98,2026-04-12,2026-04-14
92500012,SP98,2026-04-27,2026-04-29
92500012,SP98,2026-04-30,2026-05-05
92500012,SP98,2026-05-06,2026-05-06
92500012,SP98,2026-05-08,2026-05-12
92500012,SP98,2026-05-14,2026-05-16
92500012,SP98,2026-05-18,2026-05-21
92500012,SP98,2026-05-25,2026-05-27
92500012,SP98,2026-05-28,2026-05-29
92500012,SP98,2026-05-31,2026-06-02
92500012,SP98,2026-06-03,2026-06-08
92500012,SP98,2026-06-08,2026-06-10
92500012,SP98,2026-06-11,2026-06-15
92500012,SP98,2026-09-08,2026-09-10
92500012,SP98,2026-09-14,2026-09-15
92500012,SP98,2026-09-16,2026-09-17
92500012,SP98,2026-09-17,
92500013,E10,2026-04-02,2026-04-02
92500013,E10,2026-04-03,2026-04-07
92500013,E10,2026-04-09,2026-04-10
92500013,E10,2026-04-12,2026-04-13
92500013,E10,2026-04-17,2026-04-17
92500013,E10,2026-05-04,2026-05-04
92500013,E10,2026-05-09,2026-05-11
92500013,E10,2026-05-14,2026-05-15
92500013,E10,2026-05-18,2026-05-19
92500013,E10,2026-05-25,2026-05-27
92500013,E10,2026-05-31,2026-06-01
92500013,E10,2026-09-16,2026-09-17
92500013,E85,2026-05-04,
92500013,GPLc,2026-05-04,
92500013,Gazole,2026-04-04,2026-04-07
92500013,Gazole,2026-04-10,2026-04-10
92500013,Gazole,2026-04-14,2026-04-14
92500013,SP95,2026-04-02,2026-04-02
92500013,SP95,2026-04-13,2026-04-14
92500013,SP95,2026-05-04,
92500013,SP98,2025-06-23,2025-07-11
92500013,SP98,2026-03-16,2026-03-17
92500013,SP98,2026-03-30,2026-03-31
92500013,SP98,2026-04-01,2026-04-02
92500013,SP98,2026-04-03,2026-04-07
92500013,SP98,2026-04-09,2026-04-10
92500013,SP98,2026-04-12,2026-04-14
92500013,SP98,2026-04-16,2026-04-17
92500013,SP98,2026-04-20,2026-04-21
92500013,SP98,2026-04-27,2026-04-27
92500013,SP98,2026-05-01,2026-05-04
92500013,SP98,2026-05-06,2026-05-06
92500013,SP98,2026-05-08,2026-05-11
92500013,SP98,2026-05-14,2026-05-15
92500013,SP98,2026-05-18,2026-05-19
92500013,SP98,2026-05-20,2026-05-20
92500013,SP98,2026-05-25,2026-06-03
92500013,SP98,2026-06-10,2026-06-11
92500013,SP98,2026-09-01,2026-09-07
92500013,SP98,2026-09-08,2026-09-09
92500013,SP98,2026-09-10,2026-09-14
92500013,SP98,2026-09-15,2026-09-17
92500015,E10,2025-02-05,2025-02-12
92500015,E10,2025-02-12,2025-04-03
92500015,E10,2025-11-18,2026-01-07
92500015,Gazole,2025-02-12,2025-02-12
92500015,SP95,2025-02-05,2025-02-05
92500015,SP95,2025-02-12,2025-02-12
92500015,SP98,2025-02-12,2025-02-12
92500016,GPLc,2022-03-21,
92500016,SP95,2022-05-06,
92500017,E85,2025-02-18,2025-02-20
92500017,GPLc,2022-05-13,
92500017,SP95,2022-05-13,
92600003,E85,2013-07-07,
92600003,GPLc,2013-07-07,
92600003,SP95,2013-07-07,
92600004,SP95,2009-12-03,
92600005,SP98,2013-07-09,
92600009,E10,2025-06-10,2025-06-10
92600009,E10,2026-04-03,2026-04-03
92600009,E10,2026-04-04,2026-04-07
92600009,E10,2026-04-12,2026-04-13
92600009,E10,2026-05-04,2026-05-06
92600009,E10,2026-05-10,2026-05-11
92600009,E10,2026-05-12,2026-05-12
92600009,E10,2026-05-14,2026-05-15
92600009,E10,2026-05-18,2026-05-18
92600009,E10,2026-05-24,2026-05-26
92600009,E10,2026-05-27,2026-05-27
92600009,E10,2026-05-28,2026-05-28
92600009,E10,2026-06-15,2026-06-15
92600009,E10,2026-07-12,2026-07-13
92600009,E10,2026-07-14,2026-07-15
92600009,E10,2026-07-19,2026-07-20
92600009,E10,2026-07-27,2026-07-28
92600009,E10,2026-08-10,2026-08-10
92600009,E10,2026-08-17,2026-08-18
92600009,E10,2026-08-24,2026-08-24
92600009,E10,2026-08-31,2026-08-31
92600009,E10,2026-09-03,2026-09-03
92600009,E10,2026-09-04,2026-09-04
92600009,E10,2026-09-06,2026-09-07
92600009,E85,2024-12-18,
92600009,GPLc,2024-12-18,
92600009,Gazole,2025-03-12,2025-03-13
92600009,Gazole,2025-05-12,2025-05-12
92600009,Gazole,2025-06-10,2025-06-10
92600009,Gazole,2025-06-19,2025-06-19
92600009,Gazole,2025-06-30,2025-06-30
92600009,Gazole,2026-03-29,2026-03-30
92600009,Gazole,2026-03-30,2026-03-31
92600009,Gazole,2026-03-31,2026-04-01
92600009,Gazole,2026-04-03,2026-04-03
92600009,Gazole,2026-04-04,2026-04-07
92600009,Gazole,2026-04-08,2026-04-08
92600009,Gazole,2026-04-10,2026-04-13
92600009,Gazole,2026-04-13,2026-04-14
92600009,Gazole,2026-04-15,2026-04-15
92600009,Gazole,2026-04-16,2026-04-16
92600009,Gazole,2026-04-17,2026-04-17
92600009,Gazole,2026-04-20,2026-04-20
92600009,Gazole,2026-05-04,2026-05-06
92600009,Gazole,2026-05-10,2026-05-11
92600009,Gazole,2026-05-13,2026-05-13
92600009,Gazole,2026-05-18,2026-05-18
92600009,Gazole,2026-05-19,2026-05-19
92600009,Gazole,2026-05-24,2026-05-26
92600009,Gazole,2026-05-27,2026-05-27
92600009,Gazole,2026-05-28,2026-05-28
92600009,Gazole,2026-05-30,2026-06-01
92600009,Gazole,2026-06-02,2026-06-02
92600009,Gazole,2026-06-15,2026-06-15
92600009,Gazole,2026-06-22,2026-06-23
92600009,Gazole,2026-06-26,2026-06-26
92600009,Gazole,2026-07-06,2026-07-06
92600009,Gazole,2026-07-12,2026-07-13
92600009,Gazole,2026-07-13,2026-07-15
92600009,Gazole,2026-07-16,2026-07-16
92600009,Gazole,2026-07-19,2026-07-20
92600009,Gazole,2026-07-27,2026-07-28
92600009,Gazole,2026-08-10,2026-08-10
92600009,Gazole,2026-08-17,2026-08-18
92600009,Gazole,2026-08-31,2026-08-31
92600009,Gazole,2026-09-04,2026-09-04
92600009,Gazole,2026-09-06,2026-09-07
92600009,SP95,2024-12-18,
92600009,SP98,2025-03-12,2025-03-13
92600009,SP98,2025-05-12,2025-05-12
92600009,SP98,2025-06-10,2025-06-10
92600009,SP98,2026-03-29,2026-03-30
92600009,SP98,2026-03-30,2026-03-31
92600009,SP98,2026-04-01,2026-04-02
92600009,SP98,2026-04-03,2026-04-03
92600009,SP98,2026-04-04,2026-04-07
92600009,SP98,2026-04-08,2026-04-09
92600009,SP98,2026-04-10,2026-04-13
92600009,SP98,2026-04-13,2026-04-14
92600009,SP98,2026-04-16,2026-04-16
92600009,SP98,2026-04-20,2026-04-20
92600009,SP98,2026-04-21,2026-04-22
92600009,SP98,2026-04-24,2026-04-24
92600009,SP98,2026-04-27,2026-04-27
92600009,SP98,2026-04-30,2026-05-06
92600009,SP98,2026-05-08,2026-05-09
92600009,SP98,2026-05-09,2026-05-11
92600009,SP98,2026-05-12,2026-05-13
92600009,SP98,2026-05-14,2026-05-15
92600009,SP98,2026-05-18,2026-05-19
92600009,SP98,2026-05-20,2026-05-21
92600009,SP98,2026-05-21,2026-05-22
92600009,SP98,2026-05-24,2026-05-26
92600009,SP98,2026-05-26,2026-05-27
92600009,SP98,2026-05-27,2026-05-28
92600009,SP98,2026-05-29,2026-05-29
92600009,SP98,2026-06-01,2026-06-02
92600009,SP98,2026-06-03,2026-06-04
92600009,SP98,2026-06-07,2026-06-08
92600009,SP98,2026-06-08,2026-06-09
92600009,SP98,2026-06-15,2026-06-15
92600009,SP98,2026-06-22,2026-06-23
92600009,SP98,2026-06-26,2026-06-26
92600009,SP98,2026-07-06,2026-07-06
92600009,SP98,2026-07-12,2026-07-13
92600009,SP98,2026-07-13,2026-07-15
92600009,SP98,2026-07-16,2026-07-16
92600009,SP98,2026-07-19,2026-07-20
92600009,SP98,2026-07-27,2026-07-28
92600009,SP98,2026-08-10,2026-08-10
92600009,SP98,2026-08-17,2026-08-18
92600009,SP98,2026-08-19,2026-08-19
92600009,SP98,2026-08-24,2026-08-24
92600009,SP98,2026-08-31,2026-08-31
92600009,SP98,2026-09-03,2026-09-07
92700002,SP98,2016-07-20,
92700005,E85,2010-09-05,
92700005,SP95,2014-07-03,
92700014,SP98,2016-07-20,
92700015,E10,2017-09-20,
92700015,E85,2017-09-20,
92700015,GPLc,2017-09-20,
92700018,SP98,2016-07-20,
92700019,E10,2022-12-21,
92700019,E85,2022-12-21,
92700019,GPLc,2022-12-21,
92700019,Gazole,2022-12-21,
92700019,SP95,2022-12-21,
92700019,SP98,2022-12-21,
92700020,E85,2018-07-07,
92700020,SP95,2018-07-07,
92700021,SP98,2016-11-03,
92700022,SP98,2017-12-05,
92700024,E85,2024-11-27,
92700024,SP95,2024-11-27,
92800001,SP98,2013-07-09,
92800007,E10,2025-11-29,2026-01-07
92800007,E10,2026-03-09,2026-03-23
92800007,E10,2026-04-08,2026-04-10
92800007,E85,2026-03-16,2026-03-23
92800007,GPLc,2026-03-16,2026-03-23
92800007,Gazole,2026-03-16,2026-03-23
92800007,Gazole,2026-04-15,2026-04-15
92800007,SP95,2026-03-16,2026-03-23
92800007,SP95,2026-04-21,2026-04-24
92800007,SP98,2025-11-29,2026-01-07
92800007,SP98,2026-03-09,2026-03-23
92800007,SP98,2026-04-08,2026-04-10
92800007,SP98,2026-04-24,
92800008,E10,2025-03-20,2025-10-07
92800008,SP98,2025-03-20,2025-10-07
93000001,GPLc,2026-04-29,
93000001,Gazole,2025-09-24,2025-09-26
93000001,Gazole,2026-04-30,
93000001,SP98,2026-04-30,
93000003,E10,2010-04-30,
93000003,E85,2010-04-30,
93000003,GPLc,2010-04-30,
93000007,E85,2017-09-25,
93000007,GPLc,2017-09-25,
93000007,SP95,2017-09-25,
93000008,E85,2011-08-16,
93000008,GPLc,2011-08-16,
93000008,SP95,2013-05-16,
93000008,SP98,2013-10-17,
93000009,E85,2012-05-14,
93000009,GPLc,2012-05-14,
93000009,SP95,2013-09-06,
93000009,SP98,2013-09-06,
93000010,E10,2026-04-01,2026-04-07
93000010,E10,2026-04-07,2026-04-08
93000010,E10,2026-04-08,2026-04-09
93000010,E10,2026-05-04,2026-05-04
93000010,E10,2026-05-05,2026-05-05
93000010,E10,2026-05-17,2026-05-18
93000010,E10,2026-05-26,2026-05-27
93000010,E10,2026-06-01,2026-06-02
93000010,E10,2026-06-18,2026-06-18
93000010,E10,2026-06-29,2026-06-29
93000010,E10,2026-07-13,2026-07-16
93000010,E10,2026-07-20,2026-07-20
93000010,E10,2026-08-03,2026-08-05
93000010,E10,2026-08-10,2026-08-11
93000010,E10,2026-08-17,2026-08-18
93000010,E10,2026-09-07,2026-09-07
93000010,E10,2026-09-14,2026-09-14
93000010,E10,2026-09-16,2026-09-16
93000010,E85,2017-09-18,
93000010,GPLc,2017-09-18,
93000010,Gazole,2026-04-01,2026-04-03
93000010,Gazole,2026-04-06,2026-04-07
93000010,Gazole,2026-04-07,2026-04-08
93000010,Gazole,2026-04-08,2026-04-09
93000010,Gazole,2026-04-20,2026-04-25
93000010,Gazole,2026-05-04,2026-05-05
93000010,Gazole,2026-05-17,2026-05-18
93000010,Gazole,2026-05-26,2026-05-28
93000010,Gazole,2026-05-31,2026-06-02
93000010,Gazole,2026-06-18,2026-06-18
93000010,Gazole,2026-06-22,2026-06-22
93000010,Gazole,2026-06-29,2026-06-29
93000010,Gazole,2026-07-04,2026-07-06
93000010,Gazole,2026-07-13,2026-07-15
93000010,Gazole,2026-07-19,2026-07-20
93000010,Gazole,2026-07-27,2026-07-31
93000010,Gazole,2026-08-02,2026-08-05
93000010,Gazole,2026-08-10,2026-08-11
93000010,Gazole,2026-08-17,2026-08-18
93000010,Gazole,2026-09-09,2026-09-10
93000010,Gazole,2026-09-14,2026-09-14
93000010,SP95,2017-09-18,
93000010,SP98,2026-04-01,2026-04-03
93000010,SP98,2026-04-06,2026-04-07
93000010,SP98,2026-04-07,2026-04-08
93000010,SP98,2026-04-08,2026-04-09
93000010,SP98,2026-05-04,2026-05-05
93000010,SP98,2026-05-17,2026-05-18
93000010,SP98,2026-05-26,2026-05-27
93000010,SP98,2026-06-01,2026-06-02
93000010,SP98,2026-06-08,2026-06-12
93000010,SP98,2026-07-13,2026-07-15
93000010,SP98,2026-07-19,2026-07-20
93000010,SP98,2026-07-27,2026-07-31
93000010,SP98,2026-08-02,2026-08-05
93000010,SP98,2026-08-10,2026-08-11
93000010,SP98,2026-08-17,2026-08-18
93000010,SP98,2026-08-28,2026-09-01
93000010,SP98,2026-09-02,2026-09-08
93000010,SP98,2026-09-14,2026-09-14
93000010,SP98,2026-09-15,2026-09-16
93000011,E10,2025-05-04,2025-05-21
93000011,E10,2025-09-30,2025-10-01
93000011,E10,2026-01-19,2026-01-21
93000011,E85,2025-05-04,2025-05-21
93000011,E85,2025-10-07,2025-10-08
93000011,E85,2025-11-03,2025-11-05
93000011,Gazole,2025-05-04,2025-05-21
93000011,Gazole,2025-10-07,2025-10-08
93000011,Gazole,2026-01-19,2026-01-21
93000011,SP95,2025-05-04,2025-05-21
93000011,SP98,2025-05-04,2025-05-21
93000011,SP98,2025-09-29,2025-09-30
93000011,SP98,2025-09-30,2025-10-01
93100001,SP95,2010-11-18,
93100004,SP98,2016-07-20,
93100005,E10,2010-10-18,
93100005,E85,2010-10-18,
93100005,GPLc,2010-10-18,
93100005,Gazole,2010-10-18,
93100005,SP95,2010-10-18,
93100006,E10,2019-07-17,
93100006,E85,2009-09-22,
93100006,GPLc,2008-10-27,
93100006,Gazole,2019-09-10,
93100006,SP95,2019-09-10,
93100006,SP98,2019-09-10,
93100007,E10,2009-04-17,
93100007,SP95,2009-04-17,
93100009,E85,2010-03-10,
93100009,GPLc,2010-03-10,
93100009,SP95,2010-03-10,
93100010,E85,2013-08-14,
93100010,GPLc,2013-08-14,
93100010,SP95,2010-02-26,
93100011,E85,2019-12-25,
93100011,GPLc,2019-12-25,
93100011,Gazole,2025-09-24,2025-10-08
93100011,SP95,2019-12-25,
93100014,E10,2026-03-31,2026-03-31
93100014,E10,2026-04-03,2026-04-03
93100014,E10,2026-04-04,2026-04-08
93100014,E10,2026-04-10,2026-04-10
93100014,E10,2026-04-13,2026-04-14
93100014,E10,2026-04-14,2026-04-14
93100014,E10,2026-04-26,2026-04-27
93100014,E10,2026-05-04,2026-05-04
93100014,E10,2026-05-18,2026-05-19
93100014,E10,2026-09-15,2026-09-15
93100014,E85,2026-03-31,2026-03-31
93100014,E85,2026-04-02,2026-04-02
93100014,E85,2026-04-03,2026-04-03
93100014,E85,2026-04-04,2026-04-08
93100014,E85,2026-04-10,2026-04-10
93100014,E85,2026-04-13,2026-04-14
93100014,E85,2026-04-25,2026-04-27
93100014,E85,2026-05-14,2026-05-20
93100014,E85,2026-05-25,2026-05-27
93100014,GPLc,2026-03-31,
93100014,Gazole,2026-03-31,2026-03-31
93100014,Gazole,2026-04-01,2026-04-02
93100014,Gazole,2026-04-03,2026-04-03
93100014,Gazole,2026-04-09,2026-04-10
93100014,Gazole,2026-04-13,2026-04-14
93100014,Gazole,2026-04-25,2026-04-27
93100014,Gazole,2026-05-12,2026-05-12
93100014,Gazole,2026-05-18,2026-05-19
93100014,Gazole,2026-09-17,2026-09-17
93100014,SP95,2026-04-02,2026-04-02
93100014,SP98,2026-03-31,2026-03-31
93100014,SP98,2026-04-01,2026-04-02
93100014,SP98,2026-04-03,2026-04-03
93100014,SP98,2026-04-04,2026-04-08
93100014,SP98,2026-04-09,2026-04-10
93100014,SP98,2026-04-12,2026-04-14
93100014,SP98,2026-04-14,2026-04-14
93100014,SP98,2026-04-25,2026-04-27
93100014,SP98,2026-05-01,2026-05-07
93100014,SP98,2026-05-12,2026-05-12
93100014,SP98,2026-05-13,2026-05-13
93100014,SP98,2026-05-14,2026-05-19
93100014,SP98,2026-05-21,2026-05-26
93100014,SP98,2026-09-15,2026-09-15
93100014,SP98,2026-09-17,
93100015,E10,2025-09-15,2025-09-16
93100015,E10,2025-09-29,2025-09-30
93100015,E10,2025-11-04,2025-11-06
93100015,E10,2025-11-10,2025-11-13
93100015,E10,2025-11-24,2025-11-25
93100015,E10,2025-12-01,2025-12-02
93100015,E10,2025-12-08,2025-12-09
93100015,E10,2026-04-02,2026-04-03
93100015,E10,2026-04-05,2026-04-07
93100015,E10,2026-04-08,2026-04-09
93100015,E10,2026-04-12,2026-04-13
93100015,E10,2026-04-13,2026-04-14
93100015,E10,2026-07-15,2026-07-15
93100015,E10,2026-08-03,2026-08-04
93100015,E10,2026-08-25,2026-08-25
93100015,E10,2026-09-14,2026-09-15
93100015,E10,2026-09-16,2026-09-17
93100015,E85,2025-09-15,2025-09-16
93100015,E85,2025-11-10,2025-11-13
93100015,E85,2025-12-01,2025-12-02
93100015,E85,2026-01-26,2026-01-27
93100015,E85,2026-03-02,2026-03-03
93100015,E85,2026-04-05,2026-04-07
93100015,E85,2026-04-12,2026-04-13
93100015,E85,2026-04-14,2026-04-14
93100015,E85,2026-05-29,2026-06-01
93100015,GPLc,2022-10-21,
93100015,Gazole,2026-04-02,2026-04-03
93100015,Gazole,2026-04-05,2026-04-07
93100015,Gazole,2026-04-12,2026-04-13
93100015,Gazole,2026-04-13,2026-04-14
93100015,SP95,2022-10-21,
93100015,SP98,2025-09-29,2025-09-30
93100015,SP98,2025-11-10,2025-11-13
93100015,SP98,2025-11-24,2025-11-25
93100015,SP98,2025-12-01,2025-12-02
93100015,SP98,2025-12-08,2025-12-09
93100015,SP98,2026-01-26,2026-01-27
93100015,SP98,2026-03-02,2026-03-03
93100015,SP98,2026-03-09,2026-03-10
93100015,SP98,2026-03-30,2026-03-31
93100015,SP98,2026-04-02,2026-04-03
93100015,SP98,2026-04-05,2026-04-07
93100015,SP98,2026-04-08,2026-04-09
93100015,SP98,2026-04-12,2026-04-14
93100015,SP98,2026-04-15,2026-04-16
93100015,SP98,2026-04-16,2026-04-17
93100015,SP98,2026-04-24,2026-04-28
93100015,SP98,2026-05-04,2026-05-08
93100015,SP98,2026-05-11,2026-05-13
93100015,SP98,2026-05-25,2026-05-27
93100015,SP98,2026-05-28,2026-06-02
93100015,SP98,2026-06-03,2026-06-04
93100015,SP98,2026-06-04,2026-06-08
93100015,SP98,2026-06-08,2026-06-10
93100015,SP98,2026-07-15,2026-07-15
93100015,SP98,2026-07-20,2026-07-21
93100015,SP98,2026-07-27,2026-07-27
93100015,SP98,2026-08-03,2026-08-04
93100015,SP98,2026-08-05,2026-08-06
93100015,SP98,2026-08-07,2026-08-10
93100015,SP98,2026-08-17,2026-08-28
93100015,SP98,2026-08-30,2026-09-01
93100015,SP98,2026-09-03,2026-09-08
93100015,SP98,2026-09-11,2026-09-14
93100015,SP98,2026-09-14,2026-09-15
93100015,SP98,2026-09-16,2026-09-17
93100018,E10,2022-10-05,
93100018,E85,2022-10-05,
93100018,GPLc,2021-12-15,
93100018,SP95,2022-09-23,
93100019,GPLc,2022-10-13,
93100019,SP95,2022-10-13,
93100019,SP98,2022-10-18,
93110002,E10,2014-11-21,
93110002,E85,2014-11-21,
93110002,GPLc,2014-11-21,
93110002,Gazole,2014-11-21,
93110002,SP95,2009-11-02,
93110002,SP98,2014-11-21,
93110004,E85,2010-10-30,
93110004,SP95,2010-10-30,
93110005,E10,2026-04-02,2026-04-02
93110005,E10,2026-04-03,2026-04-09
93110005,E10,2026-04-09,2026-04-10
93110005,E10,2026-04-14,2026-04-14
93110005,E10,2026-04-15,2026-04-16
93110005,E85,2026-04-02,2026-04-02
93110005,E85,2026-04-04,2026-04-07
93110005,E85,2026-04-08,2026-04-09
93110005,Gazole,2026-04-02,2026-04-02
93110005,Gazole,2026-04-04,2026-04-05
93110005,Gazole,2026-04-06,2026-04-07
93110005,Gazole,2026-04-08,2026-04-09
93110005,Gazole,2026-04-14,2026-04-14
93110005,SP95,2017-09-27,
93110005,SP98,2026-04-02,2026-04-02
93110005,SP98,2026-04-03,2026-04-07
93110005,SP98,2026-04-07,2026-04-09
93110005,SP98,2026-04-09,2026-04-10
93110005,SP98,2026-04-11,2026-04-13
93110005,SP98,2026-04-13,2026-04-14
93110005,SP98,2026-04-15,2026-04-16
93110005,SP98,2026-05-31,2026-06-04
93110006,E85,2026-07-30,
93110006,GPLc,2026-07-30,
93110006,SP95,2026-09-02,
93110006,SP98,2026-07-30,
93120002,E85,2010-07-01,
93120002,SP95,2010-07-01,
93120004,E10,2025-09-01,2025-09-01
93120004,E10,2025-09-22,2025-09-22
93120004,E10,2026-04-05,2026-04-06
93120004,E10,2026-05-01,2026-05-02
93120004,E10,2026-05-03,2026-05-04
93120004,E10,2026-05-04,2026-05-04
93120004,E10,2026-05-11,2026-05-11
93120004,E10,2026-05-14,2026-05-15
93120004,E10,2026-05-24,2026-05-25
93120004,E10,2026-05-31,2026-06-01
93120004,E10,2026-06-07,2026-06-08
93120004,E10,2026-06-22,2026-06-22
93120004,E10,2026-06-23,2026-06-23
93120004,E10,2026-07-06,2026-07-06
93120004,E10,2026-07-12,2026-07-12
93120004,E10,2026-07-15,2026-07-15
93120004,E10,2026-07-19,2026-07-20
93120004,E10,2026-07-27,2026-07-27
93120004,E10,2026-08-17,2026-08-17
93120004,E10,2026-08-31,2026-08-31
93120004,E10,2026-09-06,2026-09-07
93120004,E10,2026-09-07,2026-09-07
93120004,E10,2026-09-13,2026-09-14
93120004,E10,2026-09-15,2026-09-15
93120004,E85,2026-04-06,2026-04-06
93120004,E85,2026-05-18,2026-05-19
93120004,GPLc,2020-12-14,2025-08-13
93120004,GPLc,2025-10-25,2025-10-28
93120004,Gazole,2025-06-11,2025-06-11
93120004,Gazole,2026-04-05,2026-04-05
93120004,Gazole,2026-04-06,2026-04-06
93120004,SP95,2022-09-20,2026-05-04
93120004,SP95,2026-05-04,2026-05-10
93120004,SP95,2026-05-10,2026-05-11
93120004,SP95,2026-05-11,
93120004,SP98,2026-04-05,2026-04-06
93120004,SP98,2026-04-13,2026-04-13
93120004,SP98,2026-05-01,2026-05-02
93120004,SP98,2026-05-03,2026-05-04
93120004,SP98,2026-05-10,2026-05-10
93120004,SP98,2026-05-11,2026-05-11
93120004,SP98,2026-05-12,2026-05-13
93120004,SP98,2026-05-14,2026-05-15
93120004,SP98,2026-05-17,2026-05-17
93120004,SP98,2026-05-24,2026-05-25
93120004,SP98,2026-05-26,2026-05-26
93120004,SP98,2026-05-31,2026-06-01
93120004,SP98,2026-06-02,2026-06-02
93120004,SP98,2026-06-07,2026-06-08
93120004,SP98,2026-06-14,2026-06-22
93120004,SP98,2026-07-06,2026-07-06
93120004,SP98,2026-07-12,2026-07-15
93120004,SP98,2026-07-16,2026-07-16
93120004,SP98,2026-07-27,2026-07-27
93120004,SP98,2026-08-17,2026-08-17
93120004,SP98,2026-08-30,2026-08-31
93120004,SP98,2026-09-05,2026-09-07
93120004,SP98,2026-09-11,2026-09-14
93120004,SP98,2026-09-14,2026-09-14
93120004,SP98,2026-09-15,2026-09-15
93120005,E10,2026-06-09,2026-06-09
93120005,E10,2026-06-22,2026-06-23
93120005,E10,2026-07-13,2026-07-15
93120005,E10,2026-07-20,2026-07-22
93120005,E85,2026-05-17,2026-05-19
93120005,GPLc,2022-03-09,2026-07-29
93120005,SP95,2022-10-13,2026-07-21
93120005,SP95,2026-07-22,
93120005,SP98,2026-04-05,2026-04-06
93120005,SP98,2026-04-06,2026-04-07
93120005,SP98,2026-05-03,2026-05-05
93120005,SP98,2026-05-11,2026-05-12
93120005,SP98,2026-05-14,2026-05-15
93120005,SP98,2026-05-18,2026-05-18
93120005,SP98,2026-05-25,2026-05-26
93120005,SP98,2026-05-26,2026-05-26
93120005,SP98,2026-05-28,2026-05-28
93120005,SP98,2026-05-29,2026-05-29
93120005,SP98,2026-05-30,2026-06-01
93120005,SP98,2026-06-09,2026-06-09
93120005,SP98,2026-07-14,2026-07-15
93120005,SP98,2026-07-27,2026-07-27
93120005,SP98,2026-08-03,2026-08-04
93120005,SP98,2026-08-31,2026-08-31
93120005,SP98,2026-09-06,2026-09-07
93120005,SP98,2026-09-13,2026-09-14
93130001,E85,2010-03-29,
93130001,GPLc,2010-03-29,
93130001,SP95,2010-12-11,
93130002,SP95,2009-04-21,
93130004,SP98,2016-07-20,
93130006,E10,2025-09-20,2025-09-29
93130006,E10,2025-09-30,2025-10-06
93130006,E10,2026-03-14,2026-06-04
93130006,E10,2026-06-05,2026-06-16
93130006,E85,2022-10-26,
93130006,GPLc,2022-10-26,
93130006,Gazole,2026-03-14,2026-06-04
93130006,Gazole,2026-06-05,2026-06-16
93130006,SP95,2022-10-26,
93130006,SP98,2025-03-07,2026-06-16
93130006,SP98,2026-06-16,
93130007,GPLc,2026-02-27,2026-03-08
93130007,GPLc,2026-03-12,2026-03-24
93130008,SP95,2014-12-12,
93130009,E10,2026-04-02,2026-04-07
93130009,E10,2026-04-07,2026-04-09
93130009,E10,2026-04-11,2026-04-13
93130009,E10,2026-04-13,2026-04-13
93130009,E10,2026-04-14,2026-04-14
93130009,E10,2026-04-15,2026-04-16
93130009,E10,2026-04-20,2026-04-21
93130009,E10,2026-05-15,2026-05-18
93130009,E10,2026-06-02,2026-06-04
93130009,E85,2022-10-21,
93130009,GPLc,2022-10-21,
93130009,Gazole,2026-04-02,2026-04-07
93130009,Gazole,2026-04-07,2026-04-09
93130009,Gazole,2026-04-13,2026-04-13
93130009,Gazole,2026-04-14,2026-04-14
93130009,Gazole,2026-04-15,2026-04-16
93130009,Gazole,2026-04-20,2026-04-21
93130009,Gazole,2026-05-15,2026-05-18
93130009,Gazole,2026-06-02,2026-06-04
93130009,SP95,2022-10-21,
93130009,SP98,2026-04-02,2026-04-07
93130009,SP98,2026-04-07,2026-04-09
93130009,SP98,2026-04-09,2026-04-13
93130009,SP98,2026-04-13,2026-04-14
93130009,SP98,2026-04-15,2026-04-16
93130009,SP98,2026-04-20,2026-04-21
93130009,SP98,2026-05-15,2026-05-18
93130009,SP98,2026-05-31,2026-06-04
93130010,SP98,2017-07-13,
93130011,E10,2025-12-01,2025-12-02
93130011,E10,2026-04-07,2026-04-08
93130011,E85,2025-12-01,2025-12-02
93130011,E85,2026-04-07,2026-04-08
93130011,Gazole,2025-12-01,2025-12-02
93130011,Gazole,2026-04-07,2026-04-08
93130011,SP95,2026-01-08,2026-01-09
93130011,SP98,2025-12-01,2025-12-02
93130011,SP98,2025-12-15,2025-12-17
93130011,SP98,2026-01-06,2026-01-09
93130011,SP98,2026-04-07,2026-04-08
93130011,SP98,2026-04-26,2026-04-29
93140001,SP98,2016-07-20,
93140002,E10,2026-03-03,2026-03-03
93140002,SP95,2009-10-19,
93140003,E10,2025-12-20,2025-12-22
93140003,E10,2026-04-05,2026-04-07
93140003,E10,2026-05-31,2026-06-01
93140003,E10,2026-06-28,2026-06-29
93140003,Gazole,2026-05-31,2026-06-10
93140003,SP95,2009-12-09,
93140003,SP98,2025-12-21,2025-12-22
93140003,SP98,2026-04-06,2026-04-07
93140003,SP98,2026-06-29,2026-06-29
93140004,E10,2026-04-07,2026-04-12
93140004,E10,2026-06-03,2026-06-03
93140004,Gazole,2025-10-06,2025-10-07
93140004,SP98,2026-04-07,2026-04-12
93140004,SP98,2026-06-03,2026-06-03
93160005,E10,2025-03-03,2025-03-03
93160005,E10,2026-04-06,2026-04-07
93160005,SP95,2009-11-18,
93160005,SP98,2025-01-20,2025-01-20
93160005,SP98,2025-03-03,2025-03-03
93160005,SP98,2025-10-31,2025-10-31
93160005,SP98,2025-11-30,2025-12-01
93160005,SP98,2025-12-02,2025-12-02
93160005,SP98,2026-04-06,2026-04-07
93160005,SP98,2026-07-14,2026-07-15
93160006,E10,2026-01-07,2026-01-08
93160006,E85,2016-05-26,
93160006,E85,2017-09-01,
93160006,GPLc,2016-05-26,
93160006,GPLc,2017-09-01,
93160006,Gazole,2026-04-28,2026-04-29
93160006,SP95,2026-07-03,
93170001,E85,2010-03-27,
93170001,GPLc,2010-03-27,
93170001,SP95,2012-12-20,
93170002,E10,2026-04-05,2026-04-08
93170002,E10,2026-04-09,2026-04-09
93170002,E10,2026-04-12,2026-04-13
93170002,E10,2026-05-25,2026-05-29
93170002,E10,2026-05-31,2026-06-01
93170002,E10,2026-06-04,2026-06-04
93170002,E10,2026-06-08,2026-06-08
93170002,E10,2026-07-11,2026-07-15
93170002,E10,2026-07-16,2026-07-21
93170002,E10,2026-07-27,2026-07-28
93170002,E10,2026-08-02,2026-08-03
93170002,E10,2026-08-17,2026-08-18
93170002,E10,2026-08-24,2026-08-26
93170002,E10,2026-08-30,2026-09-01
93170002,E10,2026-09-04,2026-09-07
93170002,E10,2026-09-08,2026-09-09
93170002,E10,2026-09-11,2026-09-14
93170002,E10,2026-09-14,2026-09-15
93170002,E10,2026-09-16,2026-09-17
93170002,E85,2023-02-10,
93170002,GPLc,2023-02-10,
93170002,Gazole,2026-04-02,2026-04-03
93170002,Gazole,2026-04-05,2026-04-08
93170002,Gazole,2026-04-09,2026-04-09
93170002,Gazole,2026-04-12,2026-04-13
93170002,Gazole,2026-04-15,2026-04-17
93170002,Gazole,2026-05-27,2026-05-28
93170002,Gazole,2026-06-08,2026-06-08
93170002,SP95,2023-02-10,
93170002,SP98,2026-03-31,2026-04-01
93170002,SP98,2026-04-05,2026-04-08
93170002,SP98,2026-04-09,2026-04-09
93170002,SP98,2026-04-12,2026-04-13
93170002,SP98,2026-05-25,2026-05-29
93170002,SP98,2026-05-29,2026-06-03
93170002,SP98,2026-06-04,2026-06-04
93170002,SP98,2026-06-08,2026-06-08
93170002,SP98,2026-06-09,2026-06-10
93170002,SP98,2026-06-11,2026-06-11
93170002,SP98,2026-07-11,2026-07-15
93170002,SP98,2026-07-20,2026-07-21
93170002,SP98,2026-07-27,2026-07-28
93170002,SP98,2026-08-02,2026-08-03
93170002,SP98,2026-08-17,2026-08-18
93170002,SP98,2026-08-24,2026-08-24
93170002,SP98,2026-08-30,2026-09-02
93170002,SP98,2026-09-04,2026-09-07
93170002,SP98,2026-09-07,2026-09-09
93170002,SP98,2026-09-11,2026-09-14
93170002,SP98,2026-09-14,2026-09-15
93170003,E10,2026-01-26,2026-01-29
93170003,E10,2026-02-02,
93200001,SP95,2009-04-21,
93200005,SP95,2009-12-18,
93200007,SP98,2016-07-20,
93200008,E10,2025-09-29,2025-10-08
93200008,Gazole,2026-04-26,2026-05-25
93210002,E85,2012-03-30,
93210002,GPLc,2012-03-30,
93210002,SP95,2009-09-25,
93210003,E10,2025-01-07,2025-01-07
93210003,E10,2025-06-16,2025-07-07
93210003,E10,2025-10-04,2025-10-06
93210003,E10,2026-01-12,2026-01-12
93210003,E10,2026-04-06,2026-04-07
93210003,E10,2026-04-08,2026-04-09
93210003,E10,2026-05-11,2026-05-11
93210003,E10,2026-05-25,2026-05-26
93210003,E10,2026-05-28,2026-05-29
93210003,E10,2026-05-30,2026-06-02
93210003,E10,2026-06-30,2026-06-30
93210003,E10,2026-07-14,2026-07-15
93210003,E10,2026-07-15,2026-07-16
93210003,E10,2026-08-30,2026-09-01
93210003,E10,2026-09-06,2026-09-07
93210003,E10,2026-09-09,2026-09-09
93210003,E10,2026-09-14,2026-09-14
93210003,E85,2024-05-16,2026-05-13
93210003,E85,2026-06-01,2026-06-02
93210003,E85,2026-06-09,
93210003,GPLc,2019-12-17,
93210003,Gazole,2025-10-06,2025-10-07
93210003,Gazole,2026-03-08,2026-03-09
93210003,Gazole,2026-03-31,2026-04-02
93210003,Gazole,2026-04-02,2026-04-03
93210003,Gazole,2026-04-03,2026-04-04
93210003,Gazole,2026-04-05,2026-04-08
93210003,Gazole,2026-04-10,2026-04-10
93210003,Gazole,2026-05-25,2026-05-25
93210003,Gazole,2026-06-01,2026-06-02
93210003,Gazole,2026-08-20,2026-08-20
93210003,SP95,2024-05-16,
93210003,SP98,2025-01-07,2025-01-07
93210003,SP98,2025-01-20,2025-01-28
93210003,SP98,2025-02-01,2025-02-19
93210003,SP98,2025-02-24,2025-04-22
93210003,SP98,2025-06-16,2025-06-16
93210003,SP98,2025-07-07,2025-07-09
93210003,SP98,2025-07-21,2025-08-13
93210003,SP98,2025-09-23,2025-09-23
93210003,SP98,2025-09-30,2025-10-02
93210003,SP98,2025-10-04,2025-10-06
93210003,SP98,2025-10-13,2025-10-13
93210003,SP98,2025-10-20,2025-10-20
93210003,SP98,2025-10-26,2025-10-27
93210003,SP98,2025-11-02,2025-11-03
93210003,SP98,2025-11-11,2025-11-12
93210003,SP98,2025-11-23,2025-11-24
93210003,SP98,2025-11-30,2025-12-01
93210003,SP98,2026-01-07,2026-01-08
93210003,SP98,2026-01-11,2026-01-12
93210003,SP98,2026-01-28,2026-01-28
93210003,SP98,2026-02-01,2026-02-02
93210003,SP98,2026-02-15,2026-02-16
93210003,SP98,2026-02-23,2026-03-08
93210003,SP98,2026-03-16,2026-03-19
93210003,SP98,2026-03-23,2026-03-23
93210003,SP98,2026-03-28,2026-03-30
93210003,SP98,2026-03-31,2026-04-02
93210003,SP98,2026-04-03,2026-04-04
93210003,SP98,2026-04-05,2026-04-07
93210003,SP98,2026-04-07,2026-04-09
93210003,SP98,2026-04-09,2026-04-10
93210003,SP98,2026-04-10,2026-04-13
93210003,SP98,2026-04-13,2026-04-14
93210003,SP98,2026-04-14,2026-04-16
93210003,SP98,2026-04-17,2026-04-17
93210003,SP98,2026-04-18,2026-04-20
93210003,SP98,2026-04-21,2026-04-22
93210003,SP98,2026-04-22,2026-04-23
93210003,SP98,2026-04-24,2026-04-24
93210003,SP98,2026-04-28,2026-04-29
93210003,SP98,2026-04-30,2026-05-04
93210003,SP98,2026-05-04,2026-05-05
93210003,SP98,2026-05-06,2026-05-11
93210003,SP98,2026-05-12,2026-05-15
93210003,SP98,2026-05-15,2026-05-16
93210003,SP98,2026-05-16,2026-05-18
93210003,SP98,2026-05-19,2026-05-20
93210003,SP98,2026-05-22,2026-05-22
93210003,SP98,2026-05-23,2026-05-26
93210003,SP98,2026-05-28,2026-05-29
93210003,SP98,2026-05-29,2026-06-02
93210003,SP98,2026-06-02,2026-06-09
93210003,SP98,2026-06-09,2026-06-10
93210003,SP98,2026-06-11,2026-06-12
93210003,SP98,2026-06-12,2026-06-13
93210003,SP98,2026-06-14,2026-06-15
93210003,SP98,2026-06-17,2026-06-18
93210003,SP98,2026-06-20,2026-06-22
93210003,SP98,2026-06-22,2026-06-23
93210003,SP98,2026-06-26,2026-06-27
93210003,SP98,2026-06-28,2026-06-30
93210003,SP98,2026-07-02,2026-07-03
93210003,SP98,2026-07-05,2026-07-06
93210003,SP98,2026-07-08,2026-07-08
93210003,SP98,2026-07-09,2026-07-10
93210003,SP98,2026-07-10,2026-07-13
93210003,SP98,2026-07-13,2026-07-15
93210003,SP98,2026-07-16,2026-07-17
93210003,SP98,2026-07-19,2026-07-20
93210003,SP98,2026-07-24,2026-07-24
93210003,SP98,2026-07-25,2026-07-27
93210003,SP98,2026-07-29,2026-07-29
93210003,SP98,2026-07-30,2026-07-31
93210003,SP98,2026-07-31,2026-08-03
93210003,SP98,2026-08-04,2026-08-04
93210003,SP98,2026-08-06,2026-08-10
93210003,SP98,2026-08-11,2026-08-12
93210003,SP98,2026-08-13,2026-08-14
93210003,SP98,2026-08-15,2026-08-17
93210003,SP98,2026-08-18,2026-08-18
93210003,SP98,2026-08-19,2026-08-20
93210003,SP98,2026-08-22,2026-08-27
93210003,SP98,2026-08-28,2026-09-07
93210003,SP98,2026-09-07,2026-09-08
93210003,SP98,2026-09-08,2026-09-09
93210003,SP98,2026-09-10,2026-09-12
93210003,SP98,2026-09-13,2026-09-14
93210003,SP98,2026-09-14,2026-09-15
93210003,SP98,2026-09-15,2026-09-17
93210003,SP98,2026-09-17,
93230003,SP95,2009-04-29,
93230004,E85,2010-04-01,
93230004,GPLc,2010-04-01,
93230004,SP95,2010-04-01,
93230005,E10,2025-03-03,2025-03-03
93230005,E10,2025-03-21,2025-04-04
93230005,E10,2025-04-21,2025-04-22
93230005,E10,2025-06-01,2025-06-02
93230005,E10,2025-06-02,2025-06-03
93230005,E10,2025-06-11,2025-06-13
93230005,E10,2025-06-19,2025-06-19
93230005,E10,2025-06-23,2025-06-23
93230005,E10,2025-06-24,2025-06-30
93230005,E10,2025-06-30,2025-07-01
93230005,E10,2025-07-03,2025-07-03
93230005,E10,2025-07-15,2025-07-15
93230005,E10,2025-08-14,2025-08-14
93230005,E10,2025-10-06,2025-10-06
93230005,E10,2025-12-08,2025-12-10
93230005,E10,2026-01-12,2026-01-12
93230005,E10,2026-01-19,2026-01-27
93230005,E10,2026-01-27,2026-01-30
93230005,E10,2026-03-02,2026-03-03
93230005,E10,2026-04-01,2026-04-07
93230005,E10,2026-04-08,2026-04-13
93230005,E10,2026-04-15,2026-04-16
93230005,E10,2026-04-19,2026-04-20
93230005,E10,2026-04-24,2026-04-24
93230005,E10,2026-04-27,2026-04-28
93230005,E10,2026-05-01,2026-05-04
93230005,E10,2026-05-11,2026-05-18
93230005,E10,2026-06-03,2026-06-03
93230005,E10,2026-07-14,2026-07-15
93230005,E10,2026-07-15,2026-07-20
93230005,E10,2026-08-03,2026-08-04
93230005,E10,2026-08-31,2026-09-01
93230005,E10,2026-09-03,2026-09-03
93230005,E10,2026-09-07,2026-09-07
93230005,E10,2026-09-09,2026-09-09
93230005,E10,2026-09-14,2026-09-15
93230005,E85,2021-12-15,
93230005,GPLc,2021-12-15,
93230005,Gazole,2025-06-01,2025-06-02
93230005,Gazole,2025-06-02,2025-06-03
93230005,Gazole,2025-06-19,2025-06-20
93230005,Gazole,2025-06-23,2025-06-23
93230005,Gazole,2025-06-26,2025-06-30
93230005,Gazole,2025-06-30,2025-07-01
93230005,Gazole,2025-08-14,2025-08-14
93230005,Gazole,2026-04-02,2026-04-07
93230005,Gazole,2026-04-08,2026-04-08
93230005,Gazole,2026-04-10,2026-04-13
93230005,Gazole,2026-04-19,2026-04-20
93230005,Gazole,2026-04-22,2026-04-22
93230005,Gazole,2026-05-02,2026-05-04
93230005,Gazole,2026-05-15,2026-05-15
93230005,SP95,2021-12-22,
93230005,SP98,2025-01-13,2025-01-13
93230005,SP98,2025-01-20,2025-01-21
93230005,SP98,2025-02-03,2025-02-03
93230005,SP98,2025-02-11,2025-02-27
93230005,SP98,2025-03-03,2025-03-03
93230005,SP98,2025-03-31,2025-04-01
93230005,SP98,2025-04-22,2025-04-22
93230005,SP98,2025-05-05,2025-05-05
93230005,SP98,2025-06-01,2025-06-03
93230005,SP98,2025-06-10,2025-06-13
93230005,SP98,2025-06-23,2025-06-23
93230005,SP98,2025-06-25,2025-07-01
93230005,SP98,2025-07-06,2025-07-07
93230005,SP98,2025-07-09,2025-07-09
93230005,SP98,2025-07-14,2025-07-15
93230005,SP98,2025-08-14,2025-08-14
93230005,SP98,2025-09-07,2025-09-08
93230005,SP98,2025-10-06,2025-10-06
93230005,SP98,2025-11-12,2025-11-12
93230005,SP98,2025-11-24,2025-11-24
93230005,SP98,2025-12-08,2025-12-08
93230005,SP98,2025-12-15,2025-12-15
93230005,SP98,2026-01-05,2026-01-05
93230005,SP98,2026-01-12,2026-01-12
93230005,SP98,2026-02-16,2026-02-16
93230005,SP98,2026-04-02,2026-04-07
93230005,SP98,2026-04-08,2026-04-08
93230005,SP98,2026-04-10,2026-04-13
93230005,SP98,2026-04-19,2026-04-20
93230005,SP98,2026-04-27,2026-04-28
93230005,SP98,2026-04-29,2026-04-29
93230005,SP98,2026-04-30,2026-05-04
93230005,SP98,2026-05-06,2026-05-07
93230005,SP98,2026-05-09,2026-05-15
93230005,SP98,2026-05-16,2026-05-19
93230005,SP98,2026-05-26,2026-05-27
93230005,SP98,2026-05-28,2026-06-03
93230005,SP98,2026-06-05,2026-06-06
93230005,SP98,2026-06-08,2026-06-09
93230005,SP98,2026-06-11,2026-06-11
93230005,SP98,2026-06-29,2026-06-30
93230005,SP98,2026-07-07,2026-07-08
93230005,SP98,2026-07-08,2026-07-15
93230005,SP98,2026-07-17,2026-07-20
93230005,SP98,2026-07-21,2026-07-21
93230005,SP98,2026-08-02,2026-08-04
93230005,SP98,2026-08-06,2026-08-08
93230005,SP98,2026-08-16,2026-08-17
93230005,SP98,2026-08-19,2026-08-20
93230005,SP98,2026-08-25,2026-09-07
93230005,SP98,2026-09-08,2026-09-09
93230005,SP98,2026-09-10,2026-09-11
93230005,SP98,2026-09-13,2026-09-15
93230005,SP98,2026-09-16,2026-09-17
93230006,Gazole,2021-03-15,
93230006,SP98,2021-03-15,
93250004,E85,2019-11-05,
93250004,GPLc,2019-11-05,
93250004,SP95,2020-03-02,
93250005,E10,2022-10-08,
93250005,E85,2020-02-23,
93250005,GPLc,2020-02-23,
93250005,Gazole,2022-10-08,
93250005,SP95,2022-10-08,
93250005,SP98,2022-10-08,
93250008,SP98,2016-07-20,
93250009,E10,2025-10-06,2025-10-08
93250009,E85,2025-10-07,2025-10-08
93250009,GPLc,2024-12-20,2025-10-08
93250009,GPLc,2026-03-05,2026-03-06
93250009,GPLc,2026-06-03,2026-06-18
93250009,Gazole,2025-10-06,2025-10-08
93250009,SP98,2025-10-07,2025-10-08
93250009,SP98,2025-12-11,2025-12-14
93260004,SP95,2009-04-08,
93260006,SP95,2014-11-18,
93260007,E10,2026-04-02,2026-04-08
93260007,E10,2026-04-09,2026-04-09
93260007,E10,2026-04-13,2026-04-13
93260007,E10,2026-04-14,2026-04-14
93260007,E10,2026-04-16,2026-05-05
93260007,E10,2026-05-05,2026-05-08
93260007,E10,2026-05-18,2026-05-18
93260007,E10,2026-06-09,2026-06-09
93260007,E10,2026-06-11,2026-06-13
93260007,E10,2026-06-15,2026-06-15
93260007,E85,2026-04-17,2026-05-05
93260007,E85,2026-05-08,2026-05-09
93260007,E85,2026-05-10,2026-05-12
93260007,E85,2026-05-13,2026-05-13
93260007,E85,2026-05-18,2026-05-19
93260007,E85,2026-06-15,2026-06-15
93260007,Gazole,2026-04-07,2026-04-08
93260007,Gazole,2026-04-17,2026-05-05
93260007,Gazole,2026-05-05,2026-05-08
93260007,Gazole,2026-06-09,2026-06-09
93260007,Gazole,2026-06-15,2026-06-15
93260007,SP98,2026-04-02,2026-04-08
93260007,SP98,2026-04-09,2026-04-09
93260007,SP98,2026-04-13,2026-04-13
93260007,SP98,2026-04-14,2026-04-14
93260007,SP98,2026-04-15,2026-05-05
93260007,SP98,2026-05-05,2026-05-09
93260007,SP98,2026-05-10,2026-05-11
93260007,SP98,2026-05-12,2026-05-13
93260007,SP98,2026-05-14,2026-05-16
93260007,SP98,2026-05-16,2026-05-18
93260007,SP98,2026-06-09,2026-06-09
93260007,SP98,2026-06-11,2026-06-13
93260007,SP98,2026-06-15,2026-06-15
93260007,SP98,2026-09-13,2026-09-14
93300001,Gazole,2025-09-24,2025-09-26
93300002,SP98,2016-07-20,
93300003,E10,2025-10-07,2025-10-08
93300003,Gazole,2025-10-07,2025-10-08
93300004,SP95,2009-12-16,
93300007,E85,2010-04-01,
93300007,GPLc,2010-04-01,
93300007,SP95,2013-04-29,
93300008,E85,2018-07-07,
93300008,GPLc,2018-07-07,
93300008,Gazole,2025-07-18,2025-07-19
93300009,E10,2025-07-16,2025-07-16
93300009,E10,2026-04-05,2026-04-07
93300009,E10,2026-05-11,2026-05-11
93300009,E10,2026-05-29,2026-05-29
93300009,E10,2026-06-02,2026-06-03
93300009,E10,2026-06-21,2026-06-22
93300009,E10,2026-07-15,2026-07-16
93300009,E10,2026-07-20,2026-07-20
93300009,E10,2026-07-27,2026-07-27
93300009,E10,2026-08-03,2026-08-03
93300009,E10,2026-08-10,2026-08-10
93300009,E10,2026-08-17,2026-08-18
93300009,E10,2026-09-01,2026-09-02
93300009,E10,2026-09-07,2026-09-08
93300009,E10,2026-09-14,2026-09-14
93300009,E85,2025-07-16,2025-07-16
93300009,E85,2026-04-05,2026-04-06
93300009,E85,2026-06-01,2026-06-03
93300009,E85,2026-07-15,2026-07-16
93300009,E85,2026-09-01,2026-09-02
93300009,GPLc,2022-04-20,
93300009,Gazole,2025-07-16,2025-07-16
93300009,Gazole,2026-04-02,2026-04-05
93300009,Gazole,2026-04-05,2026-04-07
93300009,Gazole,2026-04-14,2026-04-14
93300009,Gazole,2026-06-21,2026-06-22
93300009,Gazole,2026-07-15,2026-07-16
93300009,SP95,2021-12-20,
93300009,SP98,2026-04-02,2026-04-05
93300009,SP98,2026-04-05,2026-04-07
93300009,SP98,2026-04-14,2026-04-14
93300009,SP98,2026-05-11,2026-05-11
93300009,SP98,2026-05-29,2026-06-03
93300009,SP98,2026-06-08,2026-06-09
93300009,SP98,2026-06-15,2026-06-15
93300009,SP98,2026-06-18,2026-06-21
93300009,SP98,2026-06-23,2026-07-03
93300009,SP98,2026-07-08,2026-07-16
93300009,SP98,2026-07-20,2026-07-30
93300009,SP98,2026-08-03,2026-08-05
93300009,SP98,2026-08-10,2026-08-10
93300009,SP98,2026-08-17,2026-08-18
93300009,SP98,2026-08-25,2026-08-29
93300009,SP98,2026-08-31,2026-09-08
93300009,SP98,2026-09-09,2026-09-10
93300009,SP98,2026-09-14,2026-09-14
93300009,SP98,2026-09-15,2026-09-16
93300010,Gazole,2025-09-23,2025-09-26
93330001,E10,2019-10-16,
93330001,E85,2019-10-16,
93330001,GPLc,2019-10-16,
93330001,Gazole,2020-02-28,
93330001,SP95,2020-02-28,
93330001,SP98,2020-02-26,
93330002,E85,2009-01-01,
93330002,GPLc,2012-04-10,
93330002,SP95,2009-04-02,
93330003,GPLc,2010-07-26,
93330003,SP95,2010-07-26,
93330005,E10,2026-04-06,2026-04-10
93330005,E10,2026-05-06,2026-05-06
93330005,E10,2026-05-11,2026-05-15
93330005,E10,2026-05-18,2026-05-19
93330005,E10,2026-05-28,2026-06-09
93330005,E10,2026-06-15,2026-06-16
93330005,E10,2026-07-06,2026-07-08
93330005,E10,2026-07-13,2026-07-15
93330005,E10,2026-07-20,2026-07-21
93330005,E10,2026-08-10,2026-08-16
93330005,E10,2026-08-23,2026-08-24
93330005,E10,2026-08-26,2026-09-03
93330005,E10,2026-09-05,2026-09-08
93330005,E10,2026-09-09,2026-09-10
93330005,E10,2026-09-13,2026-09-14
93330005,E10,2026-09-16,
93330005,E85,2026-04-09,2026-04-10
93330005,E85,2026-04-21,2026-04-26
93330005,E85,2026-05-18,2026-05-19
93330005,E85,2026-05-28,2026-06-09
93330005,E85,2026-07-07,2026-07-08
93330005,E85,2026-08-16,2026-08-17
93330005,E85,2026-08-30,2026-09-02
93330005,E85,2026-09-07,2026-09-08
93330005,E85,2026-09-14,2026-09-14
93330005,GPLc,2024-05-04,2026-04-26
93330005,GPLc,2026-04-26,2026-05-28
93330005,GPLc,2026-06-09,
93330005,Gazole,2026-04-01,2026-04-26
93330005,Gazole,2026-05-18,2026-05-18
93330005,Gazole,2026-08-10,2026-08-10
93330005,SP95,2024-05-21,2026-04-14
93330005,SP95,2026-05-18,2026-05-19
93330005,SP95,2026-05-28,2026-06-09
93330005,SP95,2026-06-15,2026-06-16
93330005,SP95,2026-07-06,2026-08-17
93330005,SP95,2026-08-23,2026-09-10
93330005,SP95,2026-09-13,2026-09-14
93330005,SP95,2026-09-16,
93330005,SP98,2026-04-01,2026-04-10
93330005,SP98,2026-04-14,2026-04-16
93330005,SP98,2026-04-21,2026-04-28
93330005,SP98,2026-04-30,2026-05-06
93330005,SP98,2026-05-11,2026-05-19
93330005,SP98,2026-05-20,2026-05-21
93330005,SP98,2026-05-28,2026-06-09
93330005,SP98,2026-06-10,2026-06-11
93330005,SP98,2026-06-13,2026-06-16
93330005,SP98,2026-06-29,2026-07-02
93330005,SP98,2026-07-06,2026-07-09
93330005,SP98,2026-07-13,2026-07-15
93330005,SP98,2026-07-20,2026-07-21
93330005,SP98,2026-07-30,2026-08-04
93330005,SP98,2026-08-05,2026-08-06
93330005,SP98,2026-08-10,2026-08-17
93330005,SP98,2026-08-19,2026-09-03
93330005,SP98,2026-09-05,2026-09-08
93330005,SP98,2026-09-09,2026-09-10
93330005,SP98,2026-09-13,2026-09-14
93330005,SP98,2026-09-15,
93330006,E10,2025-01-12,2025-01-13
93330006,E10,2025-03-04,2025-03-04
93330006,E10,2025-06-09,2025-06-10
93330006,E10,2025-07-06,2025-07-07
93330006,E10,2025-07-14,2025-07-16
93330006,E10,2025-08-17,2025-08-18
93330006,E10,2025-08-31,2025-09-01
93330006,E10,2025-09-08,2025-09-08
93330006,E10,2025-09-28,2025-09-29
93330006,E10,2025-10-01,2025-10-01
93330006,E10,2025-11-24,2025-11-24
93330006,E10,2026-01-09,2026-01-09
93330006,E10,2026-02-01,2026-02-03
93330006,E10,2026-03-31,2026-04-01
93330006,E10,2026-04-01,2026-04-02
93330006,E10,2026-04-03,2026-04-04
93330006,E10,2026-04-04,2026-04-07
93330006,E10,2026-04-07,2026-04-09
93330006,E10,2026-04-13,2026-04-14
93330006,E10,2026-04-15,2026-04-16
93330006,E10,2026-05-04,2026-05-04
93330006,E10,2026-05-06,2026-05-06
93330006,E10,2026-05-07,2026-05-08
93330006,E10,2026-05-11,2026-05-12
93330006,E10,2026-05-14,2026-05-15
93330006,E10,2026-05-17,2026-05-18
93330006,E10,2026-05-19,2026-05-20
93330006,E10,2026-05-20,2026-05-20
93330006,E10,2026-05-24,2026-05-25
93330006,E10,2026-05-26,2026-05-26
93330006,E10,2026-05-27,2026-05-28
93330006,E10,2026-05-31,2026-06-01
93330006,E10,2026-06-01,2026-06-02
93330006,E10,2026-06-08,2026-06-08
93330006,E10,2026-06-14,2026-06-15
93330006,E10,2026-06-16,2026-06-16
93330006,E10,2026-06-19,2026-06-19
93330006,E10,2026-06-21,2026-06-22
93330006,E10,2026-06-25,2026-06-26
93330006,E10,2026-06-28,2026-06-29
93330006,E10,2026-06-30,2026-06-30
93330006,E10,2026-07-02,2026-07-03
93330006,E10,2026-07-04,2026-07-06
93330006,E10,2026-07-06,2026-07-07
93330006,E10,2026-07-08,2026-07-09
93330006,E10,2026-07-11,2026-07-13
93330006,E10,2026-07-13,2026-07-15
93330006,E10,2026-07-18,2026-07-20
93330006,E10,2026-07-21,2026-07-22
93330006,E10,2026-07-26,2026-07-27
93330006,E10,2026-08-02,2026-08-03
93330006,E10,2026-08-05,2026-08-06
93330006,E10,2026-08-07,2026-08-10
93330006,E10,2026-08-11,2026-08-11
93330006,E10,2026-08-16,2026-08-17
93330006,E10,2026-08-23,2026-08-24
93330006,E10,2026-08-25,2026-08-26
93330006,E10,2026-08-27,2026-08-28
93330006,E10,2026-08-29,2026-08-31
93330006,E10,2026-09-01,2026-09-02
93330006,E10,2026-09-03,2026-09-04
93330006,E10,2026-09-06,2026-09-08
93330006,E10,2026-09-08,2026-09-10
93330006,E10,2026-09-12,2026-09-12
93330006,E10,2026-09-13,2026-09-14
93330006,E10,2026-09-14,2026-09-15
93330006,E10,2026-09-17,2026-09-17
93330006,E85,2023-02-16,
93330006,GPLc,2023-02-16,
93330006,Gazole,2025-07-07,2025-07-07
93330006,Gazole,2025-09-29,2025-09-29
93330006,Gazole,2026-03-31,2026-04-01
93330006,Gazole,2026-04-02,2026-04-04
93330006,Gazole,2026-04-05,2026-04-07
93330006,Gazole,2026-04-07,2026-04-09
93330006,Gazole,2026-04-13,2026-04-14
93330006,Gazole,2026-04-15,2026-04-16
93330006,Gazole,2026-04-21,2026-04-22
93330006,Gazole,2026-05-18,2026-05-18
93330006,Gazole,2026-05-20,2026-05-20
93330006,Gazole,2026-06-30,2026-06-30
93330006,Gazole,2026-07-07,2026-07-07
93330006,Gazole,2026-07-12,2026-07-13
93330006,Gazole,2026-07-15,2026-07-15
93330006,Gazole,2026-08-08,2026-08-10
93330006,Gazole,2026-08-28,2026-08-28
93330006,Gazole,2026-08-30,2026-08-31
93330006,Gazole,2026-09-04,2026-09-04
93330006,Gazole,2026-09-07,2026-09-08
93330006,Gazole,2026-09-10,2026-09-10
93330006,Gazole,2026-09-17,
93330006,SP95,2023-02-16,
93330006,SP98,2025-01-12,2025-01-13
93330006,SP98,2025-03-04,2025-03-04
93330006,SP98,2025-04-01,2025-04-20
93330006,SP98,2025-06-09,2025-06-10
93330006,SP98,2025-07-06,2025-07-07
93330006,SP98,2025-07-14,2025-07-16
93330006,SP98,2025-08-17,2025-08-18
93330006,SP98,2025-09-08,2025-09-08
93330006,SP98,2025-09-28,2025-09-29
93330006,SP98,2025-10-07,2025-10-07
93330006,SP98,2026-01-09,2026-01-09
93330006,SP98,2026-01-13,2026-01-13
93330006,SP98,2026-02-01,2026-02-03
93330006,SP98,2026-03-29,2026-03-30
93330006,SP98,2026-03-31,2026-04-01
93330006,SP98,2026-04-01,2026-04-02
93330006,SP98,2026-04-02,2026-04-04
93330006,SP98,2026-04-04,2026-04-07
93330006,SP98,2026-04-07,2026-04-09
93330006,SP98,2026-04-11,2026-04-11
93330006,SP98,2026-04-13,2026-04-16
93330006,SP98,2026-04-26,2026-04-27
93330006,SP98,2026-04-30,2026-05-06
93330006,SP98,2026-05-07,2026-05-08
93330006,SP98,2026-05-09,2026-05-10
93330006,SP98,2026-05-10,2026-05-12
93330006,SP98,2026-05-12,2026-05-13
93330006,SP98,2026-05-14,2026-05-15
93330006,SP98,2026-05-15,2026-05-16
93330006,SP98,2026-05-16,2026-05-18
93330006,SP98,2026-05-19,2026-05-20
93330006,SP98,2026-05-20,2026-05-20
93330006,SP98,2026-05-22,2026-05-23
93330006,SP98,2026-05-24,2026-05-25
93330006,SP98,2026-05-25,2026-05-26
93330006,SP98,2026-05-26,2026-05-26
93330006,SP98,2026-05-27,2026-05-28
93330006,SP98,2026-05-29,2026-05-29
93330006,SP98,2026-05-30,2026-06-01
93330006,SP98,2026-06-01,2026-06-02
93330006,SP98,2026-06-05,2026-06-05
93330006,SP98,2026-06-08,2026-06-08
93330006,SP98,2026-06-09,2026-06-09
93330006,SP98,2026-06-14,2026-06-15
93330006,SP98,2026-06-16,2026-06-16
93330006,SP98,2026-06-25,2026-06-26
93330006,SP98,2026-06-28,2026-06-29
93330006,SP98,2026-06-30,2026-06-30
93330006,SP98,2026-07-02,2026-07-03
93330006,SP98,2026-07-04,2026-07-06
93330006,SP98,2026-07-06,2026-07-08
93330006,SP98,2026-07-08,2026-07-09
93330006,SP98,2026-07-09,2026-07-16
93330006,SP98,2026-07-17,2026-07-20
93330006,SP98,2026-07-21,2026-07-22
93330006,SP98,2026-07-24,2026-07-27
93330006,SP98,2026-07-27,2026-07-28
93330006,SP98,2026-07-30,2026-07-31
93330006,SP98,2026-08-01,2026-08-03
93330006,SP98,2026-08-03,2026-08-06
93330006,SP98,2026-08-07,2026-08-10
93330006,SP98,2026-08-11,2026-08-11
93330006,SP98,2026-08-13,2026-08-17
93330006,SP98,2026-08-18,2026-08-19
93330006,SP98,2026-08-20,2026-08-20
93330006,SP98,2026-08-21,2026-08-21
93330006,SP98,2026-08-27,2026-09-08
93330006,SP98,2026-09-08,2026-09-10
93330006,SP98,2026-09-10,2026-09-11
93330006,SP98,2026-09-11,2026-09-14
93330006,SP98,2026-09-14,2026-09-15
93330006,SP98,2026-09-16,2026-09-17
93360002,E10,2018-11-13,
93360002,E85,2018-11-13,
93360002,GPLc,2018-11-13,
93360002,Gazole,2026-04-01,2026-04-03
93360002,Gazole,2026-07-20,2026-07-23
93360002,SP95,2018-11-13,
93360002,SP98,2026-04-13,2026-04-23
93360002,SP98,2026-09-07,2026-09-10
93400001,E85,2010-10-29,
93400001,GPLc,2010-10-29,
93400001,SP95,2010-12-11,
93400007,E10,2023-05-30,
93400007,E85,2022-04-29,
93400007,GPLc,2022-04-29,
93400007,Gazole,2023-05-30,
93400007,SP95,2023-05-30,
93400007,SP98,2023-05-30,
93400008,E85,2010-04-01,
93400008,GPLc,2010-04-01,
93400008,SP95,2010-04-01,
93400009,SP95,2012-12-17,
93400010,E10,2025-06-18,2025-06-19
93400010,E10,2025-06-19,2025-06-20
93400010,E10,2025-06-25,2025-06-26
93400010,E10,2026-04-06,2026-04-08
93400010,E10,2026-05-02,2026-05-05
93400010,E10,2026-05-11,2026-05-13
93400010,E10,2026-07-13,2026-07-15
93400010,E10,2026-08-31,2026-09-01
93400010,E10,2026-09-07,2026-09-07
93400010,E10,2026-09-08,2026-09-09
93400010,E10,2026-09-14,2026-09-15
93400010,E85,2022-10-06,
93400010,GPLc,2022-10-06,
93400010,Gazole,2026-03-13,2026-03-13
93400010,Gazole,2026-04-01,2026-04-06
93400010,Gazole,2026-04-06,2026-04-15
93400010,SP95,2022-10-06,
93400010,SP98,2025-06-18,2025-06-19
93400010,SP98,2025-06-20,2025-06-20
93400010,SP98,2025-06-24,2025-06-25
93400010,SP98,2025-10-21,2025-10-21
93400010,SP98,2026-04-06,2026-04-08
93400010,SP98,2026-05-02,2026-05-05
93400010,SP98,2026-05-11,2026-05-13
93400010,SP98,2026-05-18,2026-05-21
93400010,SP98,2026-06-02,2026-08-04
93400010,SP98,2026-08-10,2026-08-11
93400010,SP98,2026-08-14,2026-08-18
93400010,SP98,2026-08-25,2026-08-28
93400010,SP98,2026-08-31,2026-09-09
93400010,SP98,2026-09-10,2026-09-16
93400012,E85,2022-09-19,
93400012,GPLc,2022-09-19,
93400012,SP95,2022-11-08,
93400012,SP98,2022-09-19,
93500004,SP95,2009-04-06,
93500004,SP98,2014-10-27,
93500006,E85,2013-08-21,
93500006,GPLc,2013-08-21,
93500006,SP95,2013-08-21,
93500007,E10,2020-05-24,
93500007,E85,2020-05-03,
93500007,GPLc,2020-05-03,
93500007,Gazole,2020-05-25,
93500007,SP95,2020-05-03,
93500007,SP98,2020-05-03,
93500008,E10,2026-04-02,2026-05-16
93500008,E85,2021-12-21,
93500008,GPLc,2021-12-21,
93500008,Gazole,2026-04-02,2026-05-15
93500008,SP95,2022-11-30,
93500008,SP98,2026-04-02,2026-05-16
93500008,SP98,2026-05-31,2026-06-02
93561001,E10,2014-07-30,
93561001,E85,2010-10-21,
93561001,GPLc,2014-09-16,
93561001,Gazole,2014-09-16,
93561001,SP95,2014-09-16,
93561001,SP98,2014-09-16,
93700001,SP98,2013-07-09,
93700001,SP98,2016-07-20,
93700002,E85,2009-10-12,
93700002,GPLc,2009-10-12,
93700002,SP95,2010-01-26,
93700003,E10,2026-03-30,2026-03-30
93700003,E10,2026-04-07,2026-04-07
93700003,E10,2026-05-21,2026-05-21
93700003,E85,2026-05-21,2026-05-21
93700003,GPLc,2023-08-03,2026-03-30
93700003,GPLc,2026-05-21,2026-05-26
93700003,Gazole,2026-05-21,2026-05-21
93700003,SP95,2026-04-07,2026-04-07
93700003,SP95,2026-05-21,2026-05-26
93700003,SP98,2026-05-21,2026-05-21
93700004,E10,2026-01-12,2026-01-12
93700004,E10,2026-03-31,2026-03-31
93700004,E10,2026-04-02,2026-04-03
93700004,E10,2026-04-04,2026-04-07
93700004,E10,2026-04-07,2026-04-10
93700004,E10,2026-04-27,2026-04-27
93700004,E10,2026-05-01,2026-05-02
93700004,E10,2026-05-03,2026-05-04
93700004,E10,2026-05-05,2026-05-06
93700004,E10,2026-05-10,2026-05-11
93700004,E10,2026-05-12,2026-05-13
93700004,E10,2026-05-14,2026-05-15
93700004,E10,2026-05-17,2026-05-18
93700004,E10,2026-05-19,2026-05-19
93700004,E10,2026-05-24,2026-05-26
93700004,E10,2026-05-27,2026-05-28
93700004,E10,2026-05-29,2026-05-30
93700004,E10,2026-05-31,2026-06-01
93700004,E10,2026-06-02,2026-06-03
93700004,E10,2026-06-14,2026-06-17
93700004,E10,2026-06-29,2026-06-29
93700004,E10,2026-07-05,2026-07-06
93700004,E10,2026-07-11,2026-07-13
93700004,E10,2026-07-14,2026-07-15
93700004,E10,2026-07-16,2026-07-16
93700004,E10,2026-07-26,2026-07-27
93700004,E10,2026-07-31,2026-08-03
93700004,E10,2026-08-05,2026-08-06
93700004,E10,2026-08-09,2026-08-10
93700004,E10,2026-08-15,2026-08-17
93700004,E10,2026-09-01,2026-09-04
93700004,E10,2026-09-09,2026-09-09
93700004,E10,2026-09-10,2026-09-10
93700004,E10,2026-09-13,2026-09-15
93700004,E10,2026-09-17,2026-09-17
93700004,E85,2026-01-12,2026-01-12
93700004,E85,2026-03-31,2026-03-31
93700004,E85,2026-04-02,2026-04-03
93700004,E85,2026-04-04,2026-04-04
93700004,E85,2026-04-05,2026-04-07
93700004,E85,2026-04-07,2026-04-10
93700004,E85,2026-04-20,2026-04-20
93700004,E85,2026-04-26,2026-04-27
93700004,E85,2026-05-11,2026-05-11
93700004,E85,2026-05-12,2026-05-13
93700004,E85,2026-05-15,2026-05-21
93700004,E85,2026-05-25,2026-05-26
93700004,E85,2026-05-31,2026-06-01
93700004,E85,2026-06-21,2026-06-26
93700004,E85,2026-06-29,2026-06-29
93700004,E85,2026-07-05,2026-07-06
93700004,E85,2026-07-11,2026-07-13
93700004,E85,2026-07-16,2026-07-16
93700004,E85,2026-07-26,2026-07-27
93700004,E85,2026-08-02,2026-08-03
93700004,E85,2026-08-09,2026-08-10
93700004,E85,2026-08-15,2026-08-17
93700004,E85,2026-09-01,2026-09-04
93700004,E85,2026-09-14,2026-09-15
93700004,GPLc,2024-11-25,
93700004,Gazole,2026-01-12,2026-01-12
93700004,Gazole,2026-03-13,2026-03-13
93700004,Gazole,2026-03-31,2026-03-31
93700004,Gazole,2026-04-01,2026-04-03
93700004,Gazole,2026-04-04,2026-04-07
93700004,Gazole,2026-04-07,2026-04-10
93700004,Gazole,2026-04-12,2026-04-13
93700004,Gazole,2026-04-22,2026-04-23
93700004,Gazole,2026-04-29,2026-04-29
93700004,Gazole,2026-05-01,2026-05-01
93700004,Gazole,2026-05-03,2026-05-04
93700004,Gazole,2026-05-11,2026-05-11
93700004,Gazole,2026-05-12,2026-05-13
93700004,Gazole,2026-05-14,2026-05-15
93700004,Gazole,2026-05-17,2026-05-18
93700004,Gazole,2026-05-25,2026-05-26
93700004,Gazole,2026-05-29,2026-05-30
93700004,Gazole,2026-06-02,2026-06-03
93700004,Gazole,2026-07-13,2026-07-15
93700004,Gazole,2026-08-06,2026-08-06
93700004,Gazole,2026-09-14,2026-09-15
93700004,SP95,2024-11-25,
93700004,SP98,2026-01-12,2026-01-12
93700004,SP98,2026-03-31,2026-03-31
93700004,SP98,2026-04-02,2026-04-03
93700004,SP98,2026-04-04,2026-04-07
93700004,SP98,2026-04-07,2026-04-10
93700004,SP98,2026-04-12,2026-04-13
93700004,SP98,2026-05-01,2026-05-04
93700004,SP98,2026-05-04,2026-05-06
93700004,SP98,2026-05-10,2026-05-11
93700004,SP98,2026-05-12,2026-05-13
93700004,SP98,2026-05-14,2026-05-15
93700004,SP98,2026-05-16,2026-05-19
93700004,SP98,2026-05-24,2026-05-26
93700004,SP98,2026-05-26,2026-05-27
93700004,SP98,2026-05-29,2026-05-30
93700004,SP98,2026-05-30,2026-06-01
93700004,SP98,2026-06-04,2026-06-04
93700004,SP98,2026-06-15,2026-06-17
93700004,SP98,2026-06-29,2026-06-29
93700004,SP98,2026-06-30,2026-06-30
93700004,SP98,2026-07-05,2026-07-06
93700004,SP98,2026-07-11,2026-07-13
93700004,SP98,2026-07-13,2026-07-15
93700004,SP98,2026-07-16,2026-07-16
93700004,SP98,2026-07-26,2026-07-27
93700004,SP98,2026-07-31,2026-08-03
93700004,SP98,2026-08-04,2026-08-06
93700004,SP98,2026-08-09,2026-08-10
93700004,SP98,2026-08-11,2026-08-15
93700004,SP98,2026-09-01,2026-09-04
93700004,SP98,2026-09-04,2026-09-09
93700004,SP98,2026-09-10,2026-09-10
93700004,SP98,2026-09-11,2026-09-11
93700004,SP98,2026-09-13,2026-09-15
93700004,SP98,2026-09-16,2026-09-17
93700006,Gazole,2025-09-24,2025-09-26
93700006,Gazole,2026-04-28,
94000001,SP95,2009-10-06,
94000002,E85,2013-02-27,
94000002,SP95,2009-10-07,
94000003,GPLc,2011-11-25,
94000003,SP95,2010-05-03,
94000004,E10,2026-01-08,2026-01-09
94000004,E85,2025-01-02,2025-01-03
94000004,E85,2026-01-02,2026-01-05
94000004,Gazole,2026-01-08,2026-01-09
94000004,SP95,2009-11-05,
94000004,SP98,2025-12-01,2025-12-02
94000004,SP98,2026-01-09,2026-01-09
94000004,SP98,2026-03-08,2026-03-09
94000006,SP95,2026-03-28,2026-03-30
94000007,SP95,2012-03-14,
94000009,E10,2026-04-08,2026-04-08
94000009,E10,2026-04-10,2026-04-11
94000009,E10,2026-04-12,2026-04-14
94000009,E10,2026-04-17,2026-04-18
94000009,E10,2026-05-04,2026-05-04
94000009,E10,2026-05-11,2026-05-13
94000009,E10,2026-05-25,2026-05-27
94000009,E10,2026-05-27,2026-05-28
94000009,E10,2026-05-28,2026-05-29
94000009,E10,2026-05-31,2026-06-03
94000009,E10,2026-06-29,2026-06-30
94000009,E10,2026-07-06,2026-07-07
94000009,E10,2026-08-01,2026-08-03
94000009,E10,2026-08-04,2026-08-05
94000009,E10,2026-08-09,2026-08-10
94000009,E10,2026-08-23,2026-08-24
94000009,E10,2026-08-30,2026-09-01
94000009,E10,2026-09-05,2026-09-07
94000009,E10,2026-09-08,2026-09-08
94000009,E10,2026-09-14,2026-09-15
94000009,E10,2026-09-17,
94000009,E85,2018-07-11,
94000009,GPLc,2018-07-11,
94000009,Gazole,2026-04-01,2026-04-02
94000009,Gazole,2026-04-03,2026-04-04
94000009,Gazole,2026-04-08,2026-04-08
94000009,Gazole,2026-04-09,2026-04-10
94000009,Gazole,2026-04-10,2026-04-11
94000009,Gazole,2026-04-12,2026-04-14
94000009,Gazole,2026-04-17,2026-04-18
94000009,Gazole,2026-05-12,2026-05-13
94000009,Gazole,2026-05-26,2026-05-27
94000009,Gazole,2026-09-17,
94000009,SP95,2018-07-11,
94000009,SP98,2026-04-01,2026-04-02
94000009,SP98,2026-04-03,2026-04-08
94000009,SP98,2026-04-09,2026-04-10
94000009,SP98,2026-04-10,2026-04-11
94000009,SP98,2026-04-12,2026-04-15
94000009,SP98,2026-04-17,2026-04-18
94000009,SP98,2026-04-20,2026-04-30
94000009,SP98,2026-05-04,2026-05-05
94000009,SP98,2026-05-05,2026-05-06
94000009,SP98,2026-05-09,2026-05-11
94000009,SP98,2026-05-12,2026-05-13
94000009,SP98,2026-05-13,2026-05-19
94000009,SP98,2026-05-20,2026-05-21
94000009,SP98,2026-05-22,2026-05-29
94000009,SP98,2026-05-29,2026-06-03
94000009,SP98,2026-06-03,2026-06-03
94000009,SP98,2026-06-04,2026-06-05
94000009,SP98,2026-06-08,2026-06-09
94000009,SP98,2026-06-15,2026-06-16
94000009,SP98,2026-06-20,2026-06-24
94000009,SP98,2026-06-28,2026-06-30
94000009,SP98,2026-07-04,2026-07-07
94000009,SP98,2026-07-11,2026-07-13
94000009,SP98,2026-07-14,2026-07-21
94000009,SP98,2026-07-25,2026-07-27
94000009,SP98,2026-07-28,2026-08-01
94000009,SP98,2026-08-01,2026-08-14
94000009,SP98,2026-08-15,2026-09-01
94000009,SP98,2026-09-02,2026-09-07
94000009,SP98,2026-09-08,2026-09-11
94000009,SP98,2026-09-13,2026-09-15
94000009,SP98,2026-09-15,2026-09-16
94000009,SP98,2026-09-16,
94000010,E10,2026-09-14,2026-09-14
94000010,E85,2026-05-06,2026-06-24
94000010,E85,2026-09-14,2026-09-14
94000010,GPLc,2026-07-03,2026-09-03
94000010,GPLc,2026-09-07,2026-09-08
94000010,GPLc,2026-09-09,2026-09-15
94000010,SP95,2022-10-17,
94000010,SP98,2026-03-16,2026-03-17
94000010,SP98,2026-03-22,2026-03-23
94000010,SP98,2026-03-30,2026-03-31
94000010,SP98,2026-04-01,2026-04-02
94000010,SP98,2026-04-04,2026-04-07
94000010,SP98,2026-05-26,2026-06-01
94000010,SP98,2026-07-17,2026-07-22
94000010,SP98,2026-08-12,2026-08-17
94000010,SP98,2026-08-23,2026-08-24
94000010,SP98,2026-08-28,2026-08-31
94000010,SP98,2026-09-02,2026-09-03
94000010,SP98,2026-09-04,2026-09-07
94000010,SP98,2026-09-08,2026-09-09
94000010,SP98,2026-09-10,2026-09-10
94000010,SP98,2026-09-11,2026-09-14
94000011,E10,2026-04-06,2026-04-06
94000011,E10,2026-04-07,2026-04-08
94000011,E10,2026-04-13,2026-04-13
94000011,E10,2026-04-27,2026-04-27
94000011,E10,2026-05-03,2026-05-04
94000011,E10,2026-05-10,2026-05-11
94000011,E10,2026-05-14,2026-05-15
94000011,E10,2026-05-16,2026-05-17
94000011,E10,2026-05-18,2026-05-18
94000011,E10,2026-05-28,2026-05-28
94000011,E10,2026-05-31,2026-06-01
94000011,E10,2026-06-15,2026-06-15
94000011,E10,2026-06-22,2026-06-22
94000011,E10,2026-07-06,2026-07-06
94000011,E10,2026-07-20,2026-07-20
94000011,E10,2026-07-26,2026-07-27
94000011,E10,2026-09-07,2026-09-07
94000011,E85,2026-04-04,2026-04-06
94000011,E85,2026-04-07,2026-04-08
94000011,E85,2026-04-13,2026-04-13
94000011,E85,2026-05-14,2026-05-20
94000011,E85,2026-05-22,2026-05-30
94000011,E85,2026-05-31,2026-06-01
94000011,E85,2026-06-15,2026-06-15
94000011,E85,2026-07-26,2026-07-27
94000011,GPLc,2018-12-11,
94000011,Gazole,2026-04-01,2026-04-04
94000011,Gazole,2026-04-07,2026-04-08
94000011,Gazole,2026-04-13,2026-04-13
94000011,Gazole,2026-04-14,2026-04-14
94000011,Gazole,2026-04-20,2026-04-20
94000011,Gazole,2026-07-26,2026-07-27
94000011,SP95,2018-12-11,
94000011,SP98,2026-04-01,2026-04-02
94000011,SP98,2026-04-03,2026-04-04
94000011,SP98,2026-04-04,2026-04-06
94000011,SP98,2026-04-07,2026-04-08
94000011,SP98,2026-04-12,2026-04-13
94000011,SP98,2026-04-14,2026-04-14
94000011,SP98,2026-04-18,2026-04-20
94000011,SP98,2026-04-25,2026-04-27
94000011,SP98,2026-04-30,2026-05-01
94000011,SP98,2026-05-02,2026-05-04
94000011,SP98,2026-05-06,2026-05-06
94000011,SP98,2026-05-07,2026-05-07
94000011,SP98,2026-05-09,2026-05-13
94000011,SP98,2026-05-14,2026-05-18
94000011,SP98,2026-05-21,2026-05-21
94000011,SP98,2026-05-22,2026-05-23
94000011,SP98,2026-05-23,2026-05-25
94000011,SP98,2026-05-28,2026-06-01
94000011,SP98,2026-06-03,2026-06-03
94000011,SP98,2026-06-05,2026-06-05
94000011,SP98,2026-06-14,2026-06-15
94000011,SP98,2026-06-20,2026-06-22
94000011,SP98,2026-06-24,2026-06-25
94000011,SP98,2026-06-28,2026-06-29
94000011,SP98,2026-07-06,2026-07-06
94000011,SP98,2026-07-20,2026-07-20
94000011,SP98,2026-07-26,2026-07-27
94000011,SP98,2026-08-03,2026-08-11
94000011,SP98,2026-09-07,2026-09-07
94000011,SP98,2026-09-16,2026-09-17
94000012,GPLc,2026-03-05,
94000013,GPLc,2023-11-06,
94000013,SP95,2023-11-06,
94000013,SP98,2023-11-07,
94003001,E85,2012-09-07,
94003001,SP95,2012-09-07,
94003002,E10,2025-01-20,2025-01-21
94003002,E10,2026-04-04,2026-04-08
94003002,E10,2026-04-15,2026-04-28
94003002,E10,2026-05-04,2026-05-07
94003002,E85,2026-04-04,2026-04-08
94003002,GPLc,2025-01-20,2025-02-20
94003002,GPLc,2025-04-30,2025-05-23
94003002,GPLc,2025-08-17,2025-08-20
94003002,GPLc,2026-04-04,2026-04-08
94003002,GPLc,2026-06-25,2026-06-30
94003002,Gazole,2026-04-02,2026-04-03
94003002,Gazole,2026-04-04,2026-04-06
94003002,SP95,2023-12-04,2026-04-08
94003002,SP95,2026-04-08,
94003002,SP98,2025-01-20,2025-01-21
94003002,SP98,2025-06-23,2025-07-18
94003002,SP98,2026-04-02,2026-04-03
94003002,SP98,2026-04-04,2026-04-08
94003002,SP98,2026-05-04,2026-05-07
94012001,E85,2009-07-20,
94012001,E85,2017-08-30,
94012001,GPLc,2009-07-20,
94012001,GPLc,2017-08-30,
94100001,SP95,2010-01-17,
94100005,E10,2025-07-12,2025-07-16
94100005,E10,2026-01-23,2026-01-28
94100005,E85,2019-09-02,
94100005,GPLc,2017-09-11,
94100005,Gazole,2026-03-23,2026-03-24
94100005,SP95,2021-09-21,
94100005,SP98,2026-03-23,2026-03-24
94100006,E10,2025-06-10,2025-06-10
94100006,E10,2026-03-02,2026-03-03
94100006,E85,2024-10-30,
94100006,GPLc,2024-10-30,
94100006,SP95,2009-10-27,
94100006,SP98,2026-03-03,2026-03-03
94100008,GPLc,2018-01-10,
94100008,SP95,2018-01-10,
94100010,SP98,2016-07-20,
94100012,E10,2024-07-31,
94100012,E85,2017-09-26,
94100012,GPLc,2017-09-26,
94100012,Gazole,2024-07-31,
94100012,SP95,2022-10-29,
94100012,SP98,2017-09-26,
94100013,E10,2026-05-05,2026-05-06
94100013,GPLc,2021-10-08,
94100013,SP95,2021-10-08,
94100013,SP98,2026-05-05,2026-05-06
94110001,E10,2013-02-28,
94110001,E85,2010-09-08,
94110001,Gazole,2013-02-28,
94110002,E85,2015-01-09,
94110003,E10,2025-09-29,2026-01-16
94110003,SP95,2025-09-29,2025-09-29
94110004,SP95,2009-11-06,
94110005,E10,2025-01-06,2025-01-09
94110005,E10,2025-01-10,2025-01-10
94110005,E10,2025-01-16,2025-01-17
94110005,E10,2025-01-22,2025-01-22
94110005,E10,2025-01-24,2025-01-24
94110005,E10,2025-03-03,2025-03-06
94110005,E10,2025-03-28,2025-03-28
94110005,E10,2025-04-01,2025-04-17
94110005,E10,2025-04-21,2025-04-22
94110005,E10,2025-06-16,2025-06-16
94110005,E10,2025-06-30,2025-07-01
94110005,E10,2025-07-07,2025-07-07
94110005,E10,2025-07-15,2025-07-15
94110005,E10,2025-07-21,2025-07-21
94110005,E10,2025-07-27,2025-07-28
94110005,E10,2025-08-04,2025-08-04
94110005,E10,2025-09-05,2025-09-23
94110005,E10,2025-09-23,2025-09-24
94110005,E10,2025-09-25,2025-09-29
94110005,E10,2025-10-06,2025-10-07
94110005,E10,2025-10-10,2025-10-10
94110005,E10,2025-10-12,2025-10-13
94110005,E10,2025-10-17,2025-10-18
94110005,E10,2025-10-20,2025-10-20
94110005,E10,2025-10-27,2025-10-27
94110005,E10,2025-10-29,2025-10-29
94110005,E10,2025-11-06,2025-11-06
94110005,E10,2025-11-10,2025-11-10
94110005,E10,2025-11-12,2025-11-13
94110005,E10,2025-11-14,2025-11-15
94110005,E10,2025-11-24,2025-11-24
94110005,E10,2025-11-29,2025-12-01
94110005,E10,2025-12-03,2025-12-03
94110005,E10,2025-12-08,2025-12-08
94110005,E10,2025-12-09,2025-12-10
94110005,E10,2025-12-15,2025-12-15
94110005,E10,2025-12-18,2025-12-18
94110005,E10,2025-12-20,2025-12-20
94110005,E10,2025-12-22,2025-12-22
94110005,E10,2025-12-28,2025-12-28
94110005,E10,2026-01-02,2026-01-02
94110005,E10,2026-01-05,2026-01-05
94110005,E10,2026-01-07,2026-01-08
94110005,E10,2026-01-12,2026-01-12
94110005,E10,2026-01-22,2026-01-22
94110005,E10,2026-01-26,2026-01-26
94110005,E10,2026-02-02,2026-02-02
94110005,E10,2026-02-09,2026-02-09
94110005,E10,2026-02-23,2026-02-23
94110005,E10,2026-03-02,2026-03-02
94110005,E10,2026-03-21,2026-03-23
94110005,E10,2026-03-26,2026-03-26
94110005,E10,2026-03-28,2026-03-30
94110005,E10,2026-03-31,2026-03-31
94110005,E10,2026-04-01,2026-04-02
94110005,E10,2026-04-02,2026-04-03
94110005,E10,2026-04-04,2026-04-04
94110005,E10,2026-04-08,2026-04-09
94110005,E10,2026-04-09,2026-04-10
94110005,E10,2026-04-13,2026-04-14
94110005,E10,2026-04-15,2026-04-16
94110005,E10,2026-04-19,2026-04-20
94110005,E10,2026-04-22,2026-04-25
94110005,E10,2026-04-26,2026-04-29
94110005,E10,2026-04-30,2026-05-02
94110005,E10,2026-05-03,2026-05-04
94110005,E10,2026-05-05,2026-05-06
94110005,E10,2026-05-08,2026-05-09
94110005,E10,2026-05-09,2026-05-12
94110005,E10,2026-05-14,2026-05-15
94110005,E10,2026-05-16,2026-05-18
94110005,E10,2026-05-19,2026-05-20
94110005,E10,2026-05-21,2026-05-22
94110005,E10,2026-05-22,2026-05-23
94110005,E10,2026-05-24,2026-05-26
94110005,E10,2026-05-27,2026-05-27
94110005,E10,2026-05-29,2026-05-30
94110005,E10,2026-06-03,2026-06-03
94110005,E10,2026-06-05,2026-06-06
94110005,E10,2026-06-07,2026-06-08
94110005,E10,2026-06-10,2026-06-10
94110005,E10,2026-06-12,2026-06-12
94110005,E10,2026-06-14,2026-06-15
94110005,E10,2026-06-19,2026-06-19
94110005,E10,2026-06-21,2026-06-22
94110005,E10,2026-06-22,2026-06-22
94110005,E10,2026-06-23,2026-06-24
94110005,E10,2026-06-26,2026-06-27
94110005,E10,2026-06-28,2026-06-29
94110005,E10,2026-06-30,2026-06-30
94110005,E10,2026-07-02,2026-07-02
94110005,E10,2026-07-05,2026-07-06
94110005,E10,2026-07-07,2026-07-07
94110005,E10,2026-07-09,2026-07-09
94110005,E10,2026-07-10,2026-07-11
94110005,E10,2026-07-11,2026-07-13
94110005,E10,2026-07-14,2026-07-14
94110005,E10,2026-07-16,2026-07-18
94110005,E10,2026-07-20,2026-07-21
94110005,E10,2026-07-30,2026-07-30
94110005,E10,2026-07-31,2026-08-03
94110005,E10,2026-08-04,2026-08-05
94110005,E10,2026-08-07,2026-08-08
94110005,E10,2026-08-09,2026-08-10
94110005,E10,2026-08-12,2026-08-13
94110005,E10,2026-08-14,2026-08-17
94110005,E10,2026-08-18,2026-08-19
94110005,E10,2026-08-21,2026-08-24
94110005,E10,2026-08-25,2026-08-27
94110005,E10,2026-08-28,2026-08-29
94110005,E10,2026-08-30,2026-09-02
94110005,E10,2026-09-02,2026-09-03
94110005,E10,2026-09-03,2026-09-07
94110005,E10,2026-09-07,2026-09-08
94110005,E10,2026-09-08,2026-09-09
94110005,E10,2026-09-10,2026-09-11
94110005,E10,2026-09-12,2026-09-14
94110005,E10,2026-09-14,2026-09-16
94110005,E10,2026-09-17,
94110005,E85,2018-12-12,
94110005,GPLc,2018-12-12,
94110005,Gazole,2025-01-09,2025-01-10
94110005,Gazole,2025-09-24,2025-09-29
94110005,Gazole,2026-03-31,2026-03-31
94110005,Gazole,2026-04-02,2026-04-02
94110005,Gazole,2026-04-04,2026-04-04
94110005,Gazole,2026-04-05,2026-04-07
94110005,Gazole,2026-04-13,2026-04-14
94110005,Gazole,2026-05-04,2026-05-04
94110005,Gazole,2026-05-11,2026-05-12
94110005,Gazole,2026-05-17,2026-05-18
94110005,Gazole,2026-07-20,2026-07-21
94110005,Gazole,2026-08-31,2026-09-02
94110005,Gazole,2026-09-04,2026-09-05
94110005,Gazole,2026-09-05,2026-09-07
94110005,Gazole,2026-09-09,2026-09-10
94110005,Gazole,2026-09-13,2026-09-14
94110005,SP95,2023-12-21,
94110005,SP98,2018-12-12,
94120001,E85,2017-10-07,
94120001,GPLc,2017-10-07,
94120001,SP95,2017-10-07,
94120003,SP95,2011-01-23,
94120005,E10,2026-04-07,2026-04-08
94120005,E10,2026-07-03,2026-07-03
94120005,E10,2026-07-23,2026-07-24
94120005,E10,2026-09-17,2026-09-17
94120005,GPLc,2017-09-04,
94120005,SP95,2017-09-04,
94120007,SP98,2016-07-20,
94120008,SP98,2016-11-03,
94120010,GPLc,2026-09-11,
94120011,E85,2019-07-12,
94120011,GPLc,2019-07-12,
94120011,SP95,2019-07-12,
94130001,SP95,2010-02-26,
94130003,E10,2026-04-01,2026-04-03
94130003,E10,2026-04-04,2026-04-07
94130003,E10,2026-04-10,2026-04-10
94130003,E10,2026-04-15,2026-04-16
94130003,E10,2026-05-04,2026-05-04
94130003,E10,2026-05-06,2026-05-06
94130003,E10,2026-05-08,2026-05-09
94130003,E10,2026-05-11,2026-05-12
94130003,E10,2026-05-14,2026-05-15
94130003,E10,2026-05-17,2026-05-19
94130003,E10,2026-05-21,2026-05-21
94130003,E10,2026-05-22,2026-05-23
94130003,E10,2026-05-24,2026-05-26
94130003,E10,2026-05-28,2026-05-28
94130003,E10,2026-05-30,2026-06-01
94130003,E10,2026-06-08,2026-06-09
94130003,E10,2026-06-14,2026-06-16
94130003,E10,2026-06-18,2026-06-19
94130003,E10,2026-06-22,2026-06-22
94130003,E10,2026-06-24,2026-06-24
94130003,E10,2026-06-29,2026-06-30
94130003,E10,2026-07-03,2026-07-03
94130003,E10,2026-07-05,2026-07-06
94130003,E10,2026-07-10,2026-07-10
94130003,E10,2026-07-13,2026-07-15
94130003,E10,2026-07-19,2026-07-20
94130003,E10,2026-07-25,2026-07-27
94130003,E10,2026-08-02,2026-08-04
94130003,E10,2026-08-08,2026-08-10
94130003,E10,2026-08-24,2026-08-25
94130003,E10,2026-08-31,2026-09-01
94130003,E10,2026-09-02,2026-09-03
94130003,E10,2026-09-05,2026-09-07
94130003,E10,2026-09-09,2026-09-11
94130003,E10,2026-09-12,2026-09-14
94130003,E10,2026-09-15,2026-09-16
94130003,E85,2024-06-26,
94130003,GPLc,2024-06-26,
94130003,Gazole,2026-04-01,2026-04-03
94130003,Gazole,2026-04-04,2026-04-07
94130003,Gazole,2026-04-09,2026-04-10
94130003,Gazole,2026-04-15,2026-04-16
94130003,Gazole,2026-04-23,2026-04-23
94130003,Gazole,2026-05-04,2026-05-04
94130003,Gazole,2026-05-28,2026-05-28
94130003,Gazole,2026-06-16,2026-06-17
94130003,Gazole,2026-06-22,2026-06-22
94130003,Gazole,2026-09-12,2026-09-14
94130003,Gazole,2026-09-16,2026-09-16
94130003,SP95,2024-06-26,
94130003,SP98,2026-03-24,2026-03-24
94130003,SP98,2026-03-30,2026-03-31
94130003,SP98,2026-04-01,2026-04-03
94130003,SP98,2026-04-04,2026-04-07
94130003,SP98,2026-04-09,2026-04-10
94130003,SP98,2026-04-11,2026-04-13
94130003,SP98,2026-04-15,2026-04-16
94130003,SP98,2026-04-20,2026-04-21
94130003,SP98,2026-04-23,2026-04-23
94130003,SP98,2026-04-25,2026-04-27
94130003,SP98,2026-04-30,2026-05-05
94130003,SP98,2026-05-06,2026-05-06
94130003,SP98,2026-05-08,2026-05-09
94130003,SP98,2026-05-11,2026-05-13
94130003,SP98,2026-05-13,2026-05-13
94130003,SP98,2026-05-14,2026-05-15
94130003,SP98,2026-05-16,2026-05-19
94130003,SP98,2026-05-21,2026-05-21
94130003,SP98,2026-05-22,2026-05-23
94130003,SP98,2026-05-24,2026-05-26
94130003,SP98,2026-05-27,2026-05-28
94130003,SP98,2026-05-29,2026-05-29
94130003,SP98,2026-05-30,2026-06-01
94130003,SP98,2026-06-02,2026-06-03
94130003,SP98,2026-06-05,2026-06-06
94130003,SP98,2026-06-08,2026-06-09
94130003,SP98,2026-06-11,2026-06-11
94130003,SP98,2026-06-13,2026-06-16
94130003,SP98,2026-06-17,2026-06-19
94130003,SP98,2026-06-21,2026-06-22
94130003,SP98,2026-06-24,2026-06-24
94130003,SP98,2026-06-28,2026-06-30
94130003,SP98,2026-07-01,2026-07-03
94130003,SP98,2026-07-05,2026-07-06
94130003,SP98,2026-07-07,2026-07-08
94130003,SP98,2026-07-10,2026-07-10
94130003,SP98,2026-07-13,2026-07-15
94130003,SP98,2026-07-15,2026-07-17
94130003,SP98,2026-07-19,2026-07-20
94130003,SP98,2026-07-21,2026-07-23
94130003,SP98,2026-07-24,2026-07-27
94130003,SP98,2026-07-30,2026-07-30
94130003,SP98,2026-07-31,2026-08-04
94130003,SP98,2026-08-04,2026-08-06
94130003,SP98,2026-08-08,2026-08-10
94130003,SP98,2026-08-24,2026-08-26
94130003,SP98,2026-08-27,2026-08-28
94130003,SP98,2026-08-28,2026-08-30
94130003,SP98,2026-08-31,2026-09-01
94130003,SP98,2026-09-01,2026-09-11
94130003,SP98,2026-09-11,2026-09-14
94130003,SP98,2026-09-15,2026-09-16
94140001,SP95,2009-10-06,
94140004,E10,2026-03-31,2026-03-31
94140004,E10,2026-04-02,2026-04-07
94140004,E10,2026-04-08,2026-04-09
94140004,E10,2026-04-13,2026-04-13
94140004,E10,2026-04-15,2026-04-15
94140004,E10,2026-05-04,2026-05-05
94140004,E10,2026-05-10,2026-05-11
94140004,E10,2026-06-08,2026-06-10
94140004,E10,2026-07-27,2026-08-01
94140004,E10,2026-08-11,2026-08-11
94140004,E10,2026-08-31,2026-09-02
94140004,E10,2026-09-07,2026-09-08
94140004,E10,2026-09-17,
94140004,E85,2023-02-03,
94140004,GPLc,2023-02-03,
94140004,Gazole,2026-03-31,2026-03-31
94140004,Gazole,2026-04-02,2026-04-07
94140004,Gazole,2026-04-08,2026-04-09
94140004,Gazole,2026-04-13,2026-04-13
94140004,Gazole,2026-04-14,2026-04-15
94140004,SP95,2023-02-03,
94140004,SP98,2026-03-31,2026-03-31
94140004,SP98,2026-04-02,2026-04-09
94140004,SP98,2026-04-09,2026-04-09
94140004,SP98,2026-04-13,2026-04-13
94140004,SP98,2026-04-14,2026-04-15
94140004,SP98,2026-05-04,2026-05-05
94140004,SP98,2026-06-08,2026-06-10
94140004,SP98,2026-06-15,2026-06-16
94140004,SP98,2026-07-27,2026-08-01
94140004,SP98,2026-08-11,2026-08-11
94140004,SP98,2026-08-31,2026-09-08
94150001,SP98,2015-08-28,
94150002,SP98,2013-07-09,
94150002,SP98,2016-07-20,
94150004,GPLc,2009-10-17,
94150004,SP95,2009-10-07,
94150005,E10,2025-01-15,2025-01-15
94150005,E10,2025-11-17,2025-11-17
94150005,E10,2026-03-23,2026-03-23
94150005,E10,2026-04-05,2026-04-07
94150005,E10,2026-05-03,2026-05-05
94150005,E10,2026-05-25,2026-05-26
94150005,E10,2026-06-07,2026-06-09
94150005,E10,2026-08-03,2026-08-03
94150005,E10,2026-09-02,2026-09-02
94150005,E10,2026-09-07,2026-09-07
94150005,E10,2026-09-11,2026-09-11
94150005,E10,2026-09-13,2026-09-14
94150005,E85,2026-03-23,2026-03-23
94150005,E85,2026-04-06,2026-04-07
94150005,E85,2026-05-15,2026-05-19
94150005,E85,2026-05-26,2026-05-28
94150005,GPLc,2019-01-07,
94150005,Gazole,2026-03-23,2026-03-23
94150005,Gazole,2026-04-06,2026-04-07
94150005,SP95,2019-01-07,2025-11-17
94150005,SP95,2026-03-12,
94150005,SP98,2025-01-15,2025-01-15
94150005,SP98,2025-11-17,2025-11-17
94150005,SP98,2026-03-16,2026-03-16
94150005,SP98,2026-03-23,2026-03-23
94150005,SP98,2026-03-31,2026-03-31
94150005,SP98,2026-04-03,2026-04-03
94150005,SP98,2026-04-05,2026-04-07
94150005,SP98,2026-04-08,2026-04-08
94150005,SP98,2026-04-12,2026-04-13
94150005,SP98,2026-04-15,2026-04-21
94150005,SP98,2026-04-23,2026-04-23
94150005,SP98,2026-04-30,2026-05-05
94150005,SP98,2026-05-08,2026-05-13
94150005,SP98,2026-05-14,2026-05-15
94150005,SP98,2026-05-17,2026-05-18
94150005,SP98,2026-05-19,2026-05-20
94150005,SP98,2026-05-24,2026-05-26
94150005,SP98,2026-05-28,2026-05-29
94150005,SP98,2026-05-30,2026-06-09
94150005,SP98,2026-06-11,2026-06-24
94150005,SP98,2026-07-01,2026-07-02
94150005,SP98,2026-07-03,2026-07-06
94150005,SP98,2026-07-12,2026-07-13
94150005,SP98,2026-07-14,2026-07-15
94150005,SP98,2026-07-26,2026-07-31
94150005,SP98,2026-07-31,2026-08-03
94150005,SP98,2026-08-04,2026-08-04
94150005,SP98,2026-08-05,2026-08-08
94150005,SP98,2026-08-11,2026-08-11
94150005,SP98,2026-08-14,2026-08-17
94150005,SP98,2026-08-21,2026-08-24
94150005,SP98,2026-08-25,2026-08-31
94150005,SP98,2026-09-01,2026-09-01
94150005,SP98,2026-09-02,2026-09-02
94150005,SP98,2026-09-03,2026-09-03
94150005,SP98,2026-09-04,2026-09-04
94150005,SP98,2026-09-07,2026-09-07
94150005,SP98,2026-09-11,2026-09-11
94150005,SP98,2026-09-12,2026-09-14
94150005,SP98,2026-09-15,2026-09-17
94150006,E85,2022-09-20,
94150006,GPLc,2022-09-20,
94150006,SP95,2022-09-20,
94150007,SP98,2016-07-20,
94150008,GPLc,2025-09-11,2026-03-25
94150009,E10,2025-07-14,2025-07-15
94150009,GPLc,2025-09-11,2025-10-09
94160001,E85,2017-11-12,
94160001,GPLc,2018-01-10,
94160001,SP95,2017-11-12,
94170002,E10,2025-05-17,2025-05-17
94170002,E10,2026-04-06,2026-04-06
94170002,E10,2026-04-07,2026-04-07
94170002,SP95,2009-10-29,
94170004,E85,2017-09-01,
94170004,GPLc,2017-09-01,
94170004,SP95,2017-09-01,
94190002,E85,2024-10-30,
94190002,GPLc,2024-10-30,
94190002,SP95,2009-11-17,
94190003,E85,2019-11-21,
94190003,GPLc,2017-09-25,
94190003,SP95,2018-06-01,
94190005,E10,2022-07-12,
94190005,E85,2017-09-20,
94190005,GPLc,2022-07-12,
94190005,Gazole,2022-07-12,
94190005,SP95,2020-01-13,
94190005,SP98,2022-07-12,
94190007,E10,2026-04-03,2026-04-03
94190007,E10,2026-04-07,2026-04-08
94190007,E10,2026-05-04,2026-05-05
94190007,E10,2026-05-21,2026-05-22
94190007,E10,2026-05-25,2026-05-25
94190007,E10,2026-06-08,2026-06-10
94190007,E10,2026-06-12,2026-06-15
94190007,E10,2026-06-15,2026-06-16
94190007,E10,2026-08-03,2026-08-04
94190007,E10,2026-08-04,2026-08-06
94190007,E10,2026-09-08,2026-09-09
94190007,E10,2026-09-16,2026-09-17
94190007,E85,2026-04-07,2026-04-08
94190007,E85,2026-05-04,2026-05-05
94190007,E85,2026-05-18,2026-05-21
94190007,E85,2026-05-25,2026-05-27
94190007,E85,2026-06-08,2026-06-10
94190007,E85,2026-06-12,2026-06-15
94190007,E85,2026-06-15,2026-06-16
94190007,E85,2026-08-04,2026-08-06
94190007,GPLc,2022-10-26,2025-11-18
94190007,GPLc,2026-04-07,2026-04-07
94190007,GPLc,2026-09-09,
94190007,Gazole,2026-04-03,2026-04-03
94190007,Gazole,2026-04-07,2026-04-08
94190007,Gazole,2026-05-04,2026-05-05
94190007,Gazole,2026-05-25,2026-05-25
94190007,Gazole,2026-06-08,2026-06-10
94190007,Gazole,2026-06-12,2026-06-15
94190007,Gazole,2026-06-15,2026-06-16
94190007,SP95,2023-03-09,2026-07-17
94190007,SP95,2026-07-17,
94190007,SP98,2026-01-08,2026-01-08
94190007,SP98,2026-04-03,2026-04-03
94190007,SP98,2026-04-07,2026-04-08
94190007,SP98,2026-05-04,2026-05-06
94190007,SP98,2026-05-18,2026-05-19
94190007,SP98,2026-05-21,2026-05-22
94190007,SP98,2026-05-25,2026-05-25
94190007,SP98,2026-06-08,2026-06-10
94190007,SP98,2026-06-12,2026-06-15
94190007,SP98,2026-06-15,2026-06-17
94190007,SP98,2026-06-19,2026-06-24
94190007,SP98,2026-07-15,2026-07-17
94190007,SP98,2026-08-03,2026-08-07
94190007,SP98,2026-08-10,2026-08-10
94190007,SP98,2026-08-24,2026-09-02
94190007,SP98,2026-09-03,2026-09-03
94190007,SP98,2026-09-04,2026-09-07
94190007,SP98,2026-09-08,2026-09-14
94190007,SP98,2026-09-15,2026-09-16
94190007,SP98,2026-09-17,
94200001,E85,2012-02-17,
94200001,SP95,2010-01-27,
94200003,SP98,2013-07-09,
94200003,SP98,2016-07-20,
94200007,SP95,2012-07-05,
94200008,E10,2026-04-03,2026-04-07
94200008,E10,2026-04-07,2026-04-10
94200008,E10,2026-05-11,2026-06-26
94200008,E85,2026-04-05,2026-04-07
94200008,E85,2026-04-07,2026-04-10
94200008,E85,2026-04-13,2026-04-14
94200008,GPLc,2022-10-10,
94200008,Gazole,2026-04-05,2026-04-07
94200008,Gazole,2026-04-07,2026-04-09
94200008,Gazole,2026-04-09,2026-04-10
94200008,SP95,2022-10-10,
94200008,SP98,2026-04-03,2026-04-07
94200008,SP98,2026-04-07,2026-04-10
94200008,SP98,2026-04-13,2026-04-14
94200008,SP98,2026-05-05,2026-06-26
94204001,E85,2017-08-30,
94204001,GPLc,2017-08-30,
94204001,Gazole,2026-02-02,2026-02-03
94204001,Gazole,2026-03-16,2026-03-17
94210001,SP95,2010-07-13,
94220001,SP98,2015-02-11,
94220003,SP95,2018-01-10,
94220004,E10,2025-01-20,2025-07-25
94220004,E10,2026-03-30,2026-04-01
94220004,E10,2026-04-03,2026-04-07
94220004,E10,2026-04-13,2026-04-14
94220004,E10,2026-04-27,2026-04-30
94220004,E10,2026-05-03,2026-05-05
94220004,E10,2026-05-07,2026-05-09
94220004,E10,2026-05-11,2026-05-12
94220004,E10,2026-05-12,2026-05-12
94220004,E10,2026-05-13,2026-05-15
94220004,E10,2026-05-16,2026-05-18
94220004,E10,2026-05-18,2026-05-19
94220004,E10,2026-05-20,2026-05-27
94220004,E10,2026-05-28,2026-05-29
94220004,E10,2026-05-29,2026-05-30
94220004,E10,2026-05-31,2026-06-01
94220004,E10,2026-06-06,2026-06-06
94220004,E10,2026-06-07,2026-06-08
94220004,E10,2026-06-08,2026-06-08
94220004,E10,2026-06-12,2026-06-13
94220004,E10,2026-06-15,2026-06-19
94220004,E10,2026-06-21,2026-06-22
94220004,E10,2026-06-23,2026-06-23
94220004,E10,2026-06-29,2026-06-29
94220004,E10,2026-07-03,2026-07-06
94220004,E10,2026-07-10,2026-07-13
94220004,E10,2026-07-16,2026-07-16
94220004,E10,2026-07-20,2026-07-20
94220004,E10,2026-07-26,2026-07-27
94220004,E10,2026-08-02,2026-08-03
94220004,E10,2026-08-10,2026-08-11
94220004,E10,2026-08-17,2026-08-17
94220004,E10,2026-08-23,2026-08-24
94220004,E10,2026-08-28,2026-08-29
94220004,E10,2026-08-30,2026-08-31
94220004,E10,2026-09-02,2026-09-03
94220004,E10,2026-09-06,2026-09-07
94220004,E10,2026-09-08,2026-09-09
94220004,E10,2026-09-09,2026-09-09
94220004,E10,2026-09-10,2026-09-11
94220004,E10,2026-09-11,2026-09-12
94220004,E10,2026-09-13,2026-09-14
94220004,E10,2026-09-16,2026-09-16
94220004,E10,2026-09-17,
94220004,E85,2023-02-10,
94220004,GPLc,2023-02-10,
94220004,Gazole,2026-04-01,2026-04-01
94220004,Gazole,2026-04-03,2026-04-07
94220004,Gazole,2026-04-08,2026-04-13
94220004,Gazole,2026-04-14,2026-04-14
94220004,Gazole,2026-05-10,2026-05-12
94220004,Gazole,2026-05-14,2026-05-15
94220004,Gazole,2026-05-16,2026-05-18
94220004,Gazole,2026-05-26,2026-05-27
94220004,Gazole,2026-05-27,2026-05-27
94220004,Gazole,2026-06-29,2026-06-29
94220004,Gazole,2026-07-12,2026-07-13
94220004,Gazole,2026-09-16,2026-09-16
94220004,SP95,2023-02-10,
94220004,SP98,2025-01-20,2025-07-25
94220004,SP98,2026-03-30,2026-04-01
94220004,SP98,2026-04-03,2026-04-07
94220004,SP98,2026-04-13,2026-04-14
94220004,SP98,2026-04-20,2026-04-20
94220004,SP98,2026-04-27,2026-05-05
94220004,SP98,2026-05-07,2026-05-09
94220004,SP98,2026-05-10,2026-05-12
94220004,SP98,2026-05-12,2026-05-12
94220004,SP98,2026-05-13,2026-05-15
94220004,SP98,2026-05-16,2026-05-19
94220004,SP98,2026-05-20,2026-05-29
94220004,SP98,2026-05-29,2026-06-01
94220004,SP98,2026-06-04,2026-06-04
94220004,SP98,2026-06-06,2026-06-09
94220004,SP98,2026-06-09,2026-06-10
94220004,SP98,2026-06-10,2026-06-13
94220004,SP98,2026-06-14,2026-06-19
94220004,SP98,2026-06-20,2026-06-22
94220004,SP98,2026-06-23,2026-06-23
94220004,SP98,2026-06-29,2026-06-29
94220004,SP98,2026-07-03,2026-07-06
94220004,SP98,2026-07-10,2026-07-13
94220004,SP98,2026-07-14,2026-07-16
94220004,SP98,2026-07-20,2026-07-20
94220004,SP98,2026-07-25,2026-07-27
94220004,SP98,2026-07-31,2026-07-31
94220004,SP98,2026-08-01,2026-08-03
94220004,SP98,2026-08-05,2026-08-06
94220004,SP98,2026-08-10,2026-08-11
94220004,SP98,2026-08-16,2026-08-17
94220004,SP98,2026-08-19,2026-08-19
94220004,SP98,2026-08-20,2026-08-20
94220004,SP98,2026-08-21,2026-08-21
94220004,SP98,2026-08-23,2026-08-24
94220004,SP98,2026-08-24,2026-08-25
94220004,SP98,2026-08-26,2026-08-26
94220004,SP98,2026-08-28,2026-09-01
94220004,SP98,2026-09-02,2026-09-03
94220004,SP98,2026-09-04,2026-09-07
94220004,SP98,2026-09-08,2026-09-09
94220004,SP98,2026-09-10,2026-09-11
94220004,SP98,2026-09-11,2026-09-14
94220004,SP98,2026-09-15,2026-09-16
94220004,SP98,2026-09-17,
94240001,E10,2009-09-01,
94240001,Gazole,2009-09-01,
94240001,SP95,2009-04-21,
94240004,E10,2025-09-29,2025-11-06
94240004,Gazole,2025-11-06,2025-12-08
94240008,SP95,2010-10-01,
94250001,E85,2023-03-14,
94250001,SP95,2009-10-30,
94270003,Gazole,2009-02-09,
94270003,SP95,2009-02-09,
94270005,E10,2025-04-20,2025-04-21
94270005,E10,2025-04-21,2025-04-22
94270005,E10,2025-05-29,2025-05-30
94270005,E10,2025-12-20,2025-12-21
94270005,E10,2026-03-03,2026-03-04
94270005,E10,2026-03-18,2026-03-20
94270005,E10,2026-04-06,2026-04-07
94270005,E85,2019-02-14,
94270005,GPLc,2019-12-11,2026-03-03
94270005,GPLc,2026-03-03,
94270005,Gazole,2025-04-21,2025-04-22
94270005,Gazole,2025-12-20,2025-12-21
94270005,Gazole,2026-03-02,2026-03-03
94270005,Gazole,2026-04-06,2026-04-07
94270005,Gazole,2026-04-07,2026-04-08
94270005,SP95,2019-02-14,
94270005,SP98,2025-04-16,2025-04-17
94270005,SP98,2025-04-20,2025-04-21
94270005,SP98,2025-04-21,2025-04-22
94270005,SP98,2025-05-29,2025-05-30
94270005,SP98,2025-12-20,2025-12-21
94270005,SP98,2026-03-03,2026-03-04
94270005,SP98,2026-04-06,2026-04-07
94290003,E85,2022-10-11,
94290003,GPLc,2022-10-11,
94290003,SP98,2026-08-27,2026-09-01
94290006,E10,2014-07-01,
94290006,E85,2011-09-15,
94290006,GPLc,2011-09-15,
94290006,Gazole,2014-07-01,
94290006,SP95,2011-09-15,
94290006,SP98,2014-07-01,
94290009,E10,2012-12-20,
94290009,Gazole,2012-12-20,
94290009,SP95,2010-10-28,
94300001,E10,2017-09-05,
94300001,E85,2017-09-05,
94300001,GPLc,2017-09-05,
94300001,Gazole,2023-09-04,
94300001,SP95,2023-09-04,
94300001,SP98,2023-09-04,
94310002,E10,2025-12-21,2025-12-22
94310002,E10,2026-07-04,2026-07-06
94310002,E10,2026-07-11,2026-07-13
94310002,E85,2017-08-29,
94310002,GPLc,2017-08-29,
94310002,SP98,2025-12-20,2025-12-21
94310002,SP98,2025-12-21,2025-12-22
94310002,SP98,2026-03-20,2026-03-21
94310002,SP98,2026-07-04,2026-07-06
94310002,SP98,2026-07-11,2026-07-13
94310002,SP98,2026-08-22,2026-08-24
94310003,E85,2010-11-26,
94310003,SP95,2009-10-06,
94310004,E10,2026-05-05,2026-05-05
94310004,E10,2026-05-19,2026-05-20
94310004,E10,2026-05-28,2026-05-29
94310004,E10,2026-07-15,2026-07-16
94310004,E10,2026-08-22,2026-08-25
94310004,E10,2026-09-05,2026-09-07
94310004,E85,2023-03-23,2026-07-16
94310004,E85,2026-07-16,
94310004,GPLc,2026-06-26,2026-07-04
94310004,GPLc,2026-07-07,2026-08-10
94310004,Gazole,2026-04-04,2026-04-07
94310004,Gazole,2026-04-07,2026-04-08
94310004,SP95,2015-02-18,2026-08-24
94310004,SP95,2026-08-25,2026-09-15
94310004,SP95,2026-09-16,
94310004,SP98,2026-04-04,2026-04-07
94310004,SP98,2026-04-07,2026-04-08
94310004,SP98,2026-05-05,2026-05-05
94310004,SP98,2026-05-16,2026-05-20
94310004,SP98,2026-05-27,2026-05-29
94310004,SP98,2026-07-15,2026-07-16
94310004,SP98,2026-07-16,2026-07-20
94310004,SP98,2026-07-27,2026-08-08
94310004,SP98,2026-08-08,2026-09-02
94310004,SP98,2026-09-05,2026-09-09
94310004,SP98,2026-09-15,2026-09-16
94340001,SP95,2010-11-03,
94340002,SP98,2016-07-20,
94340003,SP95,2009-10-28,
94340004,SP98,2013-07-09,
94340005,SP98,2016-07-20,
94340008,E10,2025-07-14,2025-07-15
94340008,E85,2025-07-14,2025-10-07
94340008,SP98,2025-07-14,2025-07-15
94350001,E10,2009-04-17,
94350001,SP95,2009-04-17,
94350002,SP98,2016-05-28,
94350002,SP98,2016-07-20,
94370001,E85,2010-10-21,
94370001,GPLc,2010-10-27,
94370001,SP95,2011-11-26,
94370003,E85,2025-11-07,
94370003,GPLc,2025-11-07,
94370003,SP95,2009-10-22,2025-11-07
94370003,SP95,2025-11-07,
94370003,SP98,2026-04-06,2026-04-07
94370005,E10,2025-01-08,2025-01-13
94370005,E10,2025-01-17,2025-01-20
94370005,E10,2025-02-13,2025-02-14
94370005,E10,2026-04-07,2026-04-08
94370005,E10,2026-04-16,2026-04-21
94370005,E10,2026-05-05,2026-05-11
94370005,E10,2026-08-31,2026-09-01
94370005,E10,2026-09-14,
94370005,E85,2018-06-11,
94370005,GPLc,2018-06-11,
94370005,Gazole,2025-01-16,2025-01-20
94370005,Gazole,2025-02-13,2025-02-14
94370005,Gazole,2026-04-07,2026-04-08
94370005,SP95,2018-11-06,
94370005,SP98,2025-01-15,2025-02-05
94370005,SP98,2025-02-15,2025-02-26
94370005,SP98,2025-03-11,2025-03-13
94370005,SP98,2025-03-27,2025-04-03
94370005,SP98,2025-05-27,2025-09-29
94370005,SP98,2026-04-07,2026-04-08
94370005,SP98,2026-07-06,2026-07-10
94370005,SP98,2026-08-31,2026-09-01
94370005,SP98,2026-09-15,
94370006,E10,2009-04-17,
94370006,SP95,2009-04-08,
94370007,E10,2026-04-04,2026-04-08
94370007,E10,2026-05-04,2026-05-04
94370007,E10,2026-05-10,2026-05-12
94370007,E10,2026-05-26,2026-05-28
94370007,E10,2026-05-29,2026-06-01
94370007,E10,2026-07-01,
94370007,E85,2017-08-31,
94370007,GPLc,2017-08-31,
94370007,Gazole,2026-04-02,2026-04-03
94370007,Gazole,2026-04-04,2026-04-08
94370007,Gazole,2026-07-01,
94370007,SP95,2017-08-31,
94370007,SP98,2026-04-02,2026-04-03
94370007,SP98,2026-04-04,2026-04-08
94370007,SP98,2026-05-04,2026-05-04
94370007,SP98,2026-05-10,2026-05-12
94370007,SP98,2026-05-19,2026-05-20
94370007,SP98,2026-05-26,2026-06-01
94370007,SP98,2026-07-01,
94370008,E10,2026-04-03,2026-04-07
94370008,E10,2026-04-08,2026-04-09
94370008,E10,2026-08-03,2026-08-04
94370008,E10,2026-09-10,2026-09-10
94370008,E10,2026-09-16,
94370008,E85,2015-02-18,
94370008,GPLc,2015-02-18,
94370008,Gazole,2026-04-02,2026-04-07
94370008,SP95,2015-02-18,
94370008,SP98,2026-04-02,2026-04-09
94370008,SP98,2026-08-03,2026-08-14
94370008,SP98,2026-08-17,2026-09-02
94370008,SP98,2026-09-08,2026-09-10
94370008,SP98,2026-09-16,
94380001,E85,2010-10-21,
94380001,GPLc,2012-08-21,
94380001,SP95,2014-12-11,
94380002,SP95,2009-11-03,
94380003,E10,2025-04-20,2025-04-22
94380003,E10,2025-05-29,2025-05-30
94380003,E10,2025-06-09,2025-06-10
94380003,E10,2025-07-14,2025-07-15
94380003,E10,2025-11-02,2025-11-04
94380003,E10,2025-12-21,2025-12-23
94380003,E10,2026-03-03,2026-03-03
94380003,E10,2026-04-06,2026-04-07
94380003,E10,2026-07-14,2026-07-15
94380003,E85,2017-11-17,
94380003,GPLc,2017-11-17,
94380003,SP95,2025-04-21,2025-04-22
94380003,SP95,2025-08-07,2025-08-08
94380003,SP95,2026-03-03,2026-03-03
94380003,SP95,2026-07-14,2026-07-15
94380003,SP98,2025-04-20,2025-04-22
94380003,SP98,2025-05-29,2025-05-30
94380003,SP98,2025-06-09,2025-06-10
94380003,SP98,2025-07-14,2025-07-15
94380003,SP98,2025-12-21,2025-12-23
94380003,SP98,2026-03-03,2026-03-03
94380003,SP98,2026-04-06,2026-04-07
94380003,SP98,2026-07-14,2026-07-15
94380004,E10,2025-03-11,2025-03-11
94380004,E10,2026-08-31,2026-09-01
94380004,E10,2026-09-02,2026-09-03
94380004,E85,2022-10-04,
94380004,GPLc,2022-10-04,
94380004,SP95,2024-05-23,
94380004,SP98,2025-03-11,2025-03-11
94380004,SP98,2026-08-17,2026-09-04
94380004,SP98,2026-09-08,2026-09-10
94380004,SP98,2026-09-11,2026-09-11
94380004,SP98,2026-09-14,2026-09-15
94380004,SP98,2026-09-17,
94400001,E10,2009-06-03,
94400001,E85,2009-10-14,
94400001,GPLc,2009-10-01,
94400002,E85,2009-05-24,
94400002,GPLc,2009-04-01,
94400002,SP95,2013-06-26,
94400003,SP95,2009-11-23,
94400003,SP98,2026-04-07,2026-04-07
94400004,E10,2025-01-05,2025-01-06
94400004,E10,2025-04-21,2025-04-22
94400004,E10,2025-06-11,2025-06-12
94400004,E10,2025-09-08,2025-09-09
94400004,E10,2025-10-20,2025-10-20
94400004,E10,2025-12-07,2025-12-07
94400004,E10,2025-12-22,2025-12-22
94400004,E10,2025-12-26,2025-12-29
94400004,E10,2026-03-02,2026-03-02
94400004,E10,2026-03-09,2026-03-09
94400004,E10,2026-04-07,2026-04-07
94400004,E10,2026-06-18,2026-06-22
94400004,E10,2026-07-05,2026-07-06
94400004,E85,2017-09-02,
94400004,GPLc,2025-12-07,2025-12-07
94400004,GPLc,2026-08-13,2026-09-08
94400004,Gazole,2025-12-07,2025-12-07
94400004,Gazole,2025-12-22,2025-12-22
94400004,Gazole,2026-06-18,2026-06-22
94400004,Gazole,2026-07-05,2026-07-06
94400004,SP95,2025-01-05,2025-01-06
94400004,SP95,2025-06-11,2025-06-12
94400004,SP95,2025-09-08,2025-09-09
94400004,SP95,2025-10-20,2025-10-20
94400004,SP95,2025-12-07,2025-12-07
94400004,SP95,2025-12-22,2025-12-22
94400004,SP95,2026-03-09,2026-03-09
94400004,SP95,2026-04-07,2026-04-07
94400004,SP95,2026-06-18,2026-06-22
94400004,SP95,2026-07-05,2026-07-06
94400004,SP98,2025-01-05,2025-01-06
94400004,SP98,2025-04-15,2025-04-17
94400004,SP98,2025-04-21,2025-04-22
94400004,SP98,2025-05-12,2025-05-14
94400004,SP98,2025-06-04,2025-06-06
94400004,SP98,2025-06-11,2025-06-12
94400004,SP98,2025-09-08,2025-09-09
94400004,SP98,2025-10-20,2025-10-20
94400004,SP98,2025-12-07,2025-12-07
94400004,SP98,2025-12-22,2025-12-22
94400004,SP98,2025-12-26,2025-12-29
94400004,SP98,2026-03-02,2026-03-02
94400004,SP98,2026-03-09,2026-03-09
94400004,SP98,2026-04-07,2026-04-07
94400004,SP98,2026-06-18,2026-06-22
94400004,SP98,2026-07-05,2026-07-06
94400005,E10,2026-04-09,2026-04-09
94400005,E85,2026-04-09,2026-04-09
94400005,GPLc,2022-10-10,
94400005,Gazole,2026-04-05,2026-04-07
94400005,SP95,2022-10-10,
94400005,SP98,2026-04-05,2026-04-07
94430001,E85,2009-10-07,
94430001,GPLc,2013-05-01,
94430001,SP95,2009-10-07,
94430002,E10,2020-05-28,
94430002,E85,2020-05-28,
94430002,GPLc,2020-05-28,
94430002,Gazole,2025-03-19,
94430002,SP95,2025-03-19,
94430002,SP98,2025-03-19,
94430006,GPLc,2014-01-14,
94430006,SP95,2014-01-14,
94430007,E10,2026-04-03,2026-04-04
94430007,E10,2026-04-07,2026-04-08
94430007,E10,2026-04-08,2026-04-09
94430007,E10,2026-04-10,2026-04-10
94430007,E10,2026-04-11,2026-04-13
94430007,E10,2026-04-13,2026-04-14
94430007,E10,2026-04-15,2026-04-15
94430007,E10,2026-04-18,2026-04-19
94430007,E10,2026-05-04,2026-05-05
94430007,E10,2026-05-09,2026-05-10
94430007,E10,2026-05-11,2026-05-13
94430007,E10,2026-05-13,2026-05-13
94430007,E10,2026-05-25,2026-05-27
94430007,E10,2026-05-27,2026-05-27
94430007,E10,2026-05-30,2026-05-30
94430007,E10,2026-06-01,2026-06-03
94430007,E10,2026-06-17,2026-07-13
94430007,E10,2026-07-14,2026-07-16
94430007,E10,2026-07-20,2026-07-21
94430007,E10,2026-07-21,2026-07-24
94430007,E10,2026-08-31,2026-09-01
94430007,E10,2026-09-05,2026-09-08
94430007,E10,2026-09-08,2026-09-11
94430007,E10,2026-09-14,
94430007,E85,2026-04-07,2026-04-09
94430007,E85,2026-04-11,2026-04-13
94430007,E85,2026-04-13,2026-04-14
94430007,E85,2026-04-15,2026-04-17
94430007,E85,2026-04-18,2026-04-19
94430007,E85,2026-05-04,2026-05-07
94430007,E85,2026-05-10,2026-05-11
94430007,E85,2026-05-12,2026-05-13
94430007,E85,2026-05-13,2026-05-23
94430007,E85,2026-05-25,2026-05-28
94430007,E85,2026-05-30,2026-06-03
94430007,E85,2026-06-22,2026-06-30
94430007,E85,2026-07-13,2026-07-13
94430007,E85,2026-07-14,2026-07-16
94430007,E85,2026-07-20,2026-07-21
94430007,GPLc,2023-03-17,
94430007,Gazole,2026-04-03,2026-04-04
94430007,Gazole,2026-04-07,2026-04-09
94430007,Gazole,2026-04-11,2026-04-14
94430007,Gazole,2026-04-15,2026-04-15
94430007,Gazole,2026-04-18,2026-04-19
94430007,Gazole,2026-04-19,2026-04-20
94430007,Gazole,2026-05-04,2026-05-07
94430007,Gazole,2026-05-09,2026-05-10
94430007,Gazole,2026-05-25,2026-05-27
94430007,Gazole,2026-06-01,2026-06-03
94430007,Gazole,2026-07-14,2026-07-16
94430007,Gazole,2026-07-20,2026-07-21
94430007,Gazole,2026-09-15,
94430007,SP95,2023-03-16,
94430007,SP98,2026-04-03,2026-04-09
94430007,SP98,2026-04-11,2026-04-13
94430007,SP98,2026-04-13,2026-04-14
94430007,SP98,2026-04-15,2026-04-15
94430007,SP98,2026-04-18,2026-04-19
94430007,SP98,2026-04-19,2026-04-20
94430007,SP98,2026-04-27,2026-05-08
94430007,SP98,2026-05-08,2026-05-19
94430007,SP98,2026-05-23,2026-06-03
94430007,SP98,2026-06-06,2026-06-17
94430007,SP98,2026-06-22,2026-07-21
94430007,SP98,2026-07-21,2026-07-24
94430007,SP98,2026-07-27,2026-09-01
94430007,SP98,2026-09-02,2026-09-08
94430007,SP98,2026-09-08,2026-09-11
94430007,SP98,2026-09-14,
94450001,E85,2009-11-15,
94450001,GPLc,2009-11-15,
94450001,SP95,2009-11-15,
94450003,SP95,2010-10-29,
94450004,E10,2026-08-03,2026-08-03
94450004,E10,2026-08-05,2026-08-17
94450004,E10,2026-08-25,
94450004,GPLc,2022-10-05,
94450004,SP95,2022-10-05,
94450004,SP98,2026-08-03,2026-08-13
94450004,SP98,2026-09-01,2026-09-02
94450004,SP98,2026-09-07,2026-09-10
94450004,SP98,2026-09-11,2026-09-14
94460001,E10,2026-04-07,2026-04-08
94460001,E85,2023-03-08,
94460001,GPLc,2023-03-08,
94460001,SP95,2023-03-08,2026-04-08
94460001,SP95,2026-04-08,
94460003,Gazole,2012-11-27,
94460003,SP95,2012-11-27,
94470002,E10,2024-10-16,2025-08-12
94470002,E10,2025-12-13,2025-12-15
94470002,E10,2025-12-14,2025-12-17
94470002,E10,2025-12-15,2025-12-17
94470002,E10,2026-05-29,2026-06-01
94470002,E10,2026-06-06,2026-06-08
94470002,E10,2026-06-15,2026-06-16
94470002,Gazole,2024-10-16,2025-08-12
94470002,Gazole,2025-12-14,2025-12-15
94470004,E10,2009-04-17,
94470004,E85,2010-09-24,
94470004,GPLc,2010-09-24,
94470004,Gazole,2010-09-24,
94470004,SP95,2009-04-17,
94470005,GPLc,2017-10-12,
94470005,SP95,2017-10-12,
94470006,GPLc,2019-10-21,
94470006,SP95,2019-10-21,
94471001,E10,2017-06-14,
94471001,Gazole,2018-08-18,
94471001,SP95,2018-10-01,
94471001,SP98,2018-09-21,
94500003,GPLc,2011-11-24,
94500003,SP95,2009-10-23,
94500004,SP95,2009-10-14,
94500007,E10,2025-04-21,2025-04-22
94500007,E10,2025-05-29,2025-05-30
94500007,E10,2025-07-05,2025-07-07
94500007,E10,2025-07-30,2025-07-31
94500007,E10,2025-08-15,2025-08-16
94500007,E10,2025-09-08,2025-09-09
94500007,E10,2025-10-25,2025-10-27
94500007,E10,2025-11-01,2025-11-03
94500007,E10,2025-11-11,2025-11-12
94500007,E10,2025-12-14,2025-12-15
94500007,E10,2025-12-20,2025-12-22
94500007,E10,2026-01-05,2026-01-08
94500007,E10,2026-03-03,2026-03-04
94500007,E10,2026-03-07,2026-03-09
94500007,E10,2026-03-18,2026-03-20
94500007,E10,2026-03-28,2026-03-30
94500007,E10,2026-04-06,2026-04-07
94500007,E10,2026-05-02,2026-05-04
94500007,E10,2026-05-14,2026-05-15
94500007,E10,2026-05-25,2026-05-26
94500007,E10,2026-06-01,2026-06-02
94500007,E10,2026-07-04,2026-07-06
94500007,E85,2017-09-25,
94500007,GPLc,2018-02-06,
94500007,Gazole,2025-12-14,2025-12-15
94500007,Gazole,2025-12-21,2025-12-22
94500007,Gazole,2026-05-02,2026-05-04
94500007,Gazole,2026-09-14,2026-09-14
94500007,SP95,2025-12-14,2025-12-15
94500007,SP95,2025-12-21,2025-12-22
94500007,SP95,2026-05-02,2026-05-04
94500007,SP98,2025-04-21,2025-04-22
94500007,SP98,2025-05-29,2025-05-30
94500007,SP98,2025-06-09,2025-06-10
94500007,SP98,2025-07-30,2025-07-31
94500007,SP98,2025-08-04,2025-08-05
94500007,SP98,2025-09-08,2025-09-09
94500007,SP98,2025-10-25,2025-10-27
94500007,SP98,2025-11-01,2025-11-03
94500007,SP98,2025-11-11,2025-11-12
94500007,SP98,2025-12-14,2025-12-15
94500007,SP98,2025-12-20,2025-12-22
94500007,SP98,2026-03-02,2026-03-03
94500007,SP98,2026-03-04,2026-03-05
94500007,SP98,2026-04-06,2026-04-07
94500007,SP98,2026-05-02,2026-05-04
94500007,SP98,2026-06-01,2026-06-02
94500007,SP98,2026-07-04,2026-07-06
94500010,GPLc,2022-10-31,
94500010,SP95,2018-06-14,
94500010,SP98,2024-04-29,2025-07-24
94500011,E10,2025-01-19,2025-01-20
94500011,E10,2026-04-01,2026-04-02
94500011,E10,2026-04-06,2026-04-07
94500011,E10,2026-04-13,2026-04-14
94500011,E10,2026-04-17,2026-04-18
94500011,E10,2026-04-20,2026-04-20
94500011,E10,2026-04-26,2026-04-27
94500011,E10,2026-05-03,2026-05-04
94500011,E10,2026-05-04,2026-05-05
94500011,E10,2026-05-07,2026-05-07
94500011,E10,2026-05-10,2026-05-11
94500011,E10,2026-05-13,2026-05-15
94500011,E10,2026-05-17,2026-05-18
94500011,E10,2026-05-23,2026-05-26
94500011,E10,2026-05-26,2026-05-27
94500011,E10,2026-05-29,2026-06-01
94500011,E10,2026-06-05,2026-06-06
94500011,E10,2026-06-09,2026-06-09
94500011,E10,2026-06-10,2026-06-11
94500011,E10,2026-06-22,2026-06-22
94500011,E10,2026-07-05,2026-07-06
94500011,E10,2026-07-07,2026-07-07
94500011,E10,2026-07-09,2026-07-10
94500011,E10,2026-07-12,2026-07-14
94500011,E10,2026-07-15,2026-07-16
94500011,E10,2026-07-18,2026-07-20
94500011,E10,2026-07-26,2026-07-28
94500011,E10,2026-08-02,2026-08-03
94500011,E10,2026-08-25,2026-08-25
94500011,E10,2026-08-31,2026-08-31
94500011,E10,2026-09-04,2026-09-04
94500011,E10,2026-09-06,2026-09-07
94500011,E10,2026-09-08,2026-09-09
94500011,E10,2026-09-14,2026-09-15
94500011,E10,2026-09-17,2026-09-17
94500011,E85,2018-06-12,
94500011,GPLc,2018-06-12,
94500011,Gazole,2026-04-02,2026-04-02
94500011,Gazole,2026-04-03,2026-04-04
94500011,Gazole,2026-04-06,2026-04-07
94500011,Gazole,2026-04-13,2026-04-14
94500011,Gazole,2026-05-10,2026-05-10
94500011,SP95,2018-06-12,2026-07-07
94500011,SP95,2026-07-09,2026-07-09
94500011,SP95,2026-07-10,
94500011,SP98,2025-01-19,2025-01-21
94500011,SP98,2026-04-01,2026-04-02
94500011,SP98,2026-04-03,2026-04-04
94500011,SP98,2026-04-06,2026-04-07
94500011,SP98,2026-04-09,2026-04-14
94500011,SP98,2026-04-14,2026-04-16
94500011,SP98,2026-04-17,2026-04-18
94500011,SP98,2026-04-20,2026-04-20
94500011,SP98,2026-04-21,2026-04-22
94500011,SP98,2026-04-25,2026-04-27
94500011,SP98,2026-04-27,2026-04-28
94500011,SP98,2026-04-30,2026-05-05
94500011,SP98,2026-05-06,2026-05-07
94500011,SP98,2026-05-10,2026-05-11
94500011,SP98,2026-05-13,2026-05-15
94500011,SP98,2026-05-16,2026-05-18
94500011,SP98,2026-05-19,2026-05-20
94500011,SP98,2026-05-20,2026-05-22
94500011,SP98,2026-05-22,2026-05-26
94500011,SP98,2026-05-26,2026-06-03
94500011,SP98,2026-06-03,2026-06-04
94500011,SP98,2026-06-05,2026-06-06
94500011,SP98,2026-06-06,2026-06-09
94500011,SP98,2026-06-09,2026-06-10
94500011,SP98,2026-06-10,2026-06-10
94500011,SP98,2026-06-11,2026-06-12
94500011,SP98,2026-06-15,2026-06-16
94500011,SP98,2026-06-18,2026-06-19
94500011,SP98,2026-06-20,2026-06-22
94500011,SP98,2026-06-23,2026-06-24
94500011,SP98,2026-06-24,2026-06-25
94500011,SP98,2026-06-29,2026-07-02
94500011,SP98,2026-07-03,2026-07-06
94500011,SP98,2026-07-07,2026-07-07
94500011,SP98,2026-07-09,2026-07-10
94500011,SP98,2026-07-12,2026-07-14
94500011,SP98,2026-07-15,2026-07-16
94500011,SP98,2026-07-18,2026-07-20
94500011,SP98,2026-07-24,2026-07-28
94500011,SP98,2026-07-30,2026-08-03
94500011,SP98,2026-08-05,2026-08-06
94500011,SP98,2026-08-09,2026-08-11
94500011,SP98,2026-08-11,2026-08-13
94500011,SP98,2026-08-14,2026-08-14
94500011,SP98,2026-08-15,2026-08-18
94500011,SP98,2026-08-19,2026-08-19
94500011,SP98,2026-08-21,2026-08-21
94500011,SP98,2026-08-22,2026-08-25
94500011,SP98,2026-08-25,2026-08-26
94500011,SP98,2026-08-26,2026-08-27
94500011,SP98,2026-08-28,2026-08-29
94500011,SP98,2026-08-31,2026-09-02
94500011,SP98,2026-09-02,2026-09-07
94500011,SP98,2026-09-08,2026-09-10
94500011,SP98,2026-09-11,2026-09-12
94500011,SP98,2026-09-13,2026-09-15
94500011,SP98,2026-09-17,2026-09-17
94500012,SP98,2016-07-20,
94500013,SP98,2016-11-03,
94500014,E10,2026-05-28,2026-05-31
94500014,E85,2026-05-13,2026-05-28
94500014,Gazole,2025-10-06,2025-10-13
94500014,SP98,2026-05-28,2026-05-31
94500015,E10,2023-03-14,
94500015,E85,2023-03-02,
94500015,GPLc,2023-03-02,
94500015,SP95,2023-03-02,
94512001,SP95,2010-04-14,
94515001,E10,2012-08-30,
94515001,E85,2011-09-15,
94515001,GPLc,2011-09-15,
94515001,Gazole,2012-08-30,
94515001,SP95,2011-09-15,
94537001,SP95,2011-02-04,
94537002,E10,2026-04-03,2026-04-09
94537002,E10,2026-05-12,2026-05-13
94537002,E10,2026-05-18,2026-05-19
94537002,E10,2026-05-28,2026-05-29
94537002,E10,2026-06-01,2026-06-01
94537002,E10,2026-07-16,2026-07-16
94537002,E10,2026-08-03,2026-08-04
94537002,E10,2026-08-27,2026-08-27
94537002,E10,2026-09-02,2026-09-05
94537002,E10,2026-09-14,2026-09-15
94537002,E10,2026-09-17,
94537002,E85,2026-04-29,2026-05-05
94537002,E85,2026-05-19,2026-05-21
94537002,E85,2026-05-28,2026-06-01
94537002,GPLc,2022-12-20,
94537002,Gazole,2026-04-03,2026-04-09
94537002,SP95,2022-10-31,
94537002,SP98,2026-04-01,2026-04-02
94537002,SP98,2026-04-03,2026-04-09
94537002,SP98,2026-04-29,2026-05-05
94537002,SP98,2026-05-05,2026-05-05
94537002,SP98,2026-05-12,2026-05-13
94537002,SP98,2026-05-15,2026-05-19
94537002,SP98,2026-05-28,2026-06-01
94537002,SP98,2026-06-03,2026-06-09
94537002,SP98,2026-07-15,2026-07-16
94537002,SP98,2026-07-18,2026-07-23
94537002,SP98,2026-07-31,2026-09-02
94537002,SP98,2026-09-05,2026-09-09
94537002,SP98,2026-09-14,2026-09-15
94537002,SP98,2026-09-17,
94542002,E85,2009-12-01,
94542002,SP95,2011-09-15,
94542003,SP95,2022-10-26,
94550001,SP95,2009-11-20,
94550001,SP98,2025-10-18,2025-10-20
94550002,E10,2025-01-18,2025-01-20
94550002,E10,2025-02-10,2025-03-31
94550002,E10,2025-05-02,2025-05-02
94550002,E10,2025-05-12,2025-06-11
94550002,E10,2025-06-16,2025-06-16
94550002,E10,2025-06-30,2025-06-30
94550002,E10,2025-07-07,2025-07-18
94550002,E10,2025-11-10,2025-11-13
94550002,E10,2025-12-08,2025-12-11
94550002,E10,2026-01-06,2026-01-09
94550002,E10,2026-03-23,2026-03-23
94550002,E10,2026-04-01,2026-04-04
94550002,E10,2026-04-05,2026-04-08
94550002,E10,2026-04-09,2026-04-10
94550002,E10,2026-04-13,2026-04-14
94550002,E10,2026-05-04,2026-05-05
94550002,E10,2026-05-09,2026-05-12
94550002,E10,2026-05-14,2026-05-19
94550002,E10,2026-05-22,2026-05-22
94550002,E10,2026-05-24,2026-05-27
94550002,E10,2026-05-28,2026-05-28
94550002,E10,2026-06-15,2026-06-15
94550002,E10,2026-06-21,2026-06-22
94550002,E10,2026-07-12,2026-07-14
94550002,E10,2026-07-17,2026-07-21
94550002,E10,2026-08-10,2026-08-17
94550002,E10,2026-08-23,2026-08-24
94550002,E10,2026-08-28,2026-09-03
94550002,E10,2026-09-05,2026-09-08
94550002,E10,2026-09-09,2026-09-09
94550002,E10,2026-09-13,2026-09-15
94550002,E10,2026-09-17,2026-09-17
94550002,E85,2025-02-10,2025-03-31
94550002,E85,2025-10-14,2025-10-16
94550002,E85,2026-04-02,2026-04-08
94550002,E85,2026-05-11,2026-05-22
94550002,E85,2026-05-27,2026-05-29
94550002,E85,2026-06-01,2026-06-03
94550002,E85,2026-06-08,2026-06-12
94550002,E85,2026-07-14,2026-07-16
94550002,GPLc,2024-06-18,
94550002,Gazole,2025-01-06,2025-01-06
94550002,Gazole,2025-02-10,2025-03-31
94550002,Gazole,2026-04-02,2026-04-04
94550002,Gazole,2026-04-07,2026-04-08
94550002,SP95,2024-06-18,
94550002,SP98,2025-01-18,2025-01-20
94550002,SP98,2025-01-20,2025-01-21
94550002,SP98,2025-02-10,2025-03-31
94550002,SP98,2025-11-10,2025-11-13
94550002,SP98,2026-01-06,2026-01-09
94550002,SP98,2026-03-23,2026-03-23
94550002,SP98,2026-03-28,2026-03-31
94550002,SP98,2026-04-01,2026-04-10
94550002,SP98,2026-04-12,2026-04-14
94550002,SP98,2026-04-20,2026-04-23
94550002,SP98,2026-05-03,2026-05-05
94550002,SP98,2026-05-08,2026-05-11
94550002,SP98,2026-05-11,2026-05-12
94550002,SP98,2026-05-13,2026-05-19
94550002,SP98,2026-05-22,2026-05-22
94550002,SP98,2026-05-24,2026-05-29
94550002,SP98,2026-06-14,2026-06-15
94550002,SP98,2026-06-21,2026-06-22
94550002,SP98,2026-06-23,2026-06-25
94550002,SP98,2026-07-03,2026-07-06
94550002,SP98,2026-07-10,2026-07-14
94550002,SP98,2026-07-14,2026-07-21
94550002,SP98,2026-08-04,2026-08-23
94550002,SP98,2026-08-23,2026-09-02
94550002,SP98,2026-09-03,2026-09-04
94550002,SP98,2026-09-05,2026-09-08
94550002,SP98,2026-09-08,2026-09-09
94550002,SP98,2026-09-11,2026-09-12
94550002,SP98,2026-09-12,2026-09-15
94550002,SP98,2026-09-15,2026-09-16
94588001,E85,2011-09-10,
94588001,GPLc,2011-08-10,
94588001,SP95,2009-11-01,
94594001,SP98,2013-07-09,
94594001,SP98,2016-07-20,
94594002,E10,2026-04-02,2026-04-07
94594002,E10,2026-04-07,2026-04-08
94594002,E10,2026-04-08,2026-04-09
94594002,E10,2026-09-01,2026-09-01
94594002,E10,2026-09-08,2026-09-09
94594002,E85,2022-10-21,
94594002,GPLc,2022-10-21,
94594002,Gazole,2026-04-02,2026-04-07
94594002,Gazole,2026-04-07,2026-04-08
94594002,Gazole,2026-04-08,2026-04-09
94594002,Gazole,2026-09-01,2026-09-01
94594002,Gazole,2026-09-08,2026-09-09
94594002,SP95,2022-10-21,
94594002,SP98,2026-04-02,2026-04-07
94594002,SP98,2026-04-07,2026-04-08
94594002,SP98,2026-04-08,2026-04-09
94594002,SP98,2026-09-01,2026-09-01
94594002,SP98,2026-09-08,2026-09-09
94594003,E10,2026-03-23,
94594003,SP95,2026-03-24,
94600001,E85,2011-11-24,
94600001,GPLc,2011-11-24,
94600001,SP95,2013-06-12,
94600003,E85,2024-10-30,
94600003,GPLc,2024-10-30,
94600003,SP95,2009-11-04,
94600004,E10,2009-04-17,
94600004,SP95,2009-04-17,
94600005,E10,2026-03-20,2026-03-21
94600005,E10,2026-04-06,2026-04-07
94600005,E10,2026-05-04,2026-05-05
94600005,E10,2026-06-22,2026-06-22
94600005,E10,2026-07-04,2026-07-06
94600005,E85,2024-03-11,
94600005,GPLc,2024-03-11,
94600005,Gazole,2026-03-20,2026-03-21
94600005,Gazole,2026-04-02,2026-04-03
94600005,Gazole,2026-04-04,2026-04-07
94600005,Gazole,2026-04-24,2026-04-24
94600005,Gazole,2026-06-22,2026-06-22
94600005,Gazole,2026-07-04,2026-07-06
94600005,Gazole,2026-08-13,2026-08-14
94600005,SP95,2026-04-06,2026-04-07
94600005,SP95,2026-05-04,2026-05-05
94600005,SP95,2026-06-22,2026-06-22
94600005,SP95,2026-07-04,2026-07-06
94600005,SP98,2026-04-04,2026-04-07
94600005,SP98,2026-05-04,2026-05-05
94600005,SP98,2026-06-22,2026-06-22
94600005,SP98,2026-07-04,2026-07-06
94600006,Gazole,2013-07-01,
94600006,SP95,2013-07-01,
94600007,E10,2026-03-23,2026-03-23
94600007,E10,2026-03-26,2026-04-01
94600007,E10,2026-04-01,2026-06-03
94600007,E10,2026-07-10,2026-07-15
94600007,E10,2026-07-20,2026-07-21
94600007,E10,2026-07-25,2026-07-29
94600007,E10,2026-08-01,2026-08-05
94600007,E10,2026-08-31,2026-09-11
94600007,E10,2026-09-15,2026-09-15
94600007,E85,2022-10-07,
94600007,GPLc,2022-10-07,
94600007,Gazole,2026-04-01,2026-04-08
94600007,Gazole,2026-07-15,2026-07-15
94600007,Gazole,2026-08-31,2026-09-07
94600007,SP95,2022-10-07,
94600007,SP98,2022-10-07,
94600009,E10,2026-04-08,2026-04-10
94600009,E10,2026-04-15,2026-04-22
94600009,E10,2026-05-09,
94600009,Gazole,2026-04-08,2026-04-10
94600009,Gazole,2026-04-14,2026-04-22
94600009,SP95,2026-05-05,2026-05-09
94651001,E85,2010-02-09,
94651001,SP95,2009-04-17,
94651002,GPLc,2024-11-20,2025-04-15
94651002,SP95,2025-10-06,2025-10-08
94700001,SP95,2009-04-06,
94700004,GPLc,2013-04-18,
94700004,SP95,2009-10-06,
94700005,E10,2025-09-13,2025-09-13
94700005,E10,2025-09-18,2025-09-18
94700005,SP95,2009-11-17,
94700005,SP98,2025-11-02,2025-11-03
94700007,GPLc,2022-03-07,
94700007,SP95,2018-01-10,
94700008,E10,2025-01-06,2025-01-06
94700008,E10,2025-01-12,2025-01-13
94700008,E10,2025-01-18,2025-01-20
94700008,E10,2025-01-26,2025-01-27
94700008,E10,2025-02-10,2025-02-11
94700008,E10,2025-02-17,2025-02-17
94700008,E10,2025-03-12,2025-03-13
94700008,E10,2025-03-17,2025-03-18
94700008,E10,2025-03-30,2025-03-31
94700008,E10,2025-05-26,2025-05-28
94700008,E10,2025-06-02,2025-06-03
94700008,E10,2025-06-08,2025-06-10
94700008,E10,2025-07-07,2025-07-08
94700008,E10,2025-07-15,2025-07-16
94700008,E10,2025-07-21,2025-07-21
94700008,E10,2025-09-10,2025-09-10
94700008,E10,2025-10-05,2025-10-06
94700008,E10,2025-10-27,2025-10-29
94700008,E10,2025-11-04,2025-11-07
94700008,E10,2025-11-13,2025-11-13
94700008,E10,2025-11-18,2025-11-18
94700008,E10,2025-11-25,2025-11-25
94700008,E10,2025-11-30,2025-12-01
94700008,E10,2025-12-08,2025-12-08
94700008,E10,2026-01-05,2026-01-09
94700008,E10,2026-02-21,2026-02-24
94700008,E10,2026-04-02,2026-04-07
94700008,E10,2026-04-10,2026-04-13
94700008,E10,2026-04-13,2026-04-16
94700008,E10,2026-04-17,2026-04-17
94700008,E10,2026-05-06,2026-05-06
94700008,E10,2026-05-07,2026-05-11
94700008,E10,2026-05-13,2026-05-16
94700008,E10,2026-05-27,2026-05-27
94700008,E10,2026-06-21,2026-06-22
94700008,E10,2026-07-14,2026-07-16
94700008,E10,2026-07-16,2026-07-22
94700008,E10,2026-07-26,2026-07-30
94700008,E10,2026-08-24,2026-08-27
94700008,E10,2026-09-09,2026-09-09
94700008,E10,2026-09-12,2026-09-12
94700008,E10,2026-09-13,2026-09-14
94700008,E10,2026-09-15,2026-09-17
94700008,E10,2026-09-17,
94700008,E85,2025-01-05,2025-01-06
94700008,E85,2025-01-06,2025-01-06
94700008,E85,2025-01-12,2025-01-13
94700008,E85,2025-01-17,2025-01-20
94700008,E85,2025-02-10,2025-02-11
94700008,E85,2025-02-13,2025-02-13
94700008,E85,2025-03-12,2025-03-13
94700008,E85,2025-03-17,2025-03-18
94700008,E85,2025-04-09,2025-05-12
94700008,E85,2025-05-19,2025-05-26
94700008,E85,2025-05-31,2025-05-31
94700008,E85,2025-06-10,2025-06-10
94700008,E85,2025-06-19,2025-06-20
94700008,E85,2025-06-30,2025-10-06
94700008,E85,2026-02-20,2026-02-27
94700008,E85,2026-04-03,2026-04-08
94700008,E85,2026-04-11,2026-04-13
94700008,E85,2026-04-13,2026-04-13
94700008,E85,2026-05-18,2026-05-19
94700008,E85,2026-05-27,2026-05-28
94700008,E85,2026-05-31,2026-06-01
94700008,E85,2026-09-17,2026-09-17
94700008,GPLc,2023-04-25,
94700008,Gazole,2025-03-13,2025-03-13
94700008,Gazole,2025-03-17,2025-03-18
94700008,Gazole,2025-06-02,2025-06-03
94700008,Gazole,2025-06-04,2025-06-04
94700008,Gazole,2025-06-10,2025-06-10
94700008,Gazole,2026-01-06,2026-01-09
94700008,Gazole,2026-03-31,2026-04-01
94700008,Gazole,2026-04-03,2026-04-07
94700008,Gazole,2026-04-10,2026-04-13
94700008,Gazole,2026-04-13,2026-04-13
94700008,Gazole,2026-09-17,2026-09-17
94700008,SP95,2023-04-25,
94700008,SP98,2025-01-13,2025-01-13
94700008,SP98,2025-01-19,2025-01-22
94700008,SP98,2025-01-26,2025-01-27
94700008,SP98,2025-02-17,2025-02-17
94700008,SP98,2025-02-23,2025-02-24
94700008,SP98,2025-03-12,2025-03-13
94700008,SP98,2025-03-18,2025-03-18
94700008,SP98,2025-05-12,2025-05-14
94700008,SP98,2025-06-02,2025-06-03
94700008,SP98,2025-06-09,2025-06-10
94700008,SP98,2025-06-25,2025-06-26
94700008,SP98,2025-07-15,2025-07-16
94700008,SP98,2025-09-10,2025-09-10
94700008,SP98,2025-10-06,2025-10-06
94700008,SP98,2025-11-12,2025-11-13
94700008,SP98,2025-11-13,2025-11-13
94700008,SP98,2025-11-18,2025-11-18
94700008,SP98,2025-12-08,2025-12-08
94700008,SP98,2026-01-05,2026-01-09
94700008,SP98,2026-02-21,2026-02-24
94700008,SP98,2026-03-31,2026-04-01
94700008,SP98,2026-04-02,2026-04-07
94700008,SP98,2026-04-10,2026-04-16
94700008,SP98,2026-04-17,2026-04-17
94700008,SP98,2026-04-25,2026-04-29
94700008,SP98,2026-05-01,2026-05-11
94700008,SP98,2026-05-11,2026-05-12
94700008,SP98,2026-05-13,2026-05-18
94700008,SP98,2026-05-18,2026-05-19
94700008,SP98,2026-05-26,2026-06-01
94700008,SP98,2026-06-04,2026-06-08
94700008,SP98,2026-06-16,2026-06-18
94700008,SP98,2026-06-21,2026-06-22
94700008,SP98,2026-06-28,2026-07-01
94700008,SP98,2026-07-10,2026-07-10
94700008,SP98,2026-07-13,2026-07-16
94700008,SP98,2026-07-16,2026-07-22
94700008,SP98,2026-07-26,2026-07-30
94700008,SP98,2026-08-12,2026-08-21
94700008,SP98,2026-08-24,2026-09-10
94700008,SP98,2026-09-12,2026-09-14
94700008,SP98,2026-09-15,
94700010,GPLc,2023-04-22,
94700010,SP95,2023-04-22,
94700010,SP98,2023-04-22,
94800001,E85,2009-04-18,
94800001,GPLc,2011-03-14,
94800001,SP95,2009-04-07,
94800002,E85,2013-12-04,
94800002,GPLc,2013-12-04,
94800002,SP95,2011-01-16,
94800004,Gazole,2010-04-29,
94800004,SP95,2010-01-26,
94800006,E10,2009-04-17,
94800006,SP95,2009-04-17,
94800007,E10,2026-04-02,2026-04-03
94800007,E10,2026-04-07,2026-04-09
94800007,E10,2026-04-23,2026-04-23
94800007,E10,2026-05-02,2026-05-05
94800007,E10,2026-05-10,2026-05-12
94800007,E10,2026-05-25,2026-05-28
94800007,E10,2026-06-01,2026-06-02
94800007,E10,2026-06-16,2026-06-18
94800007,E10,2026-07-19,2026-07-22
94800007,E10,2026-07-26,2026-07-27
94800007,E10,2026-09-14,2026-09-15
94800007,E85,2026-04-07,2026-04-09
94800007,E85,2026-05-05,2026-05-06
94800007,E85,2026-05-12,2026-05-13
94800007,E85,2026-05-17,2026-05-19
94800007,E85,2026-05-25,2026-06-02
94800007,GPLc,2022-11-23,
94800007,Gazole,2026-04-07,2026-04-09
94800007,SP95,2022-11-23,
94800007,SP98,2026-04-02,2026-04-03
94800007,SP98,2026-04-07,2026-04-09
94800007,SP98,2026-04-23,2026-04-23
94800007,SP98,2026-05-02,2026-05-06
94800007,SP98,2026-05-09,2026-05-19
94800007,SP98,2026-05-25,2026-06-02
94800007,SP98,2026-07-17,2026-07-22
94800007,SP98,2026-07-26,2026-07-27
94800007,SP98,2026-07-31,2026-08-14
94800007,SP98,2026-09-11,2026-09-15
94800008,E10,2026-04-05,2026-04-07
94800008,E10,2026-05-25,2026-05-26
94800008,E10,2026-06-01,2026-06-02
94800008,E10,2026-07-01,2026-07-01
94800008,E10,2026-07-12,2026-07-17
94800008,E10,2026-08-31,2026-09-01
94800008,E10,2026-09-07,2026-09-08
94800008,E85,2026-04-06,2026-04-08
94800008,E85,2026-05-11,2026-05-20
94800008,E85,2026-05-23,2026-05-29
94800008,E85,2026-06-01,2026-06-02
94800008,GPLc,2022-10-24,
94800008,Gazole,2026-04-02,2026-04-06
94800008,Gazole,2026-04-06,2026-04-07
94800008,SP95,2022-10-24,
94800008,SP98,2026-03-30,2026-03-30
94800008,SP98,2026-04-01,2026-04-02
94800008,SP98,2026-04-03,2026-04-10
94800008,SP98,2026-04-26,2026-04-28
94800008,SP98,2026-04-28,2026-04-29
94800008,SP98,2026-05-05,2026-05-06
94800008,SP98,2026-05-06,2026-05-09
94800008,SP98,2026-05-09,2026-05-12
94800008,SP98,2026-05-13,2026-05-19
94800008,SP98,2026-05-23,2026-05-29
94800008,SP98,2026-05-29,2026-06-02
94800008,SP98,2026-07-01,2026-07-01
94800008,SP98,2026-07-11,2026-07-17
94800008,SP98,2026-07-17,2026-07-21
94800008,SP98,2026-07-31,2026-08-13
94800008,SP98,2026-08-19,2026-09-01
94800008,SP98,2026-09-03,2026-09-04
94800008,SP98,2026-09-05,2026-09-08
94800008,SP98,2026-09-09,2026-09-10
94800008,SP98,2026-09-13,2026-09-15
96600001,E10,2009-12-11,
96600001,Gazole,2009-12-21,
